stateId,stateName,cityId,cityName,localityId,localityName,areaId,areaName,pincode
mh,Maharashtra,navimumbai,Navi Mumbai,cbd-belapur,CBD Belapur,cbd-belapur-sector-11-400614,Sector 11,400614
mh,Maharashtra,navimumbai,Navi Mumbai,cbd-belapur,CBD Belapur,cbd-belapur-sector-14-400614,Sector 14,400614
mh,Maharashtra,navimumbai,Navi Mumbai,cbd-belapur,CBD Belapur,cbd-belapur-sector-20-400614,Sector 20,400614
mh,Maharashtra,navimumbai,Navi Mumbai,cbd-belapur,CBD Belapur,cbd-belapur-sector-15-400614,Sector 15,400614
mh,Maharashtra,navimumbai,Navi Mumbai,cbd-belapur,CBD Belapur,cbd-belapur-sector-29-400614,Sector 29,400614
mh,Maharashtra,navimumbai,Navi Mumbai,cbd-belapur,CBD Belapur,cbd-belapur-sector-26-400614,Sector 26,400614
mh,Maharashtra,navimumbai,Navi Mumbai,cbd-belapur,CBD Belapur,cbd-belapur-sector-19-400614,Sector 19,400614
mh,Maharashtra,navimumbai,Navi Mumbai,cbd-belapur,CBD Belapur,cbd-belapur-sector-8-400614,Sector 8,400614
mh,Maharashtra,navimumbai,Navi Mumbai,cbd-belapur,CBD Belapur,cbd-belapur-sector-6-400614,Sector 6,400614
mh,Maharashtra,navimumbai,Navi Mumbai,cbd-belapur,CBD Belapur,cbd-belapur-cbd-belapur-400614,CBD Belapur,400614
mh,Maharashtra,navimumbai,Navi Mumbai,cbd-belapur,CBD Belapur,cbd-belapur-sector-12-400614,Sector 12,400614
mh,Maharashtra,navimumbai,Navi Mumbai,cbd-belapur,CBD Belapur,cbd-belapur-sector-1-400614,Sector 1,400614
mh,Maharashtra,navimumbai,Navi Mumbai,cbd-belapur,CBD Belapur,cbd-belapur-sector-5-400614,Sector 5,400614
mh,Maharashtra,navimumbai,Navi Mumbai,cbd-belapur,CBD Belapur,cbd-belapur-sector-13-400614,Sector 13,400614
mh,Maharashtra,navimumbai,Navi Mumbai,cbd-belapur,CBD Belapur,cbd-belapur-sector-4-400614,Sector 4,400614
mh,Maharashtra,navimumbai,Navi Mumbai,cbd-belapur,CBD Belapur,cbd-belapur-sector-2-400614,Sector 2,400614
mh,Maharashtra,navimumbai,Navi Mumbai,cbd-belapur,CBD Belapur,cbd-belapur-sector-1a-400614,Sector 1A,400614
mh,Maharashtra,navimumbai,Navi Mumbai,cbd-belapur,CBD Belapur,cbd-belapur-belpada-400614,Belpada,400614
mh,Maharashtra,navimumbai,Navi Mumbai,cbd-belapur,CBD Belapur,cbd-belapur-sector-20-400614-2,Sector:-20,400614
mh,Maharashtra,navimumbai,Navi Mumbai,cbd-belapur,CBD Belapur,cbd-belapur-sector-10-400614,Sector 10,400614
mh,Maharashtra,navimumbai,Navi Mumbai,cbd-belapur,CBD Belapur,cbd-belapur-sector-02-400614,Sector-02,400614
mh,Maharashtra,navimumbai,Navi Mumbai,cbd-belapur,CBD Belapur,cbd-belapur-sector-8b-400614,Sector 8B,400614
mh,Maharashtra,navimumbai,Navi Mumbai,cbd-belapur,CBD Belapur,cbd-belapur-sector-21-400614,Sector 21,400614
mh,Maharashtra,navimumbai,Navi Mumbai,cbd-belapur,CBD Belapur,cbd-belapur-sector-3-400614,Sector 3,400614
mh,Maharashtra,navimumbai,Navi Mumbai,cbd-belapur,CBD Belapur,cbd-belapur-sector-30-400614,Sector 30,400614
mh,Maharashtra,navimumbai,Navi Mumbai,cbd-belapur,CBD Belapur,cbd-belapur-sector-15-410206,Sector 15,410206
mh,Maharashtra,navimumbai,Navi Mumbai,cbd-belapur,CBD Belapur,cbd-belapur-karanjade-400614,Karanjade,400614
mh,Maharashtra,navimumbai,Navi Mumbai,cbd-belapur,CBD Belapur,cbd-belapur-sector-8a-400614,Sector 8A,400614
mh,Maharashtra,navimumbai,Navi Mumbai,cbd-belapur,CBD Belapur,cbd-belapur-03sector-4-400614,03SECTOR -4,400614
mh,Maharashtra,navimumbai,Navi Mumbai,cbd-belapur,CBD Belapur,cbd-belapur-cbd-400614,CBD,400614
mh,Maharashtra,navimumbai,Navi Mumbai,cbd-belapur,CBD Belapur,cbd-belapur-sector-3a-400614,Sector 3A,400614
mh,Maharashtra,navimumbai,Navi Mumbai,cbd-belapur,CBD Belapur,cbd-belapur-sector-23-400706,Sector 23,400706
mh,Maharashtra,navimumbai,Navi Mumbai,cbd-belapur,CBD Belapur,cbd-belapur-sector-no-11-400614,Sector No.11,400614
mh,Maharashtra,navimumbai,Navi Mumbai,cbd-belapur,CBD Belapur,cbd-belapur-sector-23-400614,Sector 23,400614
mh,Maharashtra,navimumbai,Navi Mumbai,cbd-belapur,CBD Belapur,cbd-belapur-sector-9n-400614,Sector 9N,400614
mh,Maharashtra,navimumbai,Navi Mumbai,cbd-belapur,CBD Belapur,cbd-belapur-new-panvel-410206,New Panvel,410206
mh,Maharashtra,navimumbai,Navi Mumbai,cbd-belapur,CBD Belapur,cbd-belapur-sector-no-15-400614,Sector No. 15,400614
mh,Maharashtra,navimumbai,Navi Mumbai,cbd-belapur,CBD Belapur,cbd-belapur-sector-9-400614,Sector 9,400614
mh,Maharashtra,navimumbai,Navi Mumbai,cbd-belapur,CBD Belapur,cbd-belapur-sector-08-400614,Sector 08,400614
mh,महाराष्ट्र,navimumbai,Navi Mumbai,cbd-belapur,CBD Belapur,cbd-belapur-15-400614,सेक्टर 15,400614
mh,Maharashtra,navimumbai,Navi Mumbai,cbd-belapur,CBD Belapur,cbd-belapur-mermade-2-400614,mermade 2,400614
mh,Maharashtra,navimumbai,Navi Mumbai,cbd-belapur,CBD Belapur,cbd-belapur-kot-naka-400614,Kot naka,400614
mh,Maharashtra,navimumbai,Navi Mumbai,cbd-belapur,CBD Belapur,cbd-belapur-sector-24-410206,Sector 24,410206
mh,Maharashtra,navimumbai,Navi Mumbai,cbd-belapur,CBD Belapur,cbd-belapur-sector-24-400614,Sector 24,400614
mh,Maharashtra,navimumbai,Navi Mumbai,cbd-belapur,CBD Belapur,cbd-belapur-sect-400614,Sect,400614
mh,Maharashtra,navimumbai,Navi Mumbai,cbd-belapur,CBD Belapur,cbd-belapur-sector-no-11-400614-2,Sector no - 11,400614
mh,महाराष्ट्र,navimumbai,Navi Mumbai,cbd-belapur,CBD Belapur,cbd-belapur-20-400614,सेक्टर 20,400614
mh,Maharashtra,navimumbai,Navi Mumbai,cbd-belapur,CBD Belapur,cbd-belapur-sec-08-400614,sec 08,400614
mh,Maharashtra,navimumbai,Navi Mumbai,cbd-belapur,CBD Belapur,cbd-belapur-node-v-400614,Node V,400614
mh,Maharashtra,navimumbai,Navi Mumbai,cbd-belapur,CBD Belapur,cbd-belapur-sector-7-400614,Sector 7,400614
mh,Maharashtra,navimumbai,Navi Mumbai,cbd-belapur,CBD Belapur,cbd-belapur-sector-22-400614,Sector 22,400614
mh,Maharashtra,navimumbai,Navi Mumbai,cbd-belapur,CBD Belapur,cbd-belapur-sector-no-8-400614,Sector No. 8,400614
mh,Maharashtra,navimumbai,Navi Mumbai,cbd-belapur,CBD Belapur,cbd-belapur-c-b-d-400614,C.B.D,400614
mh,Maharashtra,navimumbai,Navi Mumbai,cbd-belapur,CBD Belapur,cbd-belapur-sector-15-400706,Sector 15,400706
mh,Maharashtra,navimumbai,Navi Mumbai,cbd-belapur,CBD Belapur,cbd-belapur-sector-11-400614-2,SECTOR:11,400614
mh,Maharashtra,navimumbai,Navi Mumbai,cbd-belapur,CBD Belapur,cbd-belapur-phanspada-400614,Phanspada,400614
mh,Maharashtra,navimumbai,Navi Mumbai,cbd-belapur,CBD Belapur,cbd-belapur-phanaspada-400614,Phanaspada,400614
mh,Maharashtra,navimumbai,Navi Mumbai,cbd-belapur,CBD Belapur,cbd-belapur-sector-4cbd-400614,Sector 4CBD,400614
mh,Maharashtra,navimumbai,Navi Mumbai,cbd-belapur,CBD Belapur,cbd-belapur-sector-04-400614,Sector 04,400614
mh,Maharashtra,navimumbai,Navi Mumbai,cbd-belapur,CBD Belapur,cbd-belapur-shahabaz-400614,Shahabaz,400614
mh,Maharashtra,navimumbai,Navi Mumbai,cbd-belapur,CBD Belapur,cbd-belapur-sector-28-400614,Sector 28,400614
mh,Maharashtra,navimumbai,Navi Mumbai,cbd-belapur,CBD Belapur,cbd-belapur-sector-50-400706,Sector 50,400706
mh,Maharashtra,navimumbai,Navi Mumbai,cbd-belapur,CBD Belapur,cbd-belapur-junction-400706,junction,400706
mh,Maharashtra,navimumbai,Navi Mumbai,cbd-belapur,CBD Belapur,cbd-belapur-swami-vivekanand-nagar-400614,Swami Vivekanand Nagar,400614
mh,Maharashtra,navimumbai,Navi Mumbai,cbd-belapur,CBD Belapur,cbd-belapur-talode-400614,talode,400614
mh,Maharashtra,navimumbai,Navi Mumbai,cbd-belapur,CBD Belapur,cbd-belapur-sector-03-market-400614,Sector - 03 Market,400614
mh,Maharashtra,navimumbai,Navi Mumbai,cbd-belapur,CBD Belapur,cbd-belapur-sector-27-400614,Sector 27,400614
mh,महाराष्ट्र,navimumbai,Navi Mumbai,cbd-belapur,CBD Belapur,cbd-belapur-1a-400614,सेक्टर 1A,400614
mh,Maharashtra,navimumbai,Navi Mumbai,cbd-belapur,CBD Belapur,cbd-belapur-corporation-400614,Corporation,400614
mh,Maharashtra,navimumbai,Navi Mumbai,cbd-belapur,CBD Belapur,cbd-belapur-b-400614,B,400614
mh,Maharashtra,navimumbai,Navi Mumbai,cbd-belapur,CBD Belapur,cbd-belapur-koliwada-400614,Koliwada,400614
mh,Maharashtra,navimumbai,Navi Mumbai,cbd-belapur,CBD Belapur,cbd-belapur-sector-15-400614-2,Sector: 15,400614
mh,Maharashtra,navimumbai,Navi Mumbai,cbd-belapur,CBD Belapur,cbd-belapur-itc-park-400614,ITC Park,400614
mh,Maharashtra,navimumbai,Navi Mumbai,cbd-belapur,CBD Belapur,cbd-belapur-gaon-400614,Gaon,400614
mh,Maharashtra,navimumbai,Navi Mumbai,cbd-belapur,CBD Belapur,cbd-belapur-sector-06-400614,sector 06,400614
mh,Maharashtra,navimumbai,Navi Mumbai,cbd-belapur,CBD Belapur,cbd-belapur-new-panvel-400614,New Panvel,400614
mh,Maharashtra,navimumbai,Navi Mumbai,cbd-belapur,CBD Belapur,cbd-belapur-old-panvel-400614,Old Panvel,400614
mh,Maharashtra,navimumbai,Navi Mumbai,cbd-belapur,CBD Belapur,cbd-belapur-a-400614,A,400614
mh,Maharashtra,navimumbai,Navi Mumbai,cbd-belapur,CBD Belapur,cbd-belapur-sector-08-400614-2,sector -08,400614
mh,Maharashtra,navimumbai,Navi Mumbai,cbd-belapur,CBD Belapur,cbd-belapur-sector-no-11-400614-3,Sector no 11,400614
mh,Maharashtra,navimumbai,Navi Mumbai,cbd-belapur,CBD Belapur,cbd-belapur-sector-11-400706,Sector 11,400706
mh,Maharashtra,navimumbai,Navi Mumbai,cbd-belapur,CBD Belapur,cbd-belapur-sector-25-400706,Sector 25,400706
mh,Maharashtra,navimumbai,Navi Mumbai,cbd-belapur,CBD Belapur,cbd-belapur-sector-4-410206,Sector 4,410206
mh,Maharashtra,navimumbai,Navi Mumbai,cbd-belapur,CBD Belapur,cbd-belapur-sector-21-400706,Sector 21,400706
mh,Maharashtra,navimumbai,Navi Mumbai,cbd-belapur,CBD Belapur,cbd-belapur-sector-25-400614,Sector 25,400614
mh,Maharashtra,navimumbai,Navi Mumbai,cbd-belapur,CBD Belapur,cbd-belapur-sector-05-400614,Sector 05,400614
mh,Maharashtra,navimumbai,Navi Mumbai,cbd-belapur,CBD Belapur,cbd-belapur-sector-no-11-400614-4,Sector No.- 11,400614
mh,Maharashtra,navimumbai,Navi Mumbai,cbd-belapur,CBD Belapur,cbd-belapur-sector-11-400614-3,Sector - 11,400614
mh,Maharashtra,navimumbai,Navi Mumbai,cbd-belapur,CBD Belapur,cbd-belapur-plot-400614,plot,400614
mh,Maharashtra,navimumbai,Navi Mumbai,cbd-belapur,CBD Belapur,cbd-belapur-forest-area-400614,Forest Area,400614
mh,Maharashtra,navimumbai,Navi Mumbai,cbd-belapur,CBD Belapur,cbd-belapur-mukund-nagar-400614,Mukund Nagar,400614
mh,Maharashtra,navimumbai,Navi Mumbai,cbd-belapur,CBD Belapur,cbd-belapur-sector-01-400614,sector-01,400614
mh,Maharashtra,navimumbai,Navi Mumbai,cbd-belapur,CBD Belapur,cbd-belapur-400614,,400614
mh,Maharashtra,navimumbai,Navi Mumbai,cbd-belapur,CBD Belapur,cbd-belapur-sector-1-a-400614,sector 1 A,400614
mh,Maharashtra,navimumbai,Navi Mumbai,cbd-belapur,CBD Belapur,cbd-belapur-shahabaj-gaon-400614,Shahabaj gaon,400614
mh,Maharashtra,navimumbai,Navi Mumbai,cbd-belapur,CBD Belapur,cbd-belapur-cgs-colony-400614,CGS Colony,400614
mh,महाराष्ट्र,navimumbai,Navi Mumbai,cbd-belapur,CBD Belapur,cbd-belapur-11-400614,सेक्टर 11,400614
mh,Maharashtra,navimumbai,Navi Mumbai,cbd-belapur,CBD Belapur,cbd-belapur-sector-no-11-400614-5,Sector No. 11,400614
mh,Maharashtra,navimumbai,Navi Mumbai,cbd-belapur,CBD Belapur,cbd-belapur-sector-15a-400706,Sector 15A,400706
mh,Maharashtra,navimumbai,Navi Mumbai,cbd-belapur,CBD Belapur,cbd-belapur-new-panvel-e-400614,new panvel e,400614
mh,Maharashtra,navimumbai,Navi Mumbai,cbd-belapur,CBD Belapur,cbd-belapur-sect-27-400614,Sect 27,400614
mh,Maharashtra,navimumbai,Navi Mumbai,cbd-belapur,CBD Belapur,cbd-belapur-sector-20-400706,Sector 20,400706
mh,Maharashtra,navimumbai,Navi Mumbai,cbd-belapur,CBD Belapur,cbd-belapur-shahbaz-400614,Shahbaz,400614
mh,Maharashtra,navimumbai,Navi Mumbai,cbd-belapur,CBD Belapur,cbd-belapur-road-400614,Road,400614
mh,Maharashtra,navimumbai,Navi Mumbai,cbd-belapur,CBD Belapur,cbd-belapur-sector-32-400614,Sector 32,400614
mh,Maharashtra,navimumbai,Navi Mumbai,cbd-belapur,CBD Belapur,cbd-belapur-22jw-qcx-400614,22JW+QCX,400614
mh,Maharashtra,navimumbai,Navi Mumbai,cbd-belapur,CBD Belapur,cbd-belapur-gaw-400614,gaw,400614
mh,Maharashtra,navimumbai,Navi Mumbai,cbd-belapur,CBD Belapur,cbd-belapur-east-400614,East,400614
mh,Maharashtra,navimumbai,Navi Mumbai,cbd-belapur,CBD Belapur,cbd-belapur-compound-400614,Compound,400614
mh,Maharashtra,navimumbai,Navi Mumbai,cbd-belapur,CBD Belapur,cbd-belapur-sector01-400614,Sector01,400614
mh,Maharashtra,navimumbai,Navi Mumbai,nerul,Nerul,nerul-sector-10-400706,Sector 10,400706
mh,Maharashtra,navimumbai,Navi Mumbai,nerul,Nerul,nerul-nerul-west-400706,Nerul West,400706
mh,Maharashtra,navimumbai,Navi Mumbai,nerul,Nerul,nerul-sector-20-400706,Sector 20,400706
mh,Maharashtra,navimumbai,Navi Mumbai,nerul,Nerul,nerul-sector-15-400706,Sector 15,400706
mh,Maharashtra,navimumbai,Navi Mumbai,nerul,Nerul,nerul-sector-28-400706,Sector 28,400706
mh,Maharashtra,navimumbai,Navi Mumbai,nerul,Nerul,nerul-sector-3-400706,Sector 3,400706
mh,Maharashtra,navimumbai,Navi Mumbai,nerul,Nerul,nerul-sector-2-400706,Sector 2,400706
mh,Maharashtra,navimumbai,Navi Mumbai,nerul,Nerul,nerul-sector-6-400706,Sector 6,400706
mh,Maharashtra,navimumbai,Navi Mumbai,nerul,Nerul,nerul-shiravane-400706,Shiravane,400706
mh,Maharashtra,navimumbai,Navi Mumbai,nerul,Nerul,nerul-sector-14-400706,Sector 14,400706
mh,Maharashtra,navimumbai,Navi Mumbai,nerul,Nerul,nerul-sector-19a-400706,Sector 19A,400706
mh,Maharashtra,navimumbai,Navi Mumbai,nerul,Nerul,nerul-sector-25-400706,Sector 25,400706
mh,Maharashtra,navimumbai,Navi Mumbai,nerul,Nerul,nerul-dharava-400706,dharava,400706
mh,Maharashtra,navimumbai,Navi Mumbai,nerul,Nerul,nerul-east-400706,East,400706
mh,Maharashtra,navimumbai,Navi Mumbai,nerul,Nerul,nerul-sector-23-400706,Sector 23,400706
mh,Maharashtra,navimumbai,Navi Mumbai,nerul,Nerul,nerul-sector-22-400706,Sector 22,400706
mh,Maharashtra,navimumbai,Navi Mumbai,nerul,Nerul,nerul-sector-13-400706,Sector 13,400706
mh,Maharashtra,navimumbai,Navi Mumbai,nerul,Nerul,nerul-sector-21-400706,Sector 21,400706
mh,Maharashtra,navimumbai,Navi Mumbai,nerul,Nerul,nerul-sector-26-400706,Sector 26,400706
mh,Maharashtra,navimumbai,Navi Mumbai,nerul,Nerul,nerul-sec-23-400706,Sec 23,400706
mh,Maharashtra,navimumbai,Navi Mumbai,nerul,Nerul,nerul-sector-27-400706,Sector 27,400706
mh,Maharashtra,navimumbai,Navi Mumbai,nerul,Nerul,nerul-sector-16a-400706,Sector 16A,400706
mh,Maharashtra,navimumbai,Navi Mumbai,nerul,Nerul,nerul-west-400706,West,400706
mh,Maharashtra,navimumbai,Navi Mumbai,nerul,Nerul,nerul-sector-5-400706,Sector 5,400706
mh,Maharashtra,navimumbai,Navi Mumbai,nerul,Nerul,nerul-sector-9-400706,Sector 9,400706
mh,Maharashtra,navimumbai,Navi Mumbai,nerul,Nerul,nerul-sector-4-400706,Sector 4,400706
mh,Maharashtra,navimumbai,Navi Mumbai,nerul,Nerul,nerul-sector-17-400706,Sector 17,400706
mh,Maharashtra,navimumbai,Navi Mumbai,nerul,Nerul,nerul-sector-19-400706,Sector 19,400706
mh,Maharashtra,navimumbai,Navi Mumbai,nerul,Nerul,nerul-midc-400706,MIDC,400706
mh,Maharashtra,navimumbai,Navi Mumbai,nerul,Nerul,nerul-sector-42a-400706,Sector 42A,400706
mh,Maharashtra,navimumbai,Navi Mumbai,nerul,Nerul,nerul-sector-36-400706,Sector 36,400706
mh,Maharashtra,navimumbai,Navi Mumbai,nerul,Nerul,nerul-sector-11-400706,Sector 11,400706
mh,Maharashtra,navimumbai,Navi Mumbai,nerul,Nerul,nerul-sector-58a-400706,Sector 58A,400706
mh,Maharashtra,navimumbai,Navi Mumbai,nerul,Nerul,nerul-sector-40-400706,Sector 40,400706
mh,Maharashtra,navimumbai,Navi Mumbai,nerul,Nerul,nerul-nerul-400706,Nerul,400706
mh,Maharashtra,navimumbai,Navi Mumbai,nerul,Nerul,nerul-midc-industrial-area-400706,MIDC Industrial Area,400706
mh,Maharashtra,navimumbai,Navi Mumbai,nerul,Nerul,nerul-sector-7-400706,Sector 7,400706
mh,Maharashtra,navimumbai,Navi Mumbai,nerul,Nerul,nerul-sector-18a-400706,Sector 18A,400706
mh,Maharashtra,navimumbai,Navi Mumbai,nerul,Nerul,nerul-sector-8-400706,Sector 8,400706
mh,Maharashtra,navimumbai,Navi Mumbai,nerul,Nerul,nerul-sector-18-400706,Sector 18,400706
mh,Maharashtra,navimumbai,Navi Mumbai,nerul,Nerul,nerul-sector-16-400706,Sector 16,400706
mh,Maharashtra,navimumbai,Navi Mumbai,nerul,Nerul,nerul-sector-30-400706,Sector 30,400706
mh,Maharashtra,navimumbai,Navi Mumbai,nerul,Nerul,nerul-sector-50-400706,Sector 50,400706
mh,Maharashtra,navimumbai,Navi Mumbai,nerul,Nerul,nerul-chincholi-talaw-400706,Chincholi talaw,400706
mh,Maharashtra,navimumbai,Navi Mumbai,nerul,Nerul,nerul-sector-24-400706,Sector 24,400706
mh,Maharashtra,navimumbai,Navi Mumbai,nerul,Nerul,nerul-sector-29-400706,Sector 29,400706
mh,Maharashtra,navimumbai,Navi Mumbai,nerul,Nerul,nerul-sector-12-400706,Sector 12,400706
mh,Maharashtra,navimumbai,Navi Mumbai,nerul,Nerul,nerul-sec10-w-400706,Sec10 W,400706
mh,Maharashtra,navimumbai,Navi Mumbai,nerul,Nerul,nerul-sector-54-400706,Sector 54,400706
mh,Maharashtra,navimumbai,Navi Mumbai,nerul,Nerul,nerul-sarsole-gaon-400706,Sarsole Gaon,400706
mh,Maharashtra,navimumbai,Navi Mumbai,nerul,Nerul,nerul-sector-42-400706,Sector 42,400706
mh,Maharashtra,navimumbai,Navi Mumbai,nerul,Nerul,nerul-sector-08-400706,Sector 08,400706
mh,Maharashtra,navimumbai,Navi Mumbai,nerul,Nerul,nerul-nerul-e-400706,Nerul (E,400706
mh,Maharashtra,navimumbai,Navi Mumbai,nerul,Nerul,nerul-w-400706,W,400706
mh,Maharashtra,navimumbai,Navi Mumbai,nerul,Nerul,nerul-nerul-e-400706-2,Nerul E,400706
mh,Maharashtra,navimumbai,Navi Mumbai,nerul,Nerul,nerul-sector-60-400706,Sector-60,400706
mh,Maharashtra,navimumbai,Navi Mumbai,nerul,Nerul,nerul-bank-of-india-colony-400706,Bank Of India Colony,400706
mh,Maharashtra,navimumbai,Navi Mumbai,nerul,Nerul,nerul-gaon-400706,Gaon,400706
mh,Maharashtra,navimumbai,Navi Mumbai,nerul,Nerul,nerul-sector-no-6-400706,Sector No.6,400706
mh,Maharashtra,navimumbai,Navi Mumbai,nerul,Nerul,nerul-sector-46-400706,Sector 46,400706
mh,Maharashtra,navimumbai,Navi Mumbai,nerul,Nerul,nerul-sarsola-village-400706,Sarsola Village,400706
mh,Maharashtra,navimumbai,Navi Mumbai,nerul,Nerul,nerul-firebrigade-400706,Firebrigade,400706
mh,Maharashtra,navimumbai,Navi Mumbai,nerul,Nerul,nerul-sector-44-400706,Sector 44,400706
mh,Maharashtra,navimumbai,Navi Mumbai,nerul,Nerul,nerul-nerul-east-400706,Nerul East,400706
mh,Maharashtra,navimumbai,Navi Mumbai,nerul,Nerul,nerul-sec-01-400706,sec 01,400706
mh,Maharashtra,navimumbai,Navi Mumbai,nerul,Nerul,nerul-sector-01-400706,sector 01,400706
mh,Maharashtra,navimumbai,Navi Mumbai,nerul,Nerul,nerul-sec-1-400706,Sec 1,400706
mh,Maharashtra,navimumbai,Navi Mumbai,nerul,Nerul,nerul-seawoods-400706,Seawoods,400706
mh,Maharashtra,navimumbai,Navi Mumbai,nerul,Nerul,nerul-sidhivinayak-400706,Sidhivinayak,400706
mh,Maharashtra,navimumbai,Navi Mumbai,nerul,Nerul,nerul-seawood-38-400706,Seawood 38,400706
mh,Maharashtra,navimumbai,Navi Mumbai,nerul,Nerul,nerul-sector-38-400706,Sector 38,400706
mh,Maharashtra,navimumbai,Navi Mumbai,nerul,Nerul,nerul-sector-15-e-400706,SECTOR 15 (E,400706
mh,Maharashtra,navimumbai,Navi Mumbai,nerul,Nerul,nerul-sector-34-400706,Sector 34,400706
mh,Maharashtra,navimumbai,Navi Mumbai,nerul,Nerul,nerul-breeze-400706,Breeze,400706
mh,Maharashtra,navimumbai,Navi Mumbai,nerul,Nerul,nerul-sector-10-400706-2,Sector-10,400706
mh,Maharashtra,navimumbai,Navi Mumbai,nerul,Nerul,nerul-sector-44a-400706,Sector 44A,400706
mh,Maharashtra,navimumbai,Navi Mumbai,nerul,Nerul,nerul-cooperative-housing-society-400706,Cooperative Housing Society,400706
mh,Maharashtra,navimumbai,Navi Mumbai,nerul,Nerul,nerul-sector-4-400706-2,Sector -4,400706
mh,Maharashtra,navimumbai,Navi Mumbai,nerul,Nerul,nerul-station-400706,Station,400706
mh,Maharashtra,navimumbai,Navi Mumbai,nerul,Nerul,nerul-taha-400706,Taha,400706
mh,Maharashtra,navimumbai,Navi Mumbai,nerul,Nerul,nerul-sector-1-400706,Sector 1,400706
mh,Maharashtra,navimumbai,Navi Mumbai,nerul,Nerul,nerul-talav-400706,Talav,400706
mh,Maharashtra,navimumbai,Navi Mumbai,nerul,Nerul,nerul-dmart-400706,Dmart,400706
mh,Maharashtra,navimumbai,Navi Mumbai,nerul,Nerul,nerul-nerul-w-400706,Nerul (W,400706
mh,Maharashtra,navimumbai,Navi Mumbai,nerul,Nerul,nerul-sec-4-400706,Sec 4,400706
mh,Maharashtra,navimumbai,Navi Mumbai,nerul,Nerul,nerul-nerul-e-400706-3,Nerul(E,400706
mh,Maharashtra,navimumbai,Navi Mumbai,nerul,Nerul,nerul-shirwane-village-400706,Shirwane Village,400706
mh,Maharashtra,navimumbai,Navi Mumbai,nerul,Nerul,nerul-sector-48-400706,Sector 48,400706
mh,Maharashtra,navimumbai,Navi Mumbai,nerul,Nerul,nerul-sec-09-400706,Sec 09,400706
mh,Maharashtra,navimumbai,Navi Mumbai,nerul,Nerul,nerul-sec-27-400706,Sec 27,400706
mh,Maharashtra,navimumbai,Navi Mumbai,nerul,Nerul,nerul-sector-15nerul-east-400706,SECTOR -15NERUL EAST,400706
mh,Maharashtra,navimumbai,Navi Mumbai,nerul,Nerul,nerul-nageshwar-talav-400706,Nageshwar Talav,400706
mh,Maharashtra,navimumbai,Navi Mumbai,nerul,Nerul,nerul-phase-1-400706,Phase 1,400706
mh,Maharashtra,navimumbai,Navi Mumbai,nerul,Nerul,nerul-kamadhenu-400706,Kamadhenu,400706
mh,Maharashtra,navimumbai,Navi Mumbai,nerul,Nerul,nerul-seaweed-400706,Seaweed,400706
mh,Maharashtra,navimumbai,Navi Mumbai,nerul,Nerul,nerul-sector-48-a-400706,Sector 48-A,400706
mh,Maharashtra,navimumbai,Navi Mumbai,nerul,Nerul,nerul-brizz-400706,Brizz,400706
mh,Maharashtra,navimumbai,Navi Mumbai,nerul,Nerul,nerul-sector-no-46a-400706,Sector No.46A,400706
mh,Maharashtra,navimumbai,Navi Mumbai,nerul,Nerul,nerul-society-400706,Society,400706
mh,Maharashtra,navimumbai,Navi Mumbai,nerul,Nerul,nerul-sector-06-400706,Sector 06,400706
mh,Maharashtra,navimumbai,Navi Mumbai,nerul,Nerul,nerul-sector-48-400706-2,Sector-48,400706
mh,Maharashtra,navimumbai,Navi Mumbai,nerul,Nerul,nerul-sector-1-400706-2,Sector-1,400706
mh,Maharashtra,navimumbai,Navi Mumbai,nerul,Nerul,nerul-sector-48-seawood-400706,Sector 48 seawood,400706
mh,Maharashtra,navimumbai,Navi Mumbai,nerul,Nerul,nerul-sector-46-a-400706,Sector 46 A,400706
mh,Maharashtra,navimumbai,Navi Mumbai,nerul,Nerul,nerul-sec-25-400706,Sec 25,400706
mh,Maharashtra,navimumbai,Navi Mumbai,nerul,Nerul,nerul-seawoods-e-400706,Seawoods(E,400706
mh,Maharashtra,navimumbai,Navi Mumbai,nerul,Nerul,nerul-wes-400706,wes,400706
mh,Maharashtra,navimumbai,Navi Mumbai,nerul,Nerul,nerul-16a-400706,16A,400706
mh,Maharashtra,navimumbai,Navi Mumbai,nerul,Nerul,nerul-waist-400706,Waist,400706
mh,Maharashtra,navimumbai,Navi Mumbai,nerul,Nerul,nerul-sector-46a-400706,Sector 46A,400706
mh,Maharashtra,navimumbai,Navi Mumbai,nerul,Nerul,nerul-sector-19-400706-2,Sector -19,400706
mh,Maharashtra,navimumbai,Navi Mumbai,nerul,Nerul,nerul-sector-6a-w-400706,Sector 6A W,400706
mh,Maharashtra,navimumbai,Navi Mumbai,nerul,Nerul,nerul-tarabai-400706,Tarabai,400706
mh,Maharashtra,navimumbai,Navi Mumbai,nerul,Nerul,nerul-sector-08-400706-2,sector-08,400706
mh,Maharashtra,navimumbai,Navi Mumbai,nerul,Nerul,nerul-sector-03-400706,Sector 03,400706
mh,Maharashtra,navimumbai,Navi Mumbai,nerul,nerul,nerul-sector-58-400706,Sector 58,400706
mh,Maharashtra,navimumbai,Navi Mumbai,nerul,Nerul,nerul-sector-17-400706-2,Sector: 17,400706
mh,Maharashtra,navimumbai,Navi Mumbai,nerul,Nerul,nerul-sector-32-400706,Sector 32,400706
mh,Maharashtra,navimumbai,Navi Mumbai,nerul,Nerul,nerul-sagardarshan-400706,Sagardarshan,400706
mh,Maharashtra,navimumbai,Navi Mumbai,nerul,Nerul,nerul-sector-52-400706,Sector - 52,400706
mh,Maharashtra,navimumbai,Navi Mumbai,nerul,Nerul,nerul-phase-ii-400706,Phase II,400706
mh,Maharashtra,navimumbai,Navi Mumbai,nerul,Nerul,nerul-revenue-village-400706,Revenue Village,400706
mh,Maharashtra,navimumbai,Navi Mumbai,nerul,Nerul,nerul-sector-04-i-400706,Sector-04 I,400706
mh,Maharashtra,navimumbai,Navi Mumbai,nerul,Nerul,nerul-sector-no-28-400706,Sector No 28,400706
mh,Maharashtra,navimumbai,Navi Mumbai,nerul,Nerul,nerul-narul-400706,NARUL,400706
mh,Maharashtra,navimumbai,Navi Mumbai,nerul,Nerul,nerul-ttc-industrial-area-400706,TTC Industrial Area,400706
mh,Maharashtra,navimumbai,Navi Mumbai,nerul,Nerul,nerul-sector-09-400706,Sector 09,400706
mh,Maharashtra,navimumbai,Navi Mumbai,nerul,Nerul,nerul-sector-56-400706,Sector 56,400706
mh,Maharashtra,navimumbai,Navi Mumbai,nerul,Nerul,nerul-kaman-400706,KAMAN,400706
mh,Maharashtra,navimumbai,Navi Mumbai,nerul,Nerul,nerul-east-node-iii-400706,East Node III,400706
mh,Maharashtra,navimumbai,Navi Mumbai,nerul,Nerul,nerul-seawood-400706,seawood,400706
mh,Maharashtra,navimumbai,Navi Mumbai,nerul,Nerul,nerul-industrial-area-400706,Industrial Area,400706
mh,Maharashtra,navimumbai,Navi Mumbai,nerul,Nerul,nerul-panch-pakhdi-400706,Panch Pakhdi,400706
mh,Maharashtra,navimumbai,Navi Mumbai,nerul,Nerul,nerul-sector-19-400706-3,Sector-19,400706
mh,Maharashtra,navimumbai,Navi Mumbai,nerul,Nerul,nerul-karave-nagar-400706,Karave Nagar,400706
mh,Maharashtra,navimumbai,Navi Mumbai,seawoods,Seawoods,seawoods-sector-48-a-400706,Sector 48-A,400706
mh,Maharashtra,navimumbai,Navi Mumbai,seawoods,Seawoods,seawoods-sector-42a-400706,Sector 42A,400706
mh,Maharashtra,navimumbai,Navi Mumbai,seawoods,Seawoods,seawoods-sector-36-400706,Sector 36,400706
mh,Maharashtra,navimumbai,Navi Mumbai,seawoods,Seawoods,seawoods-sector-40-400706,Sector 40,400706
mh,Maharashtra,navimumbai,Navi Mumbai,seawoods,Seawoods,seawoods-sector-50-400706,Sector 50,400706
mh,Maharashtra,navimumbai,Navi Mumbai,seawoods,Seawoods,seawoods-sector-27-400706,Sector 27,400706
mh,Maharashtra,navimumbai,Navi Mumbai,seawoods,Seawoods,seawoods-sector-44a-400706,Sector 44A,400706
mh,Maharashtra,navimumbai,Navi Mumbai,seawoods,Seawoods,seawoods-seawoods-400706,Seawoods,400706
mh,Maharashtra,navimumbai,Navi Mumbai,seawoods,Seawoods,seawoods-karave-nagar-400706,Karave Nagar,400706
mh,Maharashtra,navimumbai,Navi Mumbai,seawoods,Seawoods,seawoods-nerul-west-400706,NERUL WEST,400706
mh,Maharashtra,navimumbai,Navi Mumbai,seawoods,Seawoods,seawoods-sector-46-400706,Sector 46,400706
mh,Maharashtra,navimumbai,Navi Mumbai,seawoods,Seawoods,seawoods-karavegao-400706,Karavegao,400706
mh,Maharashtra,navimumbai,Navi Mumbai,seawoods,Seawoods,seawoods-sector-42-400706,Sector 42,400706
mh,Maharashtra,navimumbai,Navi Mumbai,seawoods,Seawoods,seawoods-hawre-400706,Hawre,400706
mh,Maharashtra,navimumbai,Navi Mumbai,seawoods,Seawoods,seawoods-sector-44-400706,Sector 44,400706
mh,Maharashtra,navimumbai,Navi Mumbai,seawoods,Seawoods,seawoods-sector-38-400706,Sector 38,400706
mh,Maharashtra,navimumbai,Navi Mumbai,seawoods,Seawoods,seawoods-sector-48-400706,Sector-48,400706
mh,Maharashtra,navimumbai,Navi Mumbai,seawoods,Seawoods,seawoods-sector-28-400706,Sector 28,400706
mh,Maharashtra,navimumbai,Navi Mumbai,seawoods,Seawoods,seawoods-nerul-w-400706,Nerul (W,400706
mh,Maharashtra,navimumbai,Navi Mumbai,seawoods,Seawoods,seawoods-sector-25-400706,Sector 25,400706
mh,Maharashtra,navimumbai,Navi Mumbai,seawoods,Seawoods,seawoods-sector-46-a-400706,Sector 46 A,400706
mh,Maharashtra,navimumbai,Navi Mumbai,seawoods,Seawoods,seawoods-nerul-400706,Nerul,400706
mh,Maharashtra,navimumbai,Navi Mumbai,seawoods,Seawoods,seawoods-sector-58-400706,Sector 58,400706
mh,Maharashtra,navimumbai,Navi Mumbai,seawoods,Seawoods,seawoods-w-400706,W,400706
mh,Maharashtra,navimumbai,Navi Mumbai,seawoods,Seawoods,seawoods-sector-30-400706,Sector 30,400706
mh,Maharashtra,navimumbai,Navi Mumbai,seawoods,Seawoods,seawoods-beryl-400706,beryl,400706
mh,Maharashtra,navimumbai,Navi Mumbai,seawoods,Seawoods,seawoods-east-400706,east,400706
mh,Maharashtra,navimumbai,Navi Mumbai,seawoods,Seawoods,seawoods-sector-19a-400706,Sector 19A,400706
mh,Maharashtra,navimumbai,Navi Mumbai,seawoods,Seawoods,seawoods-dharave-nerul-400706,Dharave Nerul,400706
mh,Maharashtra,navimumbai,Navi Mumbai,seawoods,Seawoods,seawoods-nerul-west-400706-2,Nerul. West,400706
mh,Maharashtra,navimumbai,Navi Mumbai,seawoods,Seawoods,seawoods-sector-23-400706,Sector 23,400706
mh,Maharashtra,navimumbai,Navi Mumbai,seawoods,Seawoods,seawoods-nerul-e-400706,Nerul (E,400706
mh,Maharashtra,navimumbai,Navi Mumbai,seawoods,Seawoods,seawoods-khanda-colony-400706,Khanda Colony,400706
mh,Maharashtra,navimumbai,Navi Mumbai,seawoods,Seawoods,seawoods-sector-old-50-400706,Sector old 50,400706
mh,Maharashtra,navimumbai,Navi Mumbai,seawoods,Seawoods,seawoods-sec-44a-400706,sec 44A,400706
mh,Maharashtra,navimumbai,Navi Mumbai,seawoods,Seawoods,seawoods-west-400706,West,400706
mh,Maharashtra,navimumbai,Navi Mumbai,seawoods,Seawoods,seawoods-station-400706,Station,400706
mh,Maharashtra,navimumbai,Navi Mumbai,seawoods,Seawoods,seawoods-sector42a-400706,Sector42a,400706
mh,Maharashtra,navimumbai,Navi Mumbai,seawoods,Seawoods,seawoods-sector-21-400706,Sector 21,400706
mh,Maharashtra,navimumbai,Navi Mumbai,seawoods,Seawoods,seawoods-sector-54-400706,Sector 54,400706
mh,Maharashtra,navimumbai,Navi Mumbai,seawoods,Seawoods,seawoods-nerul-w-400706-2,Nerul W,400706
mh,Maharashtra,navimumbai,Navi Mumbai,seawoods,Seawoods,seawoods-nerul-w-400706-3,Nerul(W,400706
mh,Maharashtra,navimumbai,Navi Mumbai,seawoods,Seawoods,seawoods-nerul-west-400706-3,Nerul (West,400706
mh,Maharashtra,navimumbai,Navi Mumbai,seawoods,Seawoods,seawoods-diabecare-400706,Diabecare,400706
mh,Maharashtra,navimumbai,Navi Mumbai,seawoods,Seawoods,seawoods-sector-42-a-400706,Sector-42/A,400706
mh,Maharashtra,navimumbai,Navi Mumbai,seawoods,Seawoods,seawoods-sector-50-east-400706,Sector 50 east,400706
mh,Maharashtra,navimumbai,Navi Mumbai,seawoods,Seawoods,seawoods-sector-19-400706,Sector 19,400706
mh,Maharashtra,navimumbai,Navi Mumbai,seawoods,Seawoods,seawoods-sector-56-400706,Sector 56,400706
mh,Maharashtra,navimumbai,Navi Mumbai,seawoods,Seawoods,seawoods-sector-46a-400706,Sector 46A,400706
mh,Maharashtra,navimumbai,Navi Mumbai,seawoods,Seawoods,seawoods-seawood-400706,Seawood,400706
mh,Maharashtra,navimumbai,Navi Mumbai,seawoods,Seawoods,seawoods-zone-3-400706,Zone-3,400706
mh,Maharashtra,navimumbai,Navi Mumbai,seawoods,Seawoods,seawoods-nerul-w-400706-4,Nerul-W,400706
mh,Maharashtra,navimumbai,Navi Mumbai,seawoods,Seawoods,seawoods-sector-44-400706-2,sector: 44,400706
mh,Maharashtra,navimumbai,Navi Mumbai,seawoods,Seawoods,seawoods-sector-50e-400706,sector 50E,400706
mh,Maharashtra,navimumbai,Navi Mumbai,seawoods,Seawoods,seawoods-sector-24-400706,Sector 24,400706
mh,Maharashtra,navimumbai,Navi Mumbai,seawoods,Seawoods,seawoods-e-400706,E,400706
mh,Maharashtra,navimumbai,Navi Mumbai,seawoods,Seawoods,seawoods-old-400706,Old,400706
mh,Maharashtra,navimumbai,Navi Mumbai,seawoods,Seawoods,seawoods-sector-34-400706,Sector 34,400706
mh,Maharashtra,navimumbai,Navi Mumbai,seawoods,Seawoods,seawoods-sector-32-400706,Sector 32,400706
mh,Maharashtra,navimumbai,Navi Mumbai,seawoods,Seawoods,seawoods-mkcl-400706,MKCL,400706
mh,Maharashtra,navimumbai,Navi Mumbai,seawoods,Seawoods,seawoods-sector-44-400706-3,sector -44,400706
mh,Maharashtra,navimumbai,Navi Mumbai,seawoods,Seawoods,seawoods-sector-58a-400706,Sector 58A,400706
mh,Maharashtra,navimumbai,Navi Mumbai,seawoods,Seawoods,seawoods-sector-23-seswoods-400706,Sector 23 Seswoods,400706
mh,Maharashtra,navimumbai,Navi Mumbai,seawoods,Seawoods,seawoods-apartment-400706,Apartment,400706
mh,Maharashtra,navimumbai,Navi Mumbai,seawoods,Seawoods,seawoods-g-001sewoods-400706,g-001sewoods,400706
mh,Maharashtra,navimumbai,Navi Mumbai,seawoods,Seawoods,seawoods-sector-14-400706,Sector 14,400706
mh,Maharashtra,navimumbai,Navi Mumbai,seawoods,Seawoods,seawoods-ganesh-talav-400706,Ganesh talav,400706
mh,Maharashtra,navimumbai,Navi Mumbai,seawoods,Seawoods,seawoods-new-400706,New,400706
mh,Maharashtra,navimumbai,Navi Mumbai,seawoods,Seawoods,seawoods-sector-26-400706,Sector 26,400706
mh,Maharashtra,navimumbai,Navi Mumbai,seawoods,Seawoods,seawoods-new-50-400706,New 50,400706
mh,Maharashtra,navimumbai,Navi Mumbai,seawoods,Seawoods,seawoods-sector-29-400706,Sector 29,400706
mh,Maharashtra,panvel,Panvel,cbd-belapur,CBD Belapur,cbd-belapur-sector-29-400614-2,Sector 29,400614
mh,Maharashtra,panvel,Panvel,kalamboli,Kalamboli,kalamboli-sector-4e-410218,Sector 4E,410218
mh,Maharashtra,panvel,Panvel,kalamboli,Kalamboli,kalamboli-sector-3-410218,Sector 3,410218
mh,Maharashtra,panvel,Panvel,kalamboli,Kalamboli,kalamboli-sector-13-410218,Sector 13,410218
mh,Maharashtra,panvel,Panvel,kalamboli,Kalamboli,kalamboli-khidukpada-410218,Khidukpada,410218
mh,Maharashtra,panvel,Panvel,kalamboli,Kalamboli,kalamboli-sector-1-410218,Sector 1,410218
mh,Maharashtra,panvel,Panvel,kalamboli,Kalamboli,kalamboli-sector-12-410218,Sector 12,410218
mh,Maharashtra,panvel,Panvel,kalamboli,Kalamboli,kalamboli-sector-2-410218,Sector 2,410218
mh,Maharashtra,panvel,Panvel,kalamboli,Kalamboli,kalamboli-panvel-410218,Panvel,410218
mh,Maharashtra,panvel,Panvel,kalamboli,Kalamboli,kalamboli-sector-4-410218,Sector 4,410218
mh,Maharashtra,panvel,Panvel,kalamboli,Kalamboli,kalamboli-sector-4b-410218,Sector 4B,410218
mh,Maharashtra,panvel,Panvel,kalamboli,Kalamboli,kalamboli-sector-5e-410218,Sector 5E,410218
mh,Maharashtra,panvel,Panvel,kalamboli,Kalamboli,kalamboli-sector-1e-410218,Sector 1E,410218
mh,Maharashtra,panvel,Panvel,kalamboli,Kalamboli,kalamboli-kalamboli-steel-market-yard-410218,Kalamboli Steel Market Yard,410218
mh,Maharashtra,panvel,Panvel,kalamboli,Kalamboli,kalamboli-sector-8-410218,Sector 8,410218
mh,Maharashtra,panvel,Panvel,kalamboli,Kalamboli,kalamboli-sector-3e-410218,Sector 3E,410218
mh,Maharashtra,panvel,Panvel,kalamboli,Kalamboli,kalamboli-kalamboli-410218,Kalamboli,410218
mh,Maharashtra,panvel,Panvel,kalamboli,Kalamboli,kalamboli-sector-20-410218,Sector 20,410218
mh,Maharashtra,panvel,Panvel,kalamboli,Kalamboli,kalamboli-sector-15-410218,Sector 15,410218
mh,Maharashtra,panvel,Panvel,kalamboli,Kalamboli,kalamboli-sector-16-410218,Sector 16,410218
mh,Maharashtra,panvel,Panvel,kalamboli,Kalamboli,kalamboli-sector-1-410206,Sector 1,410206
mh,Maharashtra,panvel,Panvel,kalamboli,Kalamboli,kalamboli-sector-11-410218,Sector 11,410218
mh,Maharashtra,panvel,Panvel,kalamboli,Kalamboli,kalamboli-navi-410218,Navi,410218
mh,Maharashtra,panvel,Panvel,kalamboli,Kalamboli,kalamboli-sector-9-410218,Sector 9,410218
mh,Maharashtra,panvel,Panvel,kalamboli,Kalamboli,kalamboli-sector-awc-410218,Sector AWC,410218
mh,Maharashtra,panvel,Panvel,kalamboli,Kalamboli,kalamboli-asudgaon-410218,Asudgaon,410218
mh,Maharashtra,panvel,Panvel,kalamboli,Kalamboli,kalamboli-industrial-area-410218,Industrial Area,410218
mh,Maharashtra,panvel,Panvel,kalamboli,Kalamboli,kalamboli-sec-6e-410218,Sec-6E,410218
mh,Maharashtra,panvel,Panvel,kalamboli,Kalamboli,kalamboli-roadpali-410218,Roadpali,410218
mh,Maharashtra,panvel,Panvel,kalamboli,Kalamboli,kalamboli-sector-2e-410218,Sector 2E,410218
mh,Maharashtra,panvel,Panvel,kalamboli,Kalamboli,kalamboli-sector-4e-a-410218,Sector 4E/A,410218
mh,Maharashtra,panvel,Panvel,kalamboli,Kalamboli,kalamboli-sector-5-410218,Sector 5,410218
mh,Maharashtra,panvel,Panvel,kalamboli,Kalamboli,kalamboli-sector-16-410218-2,Sector-16,410218
mh,Maharashtra,panvel,Panvel,kalamboli,Kalamboli,kalamboli-sector-kwc-410218,Sector KWC,410218
mh,Maharashtra,panvel,Panvel,kalamboli,Kalamboli,kalamboli-sector-9e-410218,Sector 9E,410218
mh,Maharashtra,panvel,Panvel,kalamboli,Kalamboli,kalamboli-sector-14-410218,Sector 14,410218
mh,Maharashtra,panvel,Panvel,kalamboli,Kalamboli,kalamboli-sector-25-410218,Sector-25,410218
mh,Maharashtra,panvel,Panvel,kalamboli,Kalamboli,kalamboli-sector-17-410218,Sector 17,410218
mh,Maharashtra,panvel,Panvel,kalamboli,Kalamboli,kalamboli-sector-10-410218,Sector 10,410218
mh,Maharashtra,panvel,Panvel,kalamboli,Kalamboli,kalamboli-steel-market-410218,Steel Market,410218
mh,Maharashtra,panvel,Panvel,kalamboli,Kalamboli,kalamboli-sector-6e-410218,Sector 6E,410218
mh,Maharashtra,panvel,Panvel,kalamboli,Kalamboli,kalamboli-sector-6-410218,Sector 6,410218
mh,Maharashtra,panvel,Panvel,kalamboli,Kalamboli,kalamboli-pond-410218,Pond,410218
mh,Maharashtra,panvel,Panvel,kalamboli,Kalamboli,kalamboli-kewale-gav-410218,kewale gav,410218
mh,Maharashtra,panvel,Panvel,kalamboli,Kalamboli,kalamboli-mgm-campus-410218,MGM Campus,410218
mh,Maharashtra,panvel,Panvel,kalamboli,Kalamboli,kalamboli-sector-no-15-410218,Sector No- 15,410218
mh,Maharashtra,panvel,Panvel,kalamboli,Kalamboli,kalamboli-sector-23-410218,Sector 23,410218
mh,Maharashtra,panvel,Panvel,kalamboli,Kalamboli,kalamboli-navda-phata-410218,Navda phata,410218
mh,Maharashtra,panvel,Panvel,kalamboli,Kalamboli,kalamboli-kalamboli-steel-market-410218,Kalamboli Steel market,410218
mh,Maharashtra,panvel,Panvel,kalamboli,Kalamboli,kalamboli-sector-10e-410218,Sector 10E,410218
mh,Maharashtra,panvel,Panvel,kalamboli,Kalamboli,kalamboli-sector-9-e-410218,Sector 9 E,410218
mh,Maharashtra,panvel,Panvel,kalamboli,Kalamboli,kalamboli-near-d-mart-410218,near D Mart,410218
mh,Maharashtra,panvel,Panvel,kalamboli,Kalamboli,kalamboli-sector-09-e-410218,Sector- 09 E,410218
mh,Maharashtra,panvel,Panvel,kalamboli,Kalamboli,kalamboli-sec-4e-410218,Sec-4e,410218
mh,Maharashtra,panvel,Panvel,kalamboli,Kalamboli,kalamboli-sector-04-410218,Sector-04,410218
mh,Maharashtra,panvel,Panvel,kalamboli,Kalamboli,kalamboli-sector-19-410218,Sector 19,410218
mh,Maharashtra,panvel,Panvel,kalamboli,Kalamboli,kalamboli-sector-8e-410218,Sector - 8E,410218
mh,Maharashtra,panvel,Panvel,kalamboli,Kalamboli,kalamboli-sector-4e-410218-2,Sector.4E,410218
mh,Maharashtra,panvel,Panvel,kalamboli,Kalamboli,kalamboli-sector-9e-410218-2,Sector - 9E,410218
mh,Maharashtra,panvel,Panvel,kalamboli,Kalamboli,kalamboli-sector-18-410218,Sector 18,410218
mh,Maharashtra,panvel,Panvel,kalamboli,Kalamboli,kalamboli-sector-1-410218-2,Sector - 1,410218
mh,Maharashtra,panvel,Panvel,kalamboli,Kalamboli,kalamboli-sector-9e-410218-3,Sector-9E,410218
mh,Maharashtra,panvel,Panvel,kalamboli,Kalamboli,kalamboli-marble-market-410218,Marble Market,410218
mh,Maharashtra,panvel,Panvel,kalamboli,Kalamboli,kalamboli-kharghar-410218,KHARGHAR,410218
mh,Maharashtra,panvel,Panvel,kalamboli,Kalamboli,kalamboli-kudupada-410218,Kudupada,410218
mh,Maharashtra,panvel,Panvel,kalamboli,Kalamboli,kalamboli-new-panvel-410218,New Panvel,410218
mh,Maharashtra,panvel,Panvel,kalamboli,Kalamboli,kalamboli-sector-8e-410218-2,Sector 8E,410218
mh,Maharashtra,panvel,Panvel,kalamboli,Kalamboli,kalamboli-sec-3e-410218,sec-3E,410218
mh,Maharashtra,panvel,Panvel,kalamboli,Kalamboli,kalamboli-sector-04-410218-2,SECTOR 04,410218
mh,Maharashtra,panvel,Panvel,kalamboli,Kalamboli,kalamboli-sec-5e-410218,Sec-5E,410218
mh,Maharashtra,panvel,Panvel,kalamboli,Kalamboli,kalamboli-khidukpada-village-410218,Khidukpada Village,410218
mh,Maharashtra,panvel,Panvel,kalamboli,Kalamboli,kalamboli-sector-08-410218,SECTOR-08,410218
mh,Maharashtra,panvel,Panvel,kalamboli,Kalamboli,kalamboli-raigad-410218,Raigad,410218
mh,Maharashtra,panvel,Panvel,kalamboli,Kalamboli,kalamboli-sector-05-410218,Sector 05,410218
mh,Maharashtra,panvel,Panvel,kalamboli,Kalamboli,kalamboli-sector-08-410218-2,Sector 08,410218
mh,Maharashtra,panvel,Panvel,kalamboli,Kalamboli,kalamboli-sector-8-410218-2,Sector - 8,410218
mh,Maharashtra,panvel,Panvel,kalamboli,Kalamboli,kalamboli-sector-3-410218-2,Sector-3,410218
mh,Maharashtra,panvel,Panvel,kalamboli,Kalamboli,kalamboli-sec-4-410218,sec=4,410218
mh,Maharashtra,panvel,Panvel,kalamboli,Kalamboli,kalamboli-sector-03-410218,Sector 03,410218
mh,Maharashtra,panvel,Panvel,kalamboli,Kalamboli,kalamboli-sector-8e-410218-3,Sector-8E,410218
mh,Maharashtra,panvel,Panvel,kalamboli,Kalamboli,kalamboli-sector-22-410218,Sector 22,410218
mh,Maharashtra,panvel,Panvel,kalamboli,Kalamboli,kalamboli-410218,,410218
mh,Maharashtra,panvel,Panvel,kalamboli,Kalamboli,kalamboli-sector-4-410218-2,Sector-4,410218
mh,Maharashtra,panvel,Panvel,kalamboli,Kalamboli,kalamboli-sector-1-e-410218,Sector-1 E,410218
mh,Maharashtra,panvel,Panvel,kalamboli,Kalamboli,kalamboli-sector-4ea-410218,Sector 4EA,410218
mh,Maharashtra,panvel,Panvel,kalamboli,Kalamboli,kalamboli-taluka-panvel-410218,Taluka - Panvel,410218
mh,Maharashtra,panvel,Panvel,kalamboli,Kalamboli,kalamboli-sector-21-410218,Sector 21,410218
mh,Maharashtra,panvel,Panvel,kalamboli,Kalamboli,kalamboli-sector-2-410218-2,Sector - 2,410218
mh,Maharashtra,panvel,Panvel,kalamboli,Kalamboli,kalamboli-sector-no-1-410218,Sector No 1,410218
mh,Maharashtra,panvel,Panvel,kalamboli,Kalamboli,kalamboli-sector-1-410218-3,Sector-1,410218
mh,Maharashtra,panvel,Panvel,kalamboli,Kalamboli,kalamboli-lig-1st-sector-03-410218,Lig 1st Sector 03,410218
mh,Maharashtra,panvel,Panvel,kalamboli,Kalamboli,kalamboli-khedupada-410218,Khedupada,410218
mh,Maharashtra,panvel,Panvel,kamothe,Kamothe,kamothe-sector-7-410209,Sector 7,410209
mh,Maharashtra,panvel,Panvel,kamothe,Kamothe,kamothe-sector-18-410209,Sector 18,410209
mh,Maharashtra,panvel,Panvel,kamothe,Kamothe,kamothe-sector-05-410209,Sector - 05,410209
mh,Maharashtra,panvel,Panvel,kamothe,Kamothe,kamothe-sector-15-410209,Sector 15,410209
mh,Maharashtra,panvel,Panvel,kamothe,Kamothe,kamothe-sector-34-410209,Sector 34,410209
mh,Maharashtra,panvel,Panvel,kamothe,Kamothe,kamothe-sector-12-410209,Sector 12,410209
mh,Maharashtra,panvel,Panvel,kamothe,Kamothe,kamothe-sector-6a-410209,Sector 6A,410209
mh,Maharashtra,panvel,Panvel,kamothe,Kamothe,kamothe-sector-22-410209,Sector 22,410209
mh,Maharashtra,panvel,Panvel,kamothe,Kamothe,kamothe-panvel-410209,Panvel,410209
mh,Maharashtra,panvel,Panvel,kamothe,Kamothe,kamothe-sector-8-410209,Sector 8,410209
mh,Maharashtra,panvel,Panvel,kamothe,Kamothe,kamothe-sector-10-410209,Sector 10,410209
mh,Maharashtra,panvel,Panvel,kamothe,Kamothe,kamothe-kamothe-410209,Kamothe,410209
mh,Maharashtra,panvel,Panvel,kamothe,Kamothe,kamothe-sector-5-410209,Sector 5,410209
mh,Maharashtra,panvel,Panvel,kamothe,Kamothe,kamothe-sector-14-410209,Sector 14,410209
mh,Maharashtra,panvel,Panvel,kamothe,Kamothe,kamothe-sector-19-410209,Sector 19,410209
mh,Maharashtra,panvel,Panvel,kamothe,Kamothe,kamothe-sector-11-410209,Sector 11,410209
mh,Maharashtra,panvel,Panvel,kamothe,Kamothe,kamothe-sector-07-410209,Sector.07,410209
mh,Maharashtra,panvel,Panvel,kamothe,Kamothe,kamothe-sector-3-410218,Sector 3,410218
mh,Maharashtra,panvel,Panvel,kamothe,Kamothe,kamothe-mgm-campus-410209,MGM Campus,410209
mh,Maharashtra,panvel,Panvel,kamothe,Kamothe,kamothe-sector-20-410209,Sector 20,410209
mh,Maharashtra,panvel,Panvel,kamothe,Kamothe,kamothe-jawahar-co-op-ind-410209,Jawahar Co-op Ind,410209
mh,Maharashtra,panvel,Panvel,kamothe,Kamothe,kamothe-sector-9-410209,Sector 9,410209
mh,Maharashtra,panvel,Panvel,kamothe,Kamothe,kamothe-sector-36-410209,Sector 36,410209
mh,Maharashtra,panvel,Panvel,kamothe,Kamothe,kamothe-sector-25-410209,Sector-25,410209
mh,Maharashtra,panvel,Panvel,kamothe,Kamothe,kamothe-sector-16-410209,Sector 16,410209
mh,Maharashtra,panvel,Panvel,kamothe,Kamothe,kamothe-sector-23-410218,Sector 23,410218
mh,Maharashtra,panvel,Panvel,kamothe,Kamothe,kamothe-sector-17-410209,Sector - 17,410209
mh,Maharashtra,panvel,Panvel,kamothe,Kamothe,kamothe-sector-6-410209,Sector 6,410209
mh,Maharashtra,panvel,Panvel,kamothe,Kamothe,kamothe-sector-35-410209,Sector 35,410209
mh,Maharashtra,panvel,Panvel,kamothe,Kamothe,kamothe-sector-21-410209,Sector 21,410209
mh,Maharashtra,panvel,Panvel,kamothe,Kamothe,kamothe-sector-08-410209,Sector - 08,410209
mh,Maharashtra,panvel,Panvel,kamothe,Kamothe,kamothe-sector-no-35-410209,Sector No. 35,410209
mh,Maharashtra,panvel,Panvel,kamothe,Kamothe,kamothe-sector-27-410209,Sector-27,410209
mh,Maharashtra,panvel,Panvel,kamothe,Kamothe,kamothe-sec-05-410209,sec 05,410209
mh,Maharashtra,panvel,Panvel,kamothe,Kamothe,kamothe-sector-17-410218,Sector - 17,410218
mh,Maharashtra,panvel,Panvel,kamothe,Kamothe,kamothe-raigad-410209,Raigad,410209
mh,Maharashtra,panvel,Panvel,kamothe,Kamothe,kamothe-sector-08-410209-2,Sector 08,410209
mh,Maharashtra,panvel,Panvel,kamothe,Kamothe,kamothe-sector-6a-410218,Sector 6A,410218
mh,Maharashtra,panvel,Panvel,kamothe,Kamothe,kamothe-sector-11-410218,Sector 11,410218
mh,Maharashtra,panvel,Panvel,kamothe,Kamothe,kamothe-sector-05kamothe-410209,Sector 05Kamothe,410209
mh,Maharashtra,panvel,Panvel,kamothe,Kamothe,kamothe-sector-24-410209,Sector 24,410209
mh,Maharashtra,panvel,Panvel,kamothe,Kamothe,kamothe-sector-31-410209,sector -31,410209
mh,Maharashtra,panvel,Panvel,kamothe,Kamothe,kamothe-sector-8-410206,Sector 8,410206
mh,Maharashtra,panvel,Panvel,kamothe,Kamothe,kamothe-sector-17-410209-2,sector 17,410209
mh,Maharashtra,panvel,Panvel,kamothe,Kamothe,kamothe-mansarover-410209,mansarover,410209
mh,Maharashtra,panvel,Panvel,kamothe,Kamothe,kamothe-khidukpada-410218,Khidukpada,410218
mh,Maharashtra,panvel,Panvel,kamothe,Kamothe,kamothe-jawahar-co-op-ind-410218,Jawahar Co-op Ind,410218
mh,Maharashtra,panvel,Panvel,kamothe,Kamothe,kamothe-sector-1-410209,Sector 1,410209
mh,Maharashtra,panvel,Panvel,kamothe,Kamothe,kamothe-phase-ll-410209,Phase ll,410209
mh,Maharashtra,panvel,Panvel,kamothe,Kamothe,kamothe-sector-07-410209-2,Sector 07,410209
mh,Maharashtra,panvel,Panvel,kamothe,Kamothe,kamothe-sector-18-410218,Sector 18,410218
mh,Maharashtra,panvel,Panvel,kamothe,Kamothe,kamothe-sect-20-410209,Sect 20,410209
mh,Maharashtra,panvel,Panvel,kamothe,Kamothe,kamothe-sector-6-410218,Sector 6,410218
mh,Maharashtra,panvel,Panvel,kamothe,Kamothe,kamothe-sector-07-410209-3,SECTOR-07,410209
mh,Maharashtra,panvel,Panvel,kamothe,Kamothe,kamothe-panvel-410218,Panvel,410218
mh,Maharashtra,panvel,Panvel,kamothe,Kamothe,kamothe-kamothe-410218,Kamothe,410218
mh,Maharashtra,panvel,Panvel,kamothe,Kamothe,kamothe-sector-5-410218,Sector 5,410218
mh,Maharashtra,panvel,Panvel,kamothe,Kamothe,kamothe-sector-06-410209,sector-06,410209
mh,Maharashtra,panvel,Panvel,kamothe,Kamothe,kamothe-sector-32-410209,Sector - 32,410209
mh,Maharashtra,panvel,Panvel,kamothe,Kamothe,kamothe-spaghetti-housing-complex-410209,Spaghetti Housing Complex,410209
mh,Maharashtra,panvel,Panvel,kamothe,Kamothe,kamothe-new-panvel-410209,New Panvel,410209
mh,Maharashtra,panvel,Panvel,kamothe,Kamothe,kamothe-sector-21-410209-2,sector-21,410209
mh,Maharashtra,panvel,Panvel,kamothe,Kamothe,kamothe-railway-station-410209,Railway Station,410209
mh,Maharashtra,panvel,Panvel,kamothe,Kamothe,kamothe-sector-21-400706,sector -21,400706
mh,Maharashtra,panvel,Panvel,kamothe,Kamothe,kamothe-sector-08-410209-3,Sector-08,410209
mh,Maharashtra,panvel,Panvel,kamothe,Kamothe,kamothe-sec-19-410209,Sec 19,410209
mh,Maharashtra,panvel,Panvel,kamothe,Kamothe,kamothe-mahalakshmi-410209,Mahalakshmi,410209
mh,Maharashtra,panvel,Panvel,kamothe,Kamothe,kamothe-sector-07-410209-4,Sector -07,410209
mh,Maharashtra,panvel,Panvel,kamothe,Kamothe,kamothe-sector-16-410209-2,SECTOR - 16,410209
mh,Maharashtra,panvel,Panvel,kamothe,Kamothe,kamothe-jawahar-industrial-area-410209,Jawahar Industrial Area,410209
mh,Maharashtra,panvel,Panvel,kamothe,Kamothe,kamothe-kalamboli-410209,Kalamboli,410209
mh,Maharashtra,panvel,Panvel,kamothe,Kamothe,kamothe-sector-16-410209-3,Sector-16,410209
mh,Maharashtra,panvel,Panvel,kamothe,Kamothe,kamothe-navpada-410209,NAVPADA,410209
mh,Maharashtra,panvel,Panvel,kamothe,Kamothe,kamothe-sector-22-410209-2,Sector : 22,410209
mh,Maharashtra,panvel,Panvel,kamothe,Kamothe,kamothe-sector-09-410209,Sector 09,410209
mh,Maharashtra,panvel,Panvel,kamothe,Kamothe,kamothe-industrial-area-410218,Industrial Area,410218
mh,Maharashtra,panvel,Panvel,kamothe,Kamothe,kamothe-sec-15-410209,Sec-15,410209
mh,Maharashtra,panvel,Panvel,kamothe,Kamothe,kamothe-sector-06-410209-2,Sector - 06,410209
mh,Maharashtra,panvel,Panvel,kamothe,Kamothe,kamothe-naupada-village-410209,Naupada Village,410209
mh,Maharashtra,panvel,Panvel,kamothe,Kamothe,kamothe-naupada-village-410218,Naupada Village,410218
mh,Maharashtra,panvel,Panvel,kamothe,Kamothe,kamothe-mansarovar-410209,Mansarovar,410209
mh,Maharashtra,panvel,Panvel,kamothe,Kamothe,kamothe-surmalhar-410209,SURMALHAR,410209
mh,Maharashtra,panvel,Panvel,kamothe,Kamothe,kamothe-23gv-54r-410209,23GV+54R,410209
mh,Maharashtra,panvel,Panvel,kamothe,Kamothe,kamothe-sector-1e-410218,Sector 1E,410218
mh,Maharashtra,panvel,Panvel,kamothe,Kamothe,kamothe-sector-36-410218,Sector 36,410218
mh,Maharashtra,panvel,Panvel,kamothe,Kamothe,kamothe-sec-11-410209,Sec 11,410209
mh,Maharashtra,panvel,Panvel,kamothe,Kamothe,kamothe-sect-10-410209,Sect 10,410209
mh,Maharashtra,panvel,Panvel,kamothe,Kamothe,kamothe-roadpali-410209,Roadpali,410209
mh,Maharashtra,panvel,Panvel,kharghar,Kharghar,kharghar-kharghar-410210,Kharghar,410210
mh,Maharashtra,panvel,Panvel,kharghar,Kharghar,kharghar-sector-20-410210,Sector 20,410210
mh,Maharashtra,panvel,Panvel,kharghar,Kharghar,kharghar-sector-7-410210,Sector 7,410210
mh,Maharashtra,panvel,Panvel,kharghar,Kharghar,kharghar-sector-30-410210,Sector 30,410210
mh,Maharashtra,panvel,Panvel,kharghar,Kharghar,kharghar-sector-13-410210,Sector 13,410210
mh,Maharashtra,panvel,Panvel,kharghar,Kharghar,kharghar-sector-11-410210,Sector 11,410210
mh,Maharashtra,panvel,Panvel,kharghar,Kharghar,kharghar-sector-10-410210,Sector 10,410210
mh,Maharashtra,panvel,Panvel,kharghar,Kharghar,kharghar-belpada-410210,Belpada,410210
mh,Maharashtra,panvel,Panvel,kharghar,Kharghar,kharghar-sector-15-410210,Sector 15,410210
mh,Maharashtra,panvel,Panvel,kharghar,Kharghar,kharghar-phase-2-410210,Phase 2,410210
mh,Maharashtra,panvel,Panvel,kharghar,Kharghar,kharghar-sector-18-410210,Sector 18,410210
mh,Maharashtra,panvel,Panvel,kharghar,Kharghar,kharghar-sector-27-410210,Sector 27,410210
mh,Maharashtra,panvel,Panvel,kharghar,Kharghar,kharghar-sector-12-410210,Sector 12,410210
mh,Maharashtra,panvel,Panvel,kharghar,Kharghar,kharghar-sector-21-410210,Sector 21,410210
mh,Maharashtra,panvel,Panvel,kharghar,Kharghar,kharghar-sector-33-410210,Sector 33,410210
mh,Maharashtra,panvel,Panvel,kharghar,Kharghar,kharghar-sector-4-410210,Sector 4,410210
mh,Maharashtra,panvel,Panvel,kharghar,Kharghar,kharghar-owepeth-410210,Owepeth,410210
mh,Maharashtra,panvel,Panvel,kharghar,Kharghar,kharghar-sector-35i-410210,Sector 35I,410210
mh,Maharashtra,panvel,Panvel,kharghar,Kharghar,kharghar-sector-2-410210,Sector 2,410210
mh,Maharashtra,panvel,Panvel,kharghar,Kharghar,kharghar-sector-14-410210,Sector 14,410210
mh,Maharashtra,panvel,Panvel,kharghar,Kharghar,kharghar-kutak-bandhan-410210,Kutak Bandhan,410210
mh,Maharashtra,panvel,Panvel,kharghar,Kharghar,kharghar-kharghar-400614,Kharghar,400614
mh,Maharashtra,panvel,Panvel,kharghar,Kharghar,kharghar-sector-19-410210,Sector-19,410210
mh,Maharashtra,panvel,Panvel,kharghar,Kharghar,kharghar-parsi-410210,Parsi,410210
mh,Maharashtra,panvel,Panvel,kharghar,Kharghar,kharghar-sector-23-410210,Sector 23,410210
mh,Maharashtra,panvel,Panvel,kharghar,Kharghar,kharghar-upper-410210,Upper,410210
mh,Maharashtra,panvel,Panvel,kharghar,Kharghar,kharghar-sector-36-410210,Sector 36,410210
mh,Maharashtra,panvel,Panvel,kharghar,Kharghar,kharghar-gopalchandra-410210,Gopalchandra,410210
mh,Maharashtra,panvel,Panvel,kharghar,Kharghar,kharghar-sector-35e-410210,Sector 35E,410210
mh,Maharashtra,panvel,Panvel,kharghar,Kharghar,kharghar-sector-6-410210,Sector 6,410210
mh,Maharashtra,panvel,Panvel,kharghar,Kharghar,kharghar-sector-04-410210,Sector 04,410210
mh,Maharashtra,panvel,Panvel,kharghar,Kharghar,kharghar-sector-34-410210,Sector 34,410210
mh,Maharashtra,panvel,Panvel,kharghar,Kharghar,kharghar-owe-camp-410210,Owe Camp,410210
mh,Maharashtra,panvel,Panvel,kharghar,Kharghar,kharghar-sector-8-410210,Sector 8,410210
mh,Maharashtra,panvel,Panvel,kharghar,Kharghar,kharghar-sec-06-410210,SEC -06,410210
mh,Maharashtra,panvel,Panvel,kharghar,Kharghar,kharghar-sector-5-410210,Sector-5,410210
mh,Maharashtra,panvel,Panvel,kharghar,Kharghar,kharghar-sector-16-410210,Sector 16,410210
mh,Maharashtra,panvel,Panvel,kharghar,Kharghar,kharghar-sector-12-400614,Sector 12,400614
mh,Maharashtra,panvel,Panvel,kharghar,Kharghar,kharghar-sector-19-410210-2,SECTOR - 19,410210
mh,Maharashtra,panvel,Panvel,kharghar,Kharghar,kharghar-station-410210,Station,410210
mh,Maharashtra,panvel,Panvel,kharghar,Kharghar,kharghar-sector-40-410210,Sector 40,410210
mh,Maharashtra,panvel,Panvel,kharghar,Kharghar,kharghar-sector-7-400614,Sector 7,400614
mh,Maharashtra,panvel,Panvel,kharghar,Kharghar,kharghar-sector-3-410210,Sector 3,410210
mh,Maharashtra,panvel,Panvel,kharghar,Kharghar,kharghar-sector-35g-410210,Sector 35G,410210
mh,Maharashtra,panvel,Panvel,kharghar,Kharghar,kharghar-sector-34c-410210,Sector 34C,410210
mh,Maharashtra,panvel,Panvel,kharghar,Kharghar,kharghar-sec-8-410210,Sec-8,410210
mh,Maharashtra,panvel,Panvel,kharghar,Kharghar,kharghar-sector-37-410210,Sector 37,410210
mh,Maharashtra,panvel,Panvel,kharghar,Kharghar,kharghar-sector-12-410206,Sector 12,410206
mh,Maharashtra,panvel,Panvel,kharghar,Kharghar,kharghar-sector-24-410210,Sector 24,410210
mh,Maharashtra,panvel,Panvel,kharghar,Kharghar,kharghar-belpada-gaon-410210,Belpada Gaon,410210
mh,Maharashtra,panvel,Panvel,kharghar,Kharghar,kharghar-e-kharghar-410210,E Kharghar,410210
mh,Maharashtra,panvel,Panvel,kharghar,Kharghar,kharghar-kharghar-410206,Kharghar,410206
mh,Maharashtra,panvel,Panvel,kharghar,Kharghar,kharghar-sector-1-410210,Sector 1,410210
mh,Maharashtra,panvel,Panvel,kharghar,Kharghar,kharghar-sector-35c-410210,Sector 35C,410210
mh,Maharashtra,panvel,Panvel,kharghar,Kharghar,kharghar-sec-35d-410210,SEC-35D,410210
mh,Maharashtra,panvel,Panvel,kharghar,Kharghar,kharghar-sector-05-410210,Sector 05,410210
mh,Maharashtra,panvel,Panvel,kharghar,Kharghar,kharghar-sec-35f-410210,Sec 35F,410210
mh,Maharashtra,panvel,Panvel,kharghar,Kharghar,kharghar-dasmesh-view-410210,Dasmesh View,410210
mh,Maharashtra,panvel,Panvel,kharghar,Kharghar,kharghar-sec-8-410210-2,Sec - 8,410210
mh,Maharashtra,panvel,Panvel,kharghar,Kharghar,kharghar-kamothe-410210,Kamothe,410210
mh,Maharashtra,panvel,Panvel,kharghar,Kharghar,kharghar-sector-35-h-410210,Sector 35 H,410210
mh,Maharashtra,panvel,Panvel,kharghar,Kharghar,kharghar-sec-35e-410210,sec-35e,410210
mh,Maharashtra,panvel,Panvel,kharghar,Kharghar,kharghar-sector-02-410210,Sector 02,410210
mh,Maharashtra,panvel,Panvel,kharghar,Kharghar,kharghar-kh2-410210,KH2,410210
mh,Maharashtra,panvel,Panvel,kharghar,Kharghar,kharghar-sector-no-12-410210,Sector No. 12,410210
mh,Maharashtra,panvel,Panvel,kharghar,Kharghar,kharghar-r-a-410210,R/A,410210
mh,Maharashtra,panvel,Panvel,kharghar,Kharghar,kharghar-sector-4-400614,Sector 4,400614
mh,Maharashtra,panvel,Panvel,kharghar,Kharghar,kharghar-sec-35e-410210-2,Sec - 35E,410210
mh,Maharashtra,panvel,Panvel,kharghar,Kharghar,kharghar-sector-17-410210,Sector 17,410210
mh,Maharashtra,panvel,Panvel,kharghar,Kharghar,kharghar-junction-410210,Junction,410210
mh,Maharashtra,panvel,Panvel,kharghar,Kharghar,kharghar-sector-35h-410210,sector -35H,410210
mh,Maharashtra,panvel,Panvel,kharghar,Kharghar,kharghar-kharghar-s-o-410210,Kharghar S.O,410210
mh,Maharashtra,panvel,Panvel,kharghar,Kharghar,kharghar-farshipada-410210,Farshipada,410210
mh,Maharashtra,panvel,Panvel,kharghar,Kharghar,kharghar-sector-12-410210-2,sector:12,410210
mh,Maharashtra,panvel,Panvel,kharghar,Kharghar,kharghar-sector-5-410210-2,Sector 5,410210
mh,Maharashtra,panvel,Panvel,kharghar,Kharghar,kharghar-sector-07-410210,Sector-07,410210
mh,Maharashtra,panvel,Panvel,kharghar,Kharghar,kharghar-taloja-phase-2-410210,Taloja Phase 2,410210
mh,Maharashtra,panvel,Panvel,kharghar,Kharghar,kharghar-sector-10-400706,Sector 10,400706
mh,Maharashtra,panvel,Panvel,kharghar,Kharghar,kharghar-sector-08-410210,Sector 08,410210
mh,Maharashtra,panvel,Panvel,kharghar,Kharghar,kharghar-sector-07-410210-2,Sector 07,410210
mh,Maharashtra,panvel,Panvel,kharghar,Kharghar,kharghar-sector-35h-410210-2,Sector 35H,410210
mh,Maharashtra,panvel,Panvel,kharghar,Kharghar,kharghar-forest-area-410210,Forest Area,410210
mh,Maharashtra,panvel,Panvel,kharghar,Kharghar,kharghar-sector-21-400614,Sector 21,400614
mh,Maharashtra,panvel,Panvel,kharghar,Kharghar,kharghar-sector-no-20-410210,Sector No 20,410210
mh,Maharashtra,panvel,Panvel,kharghar,Kharghar,kharghar-sector-35d-410210,Sector 35D,410210
mh,Maharashtra,panvel,Panvel,kharghar,Kharghar,kharghar-sector-29-410210,Sector 29,410210
mh,Maharashtra,panvel,Panvel,kharghar,Kharghar,kharghar-sector-10-410210-2,Sector: 10,410210
mh,Maharashtra,panvel,Panvel,kharghar,Kharghar,kharghar-sector-no-12-410210-2,Sector No.12,410210
mh,Maharashtra,panvel,Panvel,kharghar,Kharghar,kharghar-sec12-410210,sec12,410210
mh,Maharashtra,panvel,Panvel,kharghar,Kharghar,kharghar-sector-07-410210-3,Sector.07,410210
mh,Maharashtra,panvel,Panvel,kharghar,Kharghar,kharghar-sector-20-410210-2,Sector:20,410210
mh,Maharashtra,panvel,Panvel,kharghar,Kharghar,kharghar-sector-06-410210,Sector 06,410210
mh,Maharashtra,panvel,Panvel,kharghar,Kharghar,kharghar-sector-no-13-410210,SECTOR NO-13,410210
mh,Maharashtra,panvel,Panvel,kharghar,Kharghar,kharghar-sector-35e-410210-2,Sector -35E,410210
mh,Maharashtra,panvel,Panvel,kharghar,Kharghar,kharghar-sector-no-10-410210,Sector No.10,410210
mh,Maharashtra,panvel,Panvel,kharghar,Kharghar,kharghar-forest-area-400614,Forest Area,400614
mh,Maharashtra,panvel,Panvel,kharghar,Kharghar,kharghar-sector-no-2-410210,Sector No 2,410210
mh,Maharashtra,panvel,Panvel,kharghar,Kharghar,kharghar-410210,,410210
mh,Maharashtra,panvel,Panvel,kharghar,Kharghar,kharghar-sector-20-400706,Sector 20,400706
mh,Maharashtra,panvel,Panvel,kharghar,Kharghar,kharghar-sector-39a-410210,Sector 39A,410210
mh,Maharashtra,panvel,Panvel,kharghar,Kharghar,kharghar-khtuk-bandhan-410210,KHTUK BANDHAN,410210
mh,Maharashtra,panvel,Panvel,kharghar,Kharghar,kharghar-sector-28-400706,Sector 28,400706
mh,Maharashtra,panvel,Panvel,oldpanvel,Old Panvel,oldpanvel-410206,,410206
mh,Maharashtra,panvel,Panvel,oldpanvel,Old Panvel,oldpanvel-gavdevi-pada-410206,GAVDEVI PADA,410206
mh,Maharashtra,panvel,Panvel,oldpanvel,Old Panvel,oldpanvel-tal-panvel-dist-410206,Tal. Panvel Dist,410206
mh,Maharashtra,panvel,Panvel,oldpanvel,Old Panvel,oldpanvel-old-panvel-410206,Old Panvel,410206
mh,Maharashtra,panvel,Panvel,oldpanvel,Old Panvel,oldpanvel-shivaji-road-behind-saraswati-mandir-410206,shivaji road behind Saraswati Mandir,410206
mh,Maharashtra,panvel,Panvel,oldpanvel,Old Panvel,oldpanvel-panvel-410206,Panvel,410206
mh,Maharashtra,panvel,Panvel,oldpanvel,Old Panvel,oldpanvel-near-sahstrabudhe-hospital-410206,Near Sahstrabudhe Hospital,410206
mh,Maharashtra,panvel,Panvel,oldpanvel,Old Panvel,oldpanvel-near-bhusar-mohalla-masjid-410206,near bhusar mohalla masjid,410206
mh,Maharashtra,panvel,Panvel,oldpanvel,Old Panvel,oldpanvel-panvel-co-op-housing-society-410206,Panvel Co-op Housing Society,410206
mh,Maharashtra,panvel,Panvel,oldpanvel,Old Panvel,oldpanvel-market-yard-road-410206,Market Yard Road,410206
mh,Maharashtra,panvel,Panvel,oldpanvel,Old Panvel,oldpanvel-joshi-ali-410206,Joshi Ali,410206
mh,Maharashtra,panvel,Panvel,oldpanvel,Old Panvel,oldpanvel-shop-no-2-and-3-nandanvan-society-plot-no-228-rupali-cinema-road-panvel-410206,Shop No-2&3 Nandanvan Society Plot No- 228 Rupali Cinema Road Panvel,410206
mh,Maharashtra,panvel,Panvel,oldpanvel,Old Panvel,oldpanvel-karnala-sports-academy-410206,Karnala sports academy,410206
mh,Maharashtra,panvel,Panvel,oldpanvel,Old Panvel,oldpanvel-uran-naka-410206,Uran Naka,410206
mh,Maharashtra,panvel,Panvel,oldpanvel,Old Panvel,oldpanvel-muslim-naka-m-g-road-410206,Muslim Naka M.G. Road,410206
mh,Maharashtra,panvel,Panvel,oldpanvel,Old Panvel,oldpanvel-koliwada-panvel-tal-panvel-dist-raigad-410206,Koliwada Panvel.Tal.Panvel.Dist.Raigad,410206
mh,Maharashtra,panvel,Panvel,oldpanvel,Old Panvel,oldpanvel-mominpada-410206,Mominpada,410206
mh,Maharashtra,panvel,Panvel,oldpanvel,Old Panvel,oldpanvel-loknete-d-b-patil-nagar-410206,Loknete D B Patil Nagar,410206
mh,Maharashtra,panvel,Panvel,panvel,Panvel,panvel-kacchi-mohalla-410206,Kacchi Mohalla,410206
mh,Maharashtra,panvel,Panvel,panvel,Panvel,panvel-road-410206,Road,410206
mh,Maharashtra,panvel,Panvel,panvel,Panvel,panvel-mtnl-rd-410206,MTNL Rd,410206
mh,Maharashtra,panvel,Panvel,panvel,Panvel,panvel-kudupada-410206,Kudupada,410206
mh,Maharashtra,panvel,Panvel,panvel,Panvel,panvel-sector-19-410206,Sector 19,410206
mh,Maharashtra,panvel,Panvel,panvel,Panvel,panvel-sector-15a-410206,Sector 15A,410206
mh,Maharashtra,panvel,Panvel,panvel,Panvel,panvel-panvel-410206,Panvel,410206
mh,Maharashtra,panvel,Panvel,panvel,Panvel,panvel-sector-9-410206,Sector 9,410206
mh,Maharashtra,panvel,Panvel,panvel,Panvel,panvel-sector-13-410206,Sector 13,410206
mh,Maharashtra,panvel,Panvel,panvel,Panvel,panvel-next-to-bharat-petroleum-station-410206,next to Bharat Petroleum Station,410206
mh,Maharashtra,panvel,Panvel,panvel,Panvel,panvel-sector-4-410206,Sector 4,410206
mh,Maharashtra,panvel,Panvel,panvel,Panvel,panvel-takka-rd-410206,Takka Rd,410206
mh,Maharashtra,panvel,Panvel,panvel,Panvel,panvel-sector-9-410206-2,Sector-9,410206
mh,Maharashtra,panvel,Panvel,panvel,Panvel,panvel-sector-3-410206,Sector 3,410206
mh,Maharashtra,panvel,Panvel,panvel,Panvel,panvel-panchshil-nagar-410206,Panchshil Nagar,410206
mh,Maharashtra,panvel,Panvel,panvel,Panvel,panvel-sector-21-410206,Sector 21,410206
mh,Maharashtra,panvel,Panvel,panvel,Panvel,panvel-nityanand-nagar-410206,Nityanand Nagar,410206
mh,Maharashtra,panvel,Panvel,panvel,Panvel,panvel-near-panchamukhi-hanuman-mandir-410206,near Panchamukhi Hanuman Mandir,410206
mh,Maharashtra,panvel,Panvel,panvel,Panvel,panvel-sector-15-410206,Sector 15,410206
mh,Maharashtra,panvel,Panvel,panvel,Panvel,panvel-vasudev-balwant-phadke-rd-410206,Vasudev Balwant Phadke Rd,410206
mh,Maharashtra,panvel,Panvel,panvel,Panvel,panvel-sector-4b-410206,Sector 4B,410206
mh,Maharashtra,panvel,Panvel,panvel,Panvel,panvel-sector-8-410206,Sector 8,410206
mh,Maharashtra,panvel,Panvel,panvel,Panvel,panvel-sector-1-410206,Sector - 1,410206
mh,Maharashtra,panvel,Panvel,panvel,Panvel,panvel-sector-17-410206,Sector 17,410206
mh,Maharashtra,panvel,Panvel,panvel,Panvel,panvel-sector-6-410206,Sector 6,410206
mh,Maharashtra,panvel,Panvel,panvel,Panvel,panvel-mumbai-pune-highway-410206,Mumbai - Pune Highway,410206
mh,Maharashtra,panvel,Panvel,panvel,Panvel,panvel-sector-5-410206,Sector 5,410206
mh,Maharashtra,panvel,Panvel,panvel,Panvel,panvel-sector-14-410206,Sector 14,410206
mh,Maharashtra,panvel,Panvel,panvel,Panvel,panvel-jaybharat-naka-410206,Jaybharat naka,410206
mh,Maharashtra,panvel,Panvel,panvel,Panvel,panvel-sector-12-410206,Sector 12,410206
mh,Maharashtra,panvel,Panvel,panvel,Panvel,panvel-new-panvel-flyover-410206,New Panvel Flyover,410206
mh,Maharashtra,panvel,Panvel,panvel,Panvel,panvel-panvel-co-op-housing-society-410206,Panvel Co-op Housing Society,410206
mh,Maharashtra,panvel,Panvel,panvel,Panvel,panvel-sector-8-410206-2,Sector - 8,410206
mh,Maharashtra,panvel,Panvel,panvel,Panvel,panvel-kawale-naka-rd-410206,Kawale Naka Rd,410206
mh,Maharashtra,panvel,Panvel,panvel,Panvel,panvel-lokmanya-tilak-road-410206,Lokmanya Tilak Road,410206
mh,Maharashtra,panvel,Panvel,panvel,Panvel,panvel-sai-nagar-rd-410206,Sai Nagar Rd,410206
mh,Maharashtra,panvel,Panvel,panvel,Panvel,panvel-sector-7-410206,Sector 7,410206
mh,Maharashtra,panvel,Panvel,panvel,Panvel,panvel-mominpada-410206,Mominpada,410206
mh,Maharashtra,panvel,Panvel,panvel,Panvel,panvel-near-sai-baba-temple-410206,near Sai Baba Temple,410206
mh,Maharashtra,panvel,Panvel,panvel,Panvel,panvel-sector-16-410206,Sector 16,410206
mh,Maharashtra,panvel,Panvel,panvel,Panvel,panvel-manek-nagar-410206,Manek Nagar,410206
mh,Maharashtra,panvel,Panvel,panvel,Panvel,panvel-tilak-rd-410206,Tilak Rd,410206
mh,Maharashtra,panvel,Panvel,panvel,Panvel,panvel-nr-jay-bharat-naka-410206,nr. Jay Bharat Naka,410206
mh,Maharashtra,panvel,Panvel,panvel,Panvel,panvel-shop-no-2-410206,Shop No. 2,410206
mh,Maharashtra,panvel,Panvel,panvel,Panvel,panvel-sector-18-410206,Sector 18,410206
mh,Maharashtra,panvel,Panvel,panvel,Panvel,panvel-motha-khanda-410206,Motha Khanda,410206
mh,Maharashtra,panvel,Panvel,panvel,Panvel,panvel-near-vk-high-school-410206,near VK high-school,410206
mh,Maharashtra,panvel,Panvel,panvel,Panvel,panvel-dist-410206,Dist,410206
mh,Maharashtra,panvel,Panvel,panvel,Panvel,panvel-opp-cisf-410206,opp. CISF,410206
mh,Maharashtra,panvel,Panvel,panvel,Panvel,panvel-opp-annapurna-khanavar-410206,opp. Annapurna Khanavar,410206
mh,Maharashtra,panvel,Panvel,panvel,Panvel,panvel-shop-no-54-410206,Shop No 54,410206
mh,Maharashtra,panvel,Panvel,panvel,Panvel,panvel-sector-10-410206,Sector 10,410206
mh,Maharashtra,panvel,Panvel,panvel,Panvel,panvel-sector-2-410206,Sector 2,410206
mh,Maharashtra,panvel,Panvel,panvel,Panvel,panvel-chhatrapati-shivaji-maharaj-chowk-410206,Chhatrapati Shivaji Maharaj Chowk,410206
mh,Maharashtra,panvel,Panvel,panvel,Panvel,panvel-near-reliance-smart-410206,near Reliance Smart,410206
mh,Maharashtra,panvel,Panvel,panvel,Panvel,panvel-old-thane-naka-rd-410206,Old Thane Naka Rd,410206
mh,Maharashtra,panvel,Panvel,panvel,Panvel,panvel-vadghar-410206,Vadghar,410206
mh,Maharashtra,panvel,Panvel,panvel,Panvel,panvel-savarkar-chowk-410206,Savarkar chowk,410206
mh,Maharashtra,panvel,Panvel,panvel,Panvel,panvel-ugam-nagar-410206,Ugam Nagar,410206
mh,Maharashtra,panvel,Panvel,panvel,Panvel,panvel-opp-tehsildar-office-410206,opp. Tehsildar Office,410206
mh,Maharashtra,panvel,Panvel,panvel,Panvel,panvel-sector-11-410206,Sector 11,410206
mh,Maharashtra,panvel,Panvel,panvel,Panvel,panvel-sector-1-410206-2,Sector-1,410206
mh,Maharashtra,panvel,Panvel,panvel,Panvel,panvel-nr-chhatrapati-shivaji-maharaj-chowk-410206,nr. Chhatrapati Shivaji Maharaj Chowk,410206
mh,Maharashtra,panvel,Panvel,panvel,Panvel,panvel-x4q6-pjh-410206,X4Q6+PJH,410206
mh,Maharashtra,panvel,Panvel,panvel,Panvel,panvel-naya-nagar-410206,Naya Nagar,410206
mh,Maharashtra,panvel,Panvel,panvel,Panvel,panvel-kacchi-mhollah-410206,kacchi mhollah,410206
mh,Maharashtra,panvel,Panvel,panvel,Panvel,panvel-above-priti-medical-410206,above Priti Medical,410206
mh,Maharashtra,panvel,Panvel,panvel,Panvel,panvel-sector-34-410206,Sector 34,410206
mh,Maharashtra,panvel,Panvel,panvel,Panvel,panvel-kapad-bazar-410206,Kapad Bazar,410206
mh,Maharashtra,panvel,Panvel,panvel,Panvel,panvel-opp-gune-hospital-410206,opp. GUNE HOSPITAL,410206
mh,Maharashtra,panvel,Panvel,panvel,Panvel,panvel-sector-25-410206,Sector-25,410206
mh,Maharashtra,panvel,Panvel,panvel,Panvel,panvel-joshi-ali-410206,Joshi Ali,410206
mh,Maharashtra,panvel,Panvel,panvel,Panvel,panvel-410206,,410206
mh,Maharashtra,panvel,Panvel,panvel,Panvel,panvel-near-kokan-food-hotel-410206,near Kokan Food Hotel,410206
mh,Maharashtra,panvel,Panvel,panvel,Panvel,panvel-line-ali-410206,Line Ali,410206
mh,Maharashtra,panvel,Panvel,panvel,Panvel,panvel-opp-municipal-shopping-complex-410206,opp. Municipal Shopping Complex,410206
mh,Maharashtra,panvel,Panvel,panvel,Panvel,panvel-near-dave-ayurved-bhandar-410206,near Dave Ayurved Bhandar,410206
mh,Maharashtra,panvel,Panvel,panvel,Panvel,panvel-near-swami-narayan-marg-410206,near Swami Narayan Marg,410206
mh,Maharashtra,panvel,Panvel,panvel,Panvel,panvel-opposite-chintamani-hall-410206,opposite Chintamani Hall,410206
mh,Maharashtra,panvel,Panvel,panvel,Panvel,panvel-shivaji-rd-410206,Shivaji Rd,410206
mh,Maharashtra,panvel,Panvel,panvel,Panvel,panvel-rg-gadkari-rd-410206,RG Gadkari Rd,410206
mh,Maharashtra,panvel,Panvel,panvel,Panvel,panvel-near-narmada-complex-410206,near Narmada complex,410206
mh,Maharashtra,panvel,Panvel,panvel,Panvel,panvel-opposite-gavdevi-mandir-410206,opposite Gavdevi Mandir,410206
mh,Maharashtra,panvel,Panvel,panvel,Panvel,panvel-near-pmc-bank-410206,near PMC Bank,410206
mh,Maharashtra,panvel,Panvel,panvel,Panvel,panvel-sector-09-410206,Sector 09,410206
mh,Maharashtra,panvel,Panvel,panvel,Panvel,panvel-beside-radha-hari-niwas-410206,beside Radha Hari Niwas,410206
mh,Maharashtra,panvel,Panvel,panvel,Panvel,panvel-opp-national-regency-410206,opp. National Regency,410206
mh,Maharashtra,panvel,Panvel,panvel,Panvel,panvel-beside-cotton-king-410206,beside Cotton King,410206
mh,Maharashtra,panvel,Panvel,panvel,Panvel,panvel-opp-telephone-exchange-410206,opp. Telephone Exchange,410206
mh,Maharashtra,panvel,Panvel,panvel,Panvel,panvel-orion-mall-410206,Orion Mall,410206
mh,Maharashtra,panvel,Panvel,panvel,Panvel,panvel-opp-sanchi-saree-410206,opp. Sanchi Saree,410206
mh,Maharashtra,panvel,Panvel,panvel,Panvel,panvel-near-panvel-410206,near Panvel,410206
mh,Maharashtra,panvel,Panvel,panvel,Panvel,panvel-panvel-railway-station-410206,Panvel Railway Station,410206
mh,Maharashtra,panvel,Panvel,panvel,Panvel,panvel-near-shivaji-status-410206,near Shivaji Status,410206
mh,Maharashtra,panvel,Panvel,panvel,Panvel,panvel-410206-410206,410206,410206
mh,Maharashtra,panvel,Panvel,panvel,Panvel,panvel-aashiyana-society-410206,Aashiyana Society,410206
mh,Maharashtra,panvel,Panvel,panvel,Panvel,panvel-sector-10-410206-2,Sector-10,410206
mh,Maharashtra,panvel,Panvel,panvel,Panvel,panvel-opposite-raymond-showroom-410206,opposite Raymond Showroom,410206
mh,Maharashtra,panvel,Panvel,panvel,Panvel,panvel-near-acharya-shri-nanesh-hostel-410206,near Acharya Shri Nanesh Hostel,410206
mh,Maharashtra,panvel,Panvel,panvel,Panvel,panvel-near-monarch-express-410206,near Monarch express,410206
mh,Maharashtra,panvel,Panvel,panvel,Panvel,panvel-near-lucky-bag-410206,near lucky bag,410206
mh,Maharashtra,panvel,Panvel,panvel,Panvel,panvel-market-yard-410206,market yard,410206
mh,Maharashtra,panvel,Panvel,panvel,Panvel,panvel-sector-1-s-410206,Sector-1/S,410206
mh,Maharashtra,panvel,Panvel,panvel,Panvel,panvel-mirchi-galli-410206,Mirchi Galli,410206
mh,Maharashtra,panvel,Panvel,panvel,Panvel,panvel-next-to-ashapuri-housing-society-410206,next to Ashapuri Housing Society,410206
mh,Maharashtra,panvel,Panvel,panvel,Panvel,panvel-new-410206,New,410206
mh,Maharashtra,panvel,Panvel,panvel,Panvel,panvel-new-panvel-410206,New Panvel,410206
mh,Maharashtra,panvel,Panvel,panvel,Panvel,panvel-x4r4-7m2-410206,X4R4+7M2,410206
mh,Maharashtra,panvel,Panvel,panvel,Panvel,panvel-x4m5-v6f-410206,X4M5+V6F,410206
mh,Maharashtra,panvel,Panvel,panvel,Panvel,panvel-behind-shabari-hotel-410206,behind Shabari Hotel,410206
mh,Maharashtra,panvel,Panvel,panvel,Panvel,panvel-near-new-410206,near New,410206
mh,Maharashtra,panvel,Panvel,panvel,Panvel,panvel-sector-6-410206-2,Sector - 6,410206
mh,Maharashtra,panvel,Panvel,panvel,Panvel,panvel-beside-virupaksha-mandir-410206,beside Virupaksha mandir,410206
mh,Maharashtra,panvel,Panvel,panvel,Panvel,panvel-near-agri-samaj-hall-410206,near agri samaj hall,410206
mh,Maharashtra,panvel,Panvel,panvel,Panvel,panvel-near-old-maruti-temple-410206,near old Maruti Temple,410206
mh,Maharashtra,panvel,Panvel,panvel,Panvel,panvel-opp-mahad-annasaheb-sawant-bank-410206,opp. Mahad (Annasaheb Sawant)Bank,410206
mh,Maharashtra,panvel,Panvel,panvel,Panvel,panvel-sector-15a-410206-2,Sector -15A,410206
mh,Maharashtra,panvel,Panvel,panvel,Panvel,panvel-mahatma-phule-rd-410206,Mahatma Phule Rd,410206
mh,Maharashtra,panvel,Panvel,panvel,Panvel,panvel-near-ganesh-mandir-410206,near GANESH MANDIR,410206
mh,Maharashtra,panvel,Panvel,panvel,Panvel,panvel-a-wing-410206,A Wing,410206
mh,Maharashtra,panvel,Panvel,panvel,Panvel,panvel-near-petrol-pump-410206,near petrol pump,410206
mh,Maharashtra,panvel,Panvel,panvel,Panvel,panvel-behind-gaav-devi-mandir-410206,behind Gaav Devi Mandir,410206
mh,Maharashtra,panvel,Panvel,panvel,Panvel,panvel-above-bake-shop-410206,above bake shop,410206
mh,Maharashtra,panvel,Panvel,panvel,Panvel,panvel-near-patwardhan-hospital-410206,near Patwardhan Hospital,410206
mh,Maharashtra,panvel,Panvel,panvel,Panvel,panvel-opposite-niramay-hospital-410206,opposite Niramay Hospital,410206
mh,Maharashtra,panvel,Panvel,panvel,Panvel,panvel-opp-mseb-office-410206,opp. MSEB OFFICE,410206
mh,Maharashtra,panvel,Panvel,panvel,Panvel,panvel-opposite-bank-of-india-410206,opposite BANK OF INDIA,410206
mh,Maharashtra,panvel,Panvel,panvel,Panvel,panvel-near-raighad-bank-410206,near Raighad Bank,410206
mh,Maharashtra,panvel,Panvel,panvel,Panvel,panvel-near-mahad-bank-410206,near mahad bank,410206
mh,Maharashtra,panvel,Panvel,panvel,Panvel,panvel-sec-10-410206,sec 10,410206
mh,Maharashtra,panvel,Panvel,panvel,Panvel,panvel-panvel-400706,Panvel,400706
mh,Maharashtra,panvel,Panvel,panvel,Panvel,panvel-behind-adarsh-hotel-410206,behind Adarsh Hotel,410206
mh,Maharashtra,panvel,Panvel,panvel,Panvel,panvel-shop-number-10-410206,Shop Number 10,410206
mh,Maharashtra,panvel,Panvel,panvel,Panvel,panvel-beside-panvel-410206,beside Panvel,410206
mh,Maharashtra,panvel,Panvel,panvel,Panvel,panvel-next-to-royal-tailor-410206,next to Royal Tailor,410206
mh,Maharashtra,panvel,Panvel,panvel,Panvel,panvel-below-sukam-hospital-410206,below Sukam Hospital,410206
mh,Maharashtra,panvel,Panvel,panvel,Panvel,panvel-nearby-bus-stand-410206,nearby Bus Stand,410206
mh,Maharashtra,panvel,Panvel,panvel,Panvel,panvel-opposite-future-height-410206,opposite Future Height,410206
mh,Maharashtra,panvel,Panvel,panvel,Panvel,panvel-maharashtra-410209-410206,Maharashtra 410209,410206
mh,Maharashtra,panvel,Panvel,panvel,Panvel,panvel-sector-13-410206-2,Sector - 13,410206
mh,Maharashtra,panvel,Panvel,panvel,Panvel,panvel-chatrapati-shivaji-maharaj-marg-410206,Chatrapati Shivaji Maharaj Marg,410206
mh,Maharashtra,panvel,Panvel,panvel,Panvel,panvel-near-old-poat-office-410206,near old poat office,410206
mh,Maharashtra,panvel,Panvel,panvel,Panvel,panvel-mahangar-palika-road-410206,MAHANGAR PALIKA ROAD,410206
mh,Maharashtra,panvel,Panvel,panvel,Panvel,panvel-patel-mohalla-410206,PATEL MOHALLA,410206
mh,Maharashtra,panvel,Panvel,panvel,Panvel,panvel-maharaj-chowk-410206,maharaj chowk,410206
mh,Maharashtra,panvel,Panvel,panvel,Panvel,panvel-muslim-naka-410206,Muslim naka,410206
mh,Maharashtra,panvel,Panvel,panvel,Panvel,panvel-musalman-nakka-410206,Musalman nakka,410206
mh,Maharashtra,panvel,Panvel,panvel,Panvel,panvel-226-410206,प्लॉट क्र 226,410206
mh,Maharashtra,panvel,Panvel,panvel,Panvel,panvel-mg-rd-410206,MG Rd,410206
mh,Maharashtra,panvel,Panvel,panvel,Panvel,panvel-market-yard-rd-410206,Market Yard Rd,410206
mh,Maharashtra,panvel,Panvel,panvel,Panvel,panvel-mumbai-pune-expy-410206,Mumbai - Pune Expy,410206
mh,Maharashtra,panvel,Panvel,panvel,Panvel,panvel-near-panvel-yard-market-410206,near Panvel Yard Market,410206
mh,Maharashtra,panvel,Panvel,panvel,Panvel,panvel-opp-mauli-apt-410206,opp. Mauli apt,410206
mh,Maharashtra,panvel,Panvel,panvel,Panvel,panvel-river-view-tower-410206,River-View Tower,410206
mh,Maharashtra,panvel,Panvel,panvel,Panvel,panvel-old-panvel-410206,Old Panvel,410206
mh,Maharashtra,panvel,Panvel,panvel,Panvel,panvel-banglow-society-410206,Banglow Society,410206
mh,Maharashtra,panvel,Panvel,panvel,Panvel,panvel-bandar-rd-410206,Bandar Rd,410206
mh,Maharashtra,panvel,Panvel,panvel,Panvel,panvel-shri-sai-krishna-building-410206,Shri Sai Krishna Building,410206
mh,Maharashtra,panvel,Panvel,panvel,Panvel,panvel-x4w3-4cc-410206,X4W3+4CC,410206
mh,Maharashtra,panvel,Panvel,panvel,Panvel,panvel-behind-cake-world-shop-410206,behind Cake world shop,410206
mh,Maharashtra,panvel,Panvel,panvel,Panvel,panvel-bhusar-mohalla-410206,Bhusar Mohalla,410206
mh,Maharashtra,panvel,Panvel,panvel,Panvel,panvel-loknete-d-b-patil-nagar-410206,Loknete D B Patil Nagar,410206
mh,Maharashtra,panvel,Panvel,panvel,Panvel,panvel-x4q5-qpv-410206,X4Q5+QPV,410206
mh,Maharashtra,panvel,Panvel,panvel,Panvel,panvel-agri-samaj-mandir-road-410206,Agri Samaj Mandir Road,410206
mh,Maharashtra,panvel,Panvel,panvel,Panvel,panvel-pl-5-410206,PL-5,410206
mh,Maharashtra,panvel,Panvel,panvel,Panvel,panvel-behind-orion-mall-410206,behind Orion Mall,410206
mh,Maharashtra,panvel,Panvel,panvel,Panvel,panvel-cidco-colony-410206,CIDCO Colony,410206
mh,Maharashtra,panvel,Panvel,panvel,Panvel,panvel-flyover-410206,Flyover,410206
mh,Maharashtra,panvel,Panvel,panvel,Panvel,panvel-x4x6-542-410206,X4X6+542,410206
mh,Maharashtra,panvel,Panvel,panvel,Panvel,panvel-near-chanakya-hotel-410206,near Chanakya hotel,410206
mh,Maharashtra,panvel,Panvel,panvel,Panvel,panvel-govind-anmol-chs-410206,govind anmol chs,410206
mh,Maharashtra,panvel,Panvel,panvel,Panvel,panvel-panvel-station-rd-410206,Panvel Station Rd,410206
mh,Maharashtra,panvel,Panvel,panvel,Panvel,panvel-bas-stop-410206,bas stop,410206
mh,Maharashtra,panvel,Panvel,panvel,Panvel,panvel-roadpali-410206,Roadpali,410206
mh,Maharashtra,panvel,Panvel,panvel,Panvel,panvel-shop-number-9-neelkanth-darshan-building-410206,Shop Number 9 Neelkanth Darshan Building,410206
mh,Maharashtra,panvel,Panvel,panvel,Panvel,panvel-sector-1-s-410206-2,Sector 1-S,410206
mh,Maharashtra,panvel,Panvel,panvel,Panvel,panvel-beside-ratnadeep-hotel-410206,beside Ratnadeep Hotel,410206
mh,Maharashtra,panvel,Panvel,panvel,Panvel,panvel-bus-stand-410206,Bus Stand,410206
mh,Maharashtra,panvel,Panvel,panvel,Panvel,panvel-near-orion-mall-410206,near Orion Mall,410206
mh,Maharashtra,panvel,Panvel,panvel,Panvel,panvel-near-vadale-talav-road-410206,near Vadale Talav Road,410206
mh,Maharashtra,panvel,Panvel,panvel,Panvel,panvel-sector-2e-410206,Sector 2E,410206
mh,Maharashtra,panvel,Panvel,panvel,Panvel,panvel-uran-rd-410206,Uran Rd,410206
mh,Maharashtra,panvel,Panvel,panvel,Panvel,panvel-opp-ramsheth-thakur-samajik-vikas-mandal-410206,opp. ramsheth thakur samajik vikas mandal,410206
mh,Maharashtra,panvel,Panvel,panvel,Panvel,panvel-plot-no-83-410206,Plot no. 83,410206
mh,Maharashtra,panvel,Panvel,panvel,Panvel,panvel-19-21-22-410206,19.21.22,410206
mh,Maharashtra,panvel,Panvel,panvel,Panvel,panvel-near-sahara-lodge-410206,near sahara lodge,410206
mh,Maharashtra,panvel,Panvel,panvel,Panvel,panvel-panvel-industrial-co-op-estate-rd-410206,Panvel Industrial Co-Op Estate Rd,410206
mh,Maharashtra,panvel,Panvel,panvel,Panvel,panvel-panvel-410206-410206,Panvel 410206,410206
mh,Maharashtra,panvel,Panvel,panvel,Panvel,panvel-near-lal-gate-and-maheshwari-cement-410206,near Lal Gate & Maheshwari Cement,410206
mh,Maharashtra,panvel,Panvel,panvel,Panvel,panvel-than-naka-road-410206,Than Naka Road,410206
mh,Maharashtra,panvel,Panvel,panvel,Panvel,panvel-plot-46-410206,Plot 46,410206
mh,Maharashtra,panvel,Panvel,panvel,Panvel,panvel-nearby-shree-ganesh-mandir-410206,nearby Shree Ganesh Mandir,410206
mh,Maharashtra,panvel,Panvel,panvel,Panvel,panvel-near-kalsekar-collage-410206,near Kalsekar Collage,410206
mh,Maharashtra,panvel,Panvel,panvel,Panvel,panvel-near-lal-gate-410206,near Lal Gate,410206
mh,Maharashtra,panvel,Panvel,panvel,Panvel,panvel-shop-no-07-410206,Shop No 07,410206
mh,Maharashtra,panvel,Panvel,panvel,Panvel,panvel-x4r8-w5r-410206,X4R8+W5R,410206
mh,Maharashtra,panvel,Panvel,panvel,Panvel,panvel-sector-1a-410206,Sector 1A,410206
mh,Maharashtra,panvel,Panvel,panvel,Panvel,panvel-industrial-area-410206,industrial area,410206
mh,Maharashtra,panvel,Panvel,panvel,Panvel,panvel-jawahar-co-op-ind-410206,Jawahar Co-op Ind,410206
mh,Maharashtra,panvel,Panvel,panvel,Panvel,panvel-asudgaon-410206,Asudgaon,410206
mh,Maharashtra,panvel,Panvel,panvel,Panvel,panvel-sector-6a-410206,Sector 6A,410206
mh,Maharashtra,panvel,Panvel,panvel,Panvel,panvel-inside-hotel-rekhi-shivaji-410206,inside Hotel Rekhi Shivaji,410206
mh,Maharashtra,panvel,Panvel,panvel,Panvel,panvel-opposite-to-godrej-sky-garden-410206,opposite to Godrej sky garden,410206
mh,Maharashtra,panvel,Panvel,panvel,Panvel,panvel-near-hotel-ekvira-410206,near Hotel Ekvira,410206
mh,Maharashtra,panvel,Panvel,panvel,Panvel,panvel-sector-20-410206,Sector 20,410206
mh,Maharashtra,panvel,Panvel,panvel,Panvel,panvel-beside-sahara-lodge-410206,beside Sahara lodge,410206
mh,Maharashtra,panvel,Panvel,panvel,Panvel,panvel-panvel-post-410206,Panvel Post,410206
mh,Maharashtra,panvel,Panvel,panvel,Panvel,panvel-sector-2-410206-2,Sector - 2,410206
mh,Maharashtra,panvel,Panvel,panvel,Panvel,panvel-opp-pritam-hospital-410206,opp. Pritam Hospital,410206
mh,Maharashtra,panvel,Panvel,panvel,Panvel,panvel-behind-hotel-shabari-410206,behind Hotel Shabari,410206
mh,Maharashtra,panvel,Panvel,panvel,Panvel,panvel-sector-36-410206,Sector 36,410206
mh,Maharashtra,panvel,Panvel,panvel,Panvel,panvel-old-400614,Old,400614
mh,Maharashtra,panvel,Panvel,panvel,Panvel,panvel-mahmood-miya-patel-rd-410206,Mahmood Miya Patel Rd,410206
mh,Maharashtra,panvel,Panvel,panvel,Panvel,panvel-swami-nityanand-rd-410206,Swami Nityanand Rd,410206
mh,Maharashtra,panvel,Panvel,panvel,Panvel,panvel-near-gavdevi-mandir-410206,near Gavdevi Mandir,410206
mh,Maharashtra,panvel,Panvel,panvel,Panvel,panvel-near-old-post-office-410206,near Old Post Office,410206
mh,Maharashtra,panvel,Panvel,panvel,Panvel,panvel-ashapuri-nagar-410206,Ashapuri Nagar,410206
mh,Maharashtra,panvel,Panvel,panvel,Panvel,panvel-near-vaishaya-samaj-hall-410206,near Vaishaya Samaj Hall,410206
mh,Maharashtra,panvel,Panvel,panvel,Panvel,panvel-behind-dhutpapeshwar-corner-410206,behind Dhutpapeshwar Corner,410206
mh,Maharashtra,panvel,Panvel,panvel,Panvel,panvel-mulla-hamid-rd-410206,Mulla Hamid Rd,410206
mh,Maharashtra,panvel,Panvel,panvel,Panvel,panvel-near-balaji-veg-hotel-410206,near Balaji veg hotel,410206
mh,Maharashtra,panvel,Panvel,panvel,Panvel,panvel-near-life-line-hospital-410206,near Life Line Hospital,410206
mh,Maharashtra,panvel,Panvel,panvel,Panvel,panvel-opposite-st-bus-stand-410206,opposite ST Bus Stand,410206
mh,Maharashtra,panvel,Panvel,panvel,Panvel,panvel-near-samrat-hotel-410206,near Samrat Hotel,410206
mh,Maharashtra,panvel,Panvel,panvel,Panvel,panvel-sector-18a-410206,Sector 18A,410206
mh,Maharashtra,panvel,Panvel,panvel,Panvel,panvel-sector-awc-410206,Sector AWC,410206
mh,Maharashtra,panvel,Panvel,panvel,Panvel,panvel-near-panvel-maha-nagar-palika-410206,near panvel maha nagar palika,410206
mh,Maharashtra,panvel,Panvel,panvel,Panvel,panvel-opposite-laxminarayan-mandir-410206,opposite LAXMINARAYAN MANDIR,410206
mh,Maharashtra,panvel,Panvel,panvel,Panvel,panvel-rambha-niwas-410206,Rambha Niwas,410206
mh,Maharashtra,panvel,Panvel,panvel,Panvel,panvel-shop-1-410206,Shop .1,410206
mh,Maharashtra,panvel,Panvel,panvel,Panvel,panvel-rekhi-hotel-410206,Rekhi Hotel,410206
mh,Maharashtra,panvel,Panvel,panvel,Panvel,panvel-opp-bismillah-hotel-410206,opp. Bismillah Hotel,410206
mh,Maharashtra,panvel,Panvel,panvel,Panvel,panvel-middle-class-housing-society-410206,Middle Class Housing Society,410206
mh,Maharashtra,panvel,Panvel,panvel,Panvel,panvel-near-aadhar-hospital-410206,near Aadhar hospital,410206
mh,Maharashtra,panvel,Panvel,panvel,Panvel,panvel-near-pmc-market-410206,near Pmc Market,410206
mh,Maharashtra,panvel,Panvel,panvel,Panvel,panvel-opp-virupaksh-templ-410206,opp. VIRUPAKSH TEMPL,410206
mh,Maharashtra,panvel,Panvel,panvel,Panvel,panvel-mumbra-panvel-hwy-410206,Mumbra - Panvel Hwy,410206
mh,Maharashtra,panvel,Panvel,panvel,Panvel,panvel-near-paramount-hospital-410206,near Paramount Hospital,410206
mh,Maharashtra,panvel,Panvel,panvel,Panvel,panvel-opp-virupaksha-mandir-shivaji-410206,opp. Virupaksha Mandir Shivaji,410206
mh,Maharashtra,panvel,Panvel,panvel,Panvel,panvel-old-panvel-bhaji-market-410206,Old Panvel Bhaji Market,410206
mh,Maharashtra,panvel,Panvel,panvel,Panvel,panvel-shop-no-4-areeb-apt-plot-no-346-muslim-naka-410206,Shop no 4 areeb apt Plot No 346 Muslim naka,410206
mh,Maharashtra,panvel,Panvel,panvel,Panvel,panvel-sector-03-410206,sector 03,410206
mh,Maharashtra,panvel,Panvel,panvel,Panvel,panvel-near-panvel-bus-depot-410206,near Panvel Bus Depot,410206
mh,Maharashtra,panvel,Panvel,panvel,Panvel,panvel-near-city-police-station-410206,near City police Station,410206
mh,Maharashtra,panvel,Panvel,panvel,Panvel,panvel-opposite-ckp-hall-410206,opposite CKP Hall,410206
mh,Maharashtra,panvel,Panvel,panvel,Panvel,panvel-near-goodluck-stores-410206,near Goodluck Stores,410206
mh,Maharashtra,panvel,Panvel,panvel,Panvel,panvel-near-ratan-theatre-410206,near ratan theatre,410206
mh,Maharashtra,panvel,Panvel,panvel,Panvel,panvel-mcch-society-410206,MCCH Society,410206
mh,Maharashtra,panvel,Panvel,panvel,Panvel,panvel-opp-pada-mohalla-masjid-410206,opp. pada mohalla masjid,410206
mh,Maharashtra,panvel,Panvel,panvel,Panvel,panvel-near-st-stand-410206,near ST Stand,410206
mh,Maharashtra,panvel,Panvel,panvel,Panvel,panvel-140b-410206,140B,410206
mh,Maharashtra,panvel,Panvel,panvel,Panvel,panvel-opp-orion-mall-410206,opp. Orion Mall,410206
mh,Maharashtra,panvel,Panvel,panvel,Panvel,panvel-sector-11-410206-2,Sector-11,410206
mh,Maharashtra,panvel,Panvel,panvel,Panvel,panvel-near-aadharsh-hotel-410206,near Aadharsh Hotel,410206
mh,Maharashtra,panvel,Panvel,panvel,Panvel,panvel-near-ketki-hotel-410206,near Ketki Hotel,410206
mh,Maharashtra,panvel,Panvel,panvel,Panvel,panvel-opposite-domino-s-pizza-410206,opposite Domino's Pizza,410206
mh,Maharashtra,panvel,Panvel,panvel,Panvel,panvel-millenium-hilton-410206,Millenium Hilton,410206
mh,Maharashtra,panvel,Panvel,panvel,Panvel,panvel-sai-nagar-410206,sai nagar,410206
mh,Maharashtra,panvel,Panvel,panvel,Panvel,panvel-opp-gavdevi-temple-410206,opp. Gavdevi Temple,410206
mh,Maharashtra,panvel,Panvel,panvel,Panvel,panvel-sector-1-s-410206-3,Sector 1- S,410206
mh,Maharashtra,panvel,Panvel,panvel,Panvel,panvel-karanjade-410206,Karanjade,410206
mh,Maharashtra,panvel,Panvel,panvel,Panvel,panvel-opposite-aashirwad-clinic-410206,opposite Aashirwad Clinic,410206
mh,Maharashtra,panvel,Panvel,panvel,Panvel,panvel-patel-moholla-410206,Patel Moholla,410206
mh,Maharashtra,panvel,Panvel,panvel,Panvel,panvel-m-p-phule-road-410206,M.P.Phule Road,410206
mh,Maharashtra,panvel,Panvel,panvel,Panvel,panvel-sai-paradise-chs-410206,Sai paradise CHS,410206
mh,Maharashtra,panvel,Panvel,panvel,Panvel,panvel-sector-01-410206,Sector-01,410206
mh,Maharashtra,panvel,Panvel,panvel,Panvel,panvel-kolwadi-410206,Kolwadi,410206
mh,Maharashtra,panvel,Panvel,panvel,Panvel,panvel-opp-dr-babasaheb-ambedkar-statue-410206,opp. Dr. Babasaheb Ambedkar Statue,410206
mh,Maharashtra,panvel,Panvel,panvel,Panvel,panvel-sukapur-410206,Sukapur,410206
mh,Maharashtra,panvel,Panvel,panvel,Panvel,panvel-opp-panvel-st-depot-410206,opp. Panvel st. Depot,410206
mh,Maharashtra,panvel,Panvel,panvel,Panvel,panvel-opposite-ashoka-gardens-410206,opposite Ashoka Gardens,410206
mh,Maharashtra,panvel,Panvel,panvel,Panvel,panvel-opp-bus-stand-410206,Opp Bus Stand,410206
mh,Maharashtra,panvel,Panvel,panvel,Panvel,panvel-tillu-guruji-path-410206,Tillu Guruji Path,410206
mh,Maharashtra,panvel,Panvel,panvel,Panvel,panvel-near-near-court-410206,near Near Court,410206
mh,Maharashtra,panvel,Panvel,panvel,Panvel,panvel-x4r8-m3v-410206,X4R8+M3V,410206
mh,Maharashtra,panvel,Panvel,panvel,Panvel,panvel-padaold-410206,padaOld,410206
mh,Maharashtra,panvel,Panvel,panvel,Panvel,panvel-near-mtnl-road-410206,near MTNL Road,410206
mh,Maharashtra,panvel,Panvel,panvel,Panvel,panvel-opp-dr-nadkarni-hospital-410206,opp. Dr. Nadkarni Hospital,410206
mh,Maharashtra,panvel,Panvel,panvel,Panvel,panvel-nr-adarsh-hotel-410206,nr. Adarsh Hotel,410206
mh,Maharashtra,panvel,Panvel,panvel,Panvel,panvel-uran-panvel-rd-410206,Uran - Panvel Rd,410206
mh,Maharashtra,panvel,Panvel,panvel,Panvel,panvel-aaditya-plaza-ground-floor-plot-no-91-410206,Aaditya Plaza Ground Floor Plot No 91,410206
mh,Maharashtra,panvel,Panvel,panvel,Panvel,panvel-taluka-410206,Taluka,410206
mh,Maharashtra,panvel,Panvel,panvel,Panvel,panvel-near-vasudev-balvant-fadke-natyaghuh-410206,near Vasudev Balvant fadke Natyaghuh,410206
mh,Maharashtra,panvel,Panvel,panvel,Panvel,panvel-near-kalpataru-riverside-market-yard-road-410206,near Kalpataru Riverside Market Yard Road,410206
mh,Maharashtra,panvel,Panvel,panvel,Panvel,panvel-nearby-domino-s-410206,nearby Domino's,410206
mh,Maharashtra,panvel,Panvel,panvel,Panvel,panvel-x4v7-7p4-410206,X4V7+7P4,410206
mh,Maharashtra,panvel,Panvel,panvel,Panvel,panvel-opp-chhatrapati-shivaji-maharaj-chowk-410206,opp. Chhatrapati Shivaji Maharaj Chowk,410206
mh,Maharashtra,panvel,Panvel,panvel,Panvel,panvel-chinmay-gaurang-complex-410206,CHINMAY GAURANG COMPLEX,410206
mh,Maharashtra,panvel,Panvel,panvel,Panvel,panvel-nh4-410206,NH4,410206
mh,Maharashtra,panvel,Panvel,panvel,Panvel,panvel-kalundre-410206,Kalundre,410206
mh,Maharashtra,panvel,Panvel,panvel,Panvel,panvel-amardham-mortuary-410206,Amardham Mortuary,410206
mh,Maharashtra,panvel,Panvel,panvel,Panvel,panvel-x4h9-g6h-410206,X4H9+G6H,410206
mh,Maharashtra,panvel,Panvel,panvel,Panvel,panvel-near-lucky-sports-410206,near lucky sports,410206
mh,Maharashtra,panvel,Panvel,panvel,Panvel,panvel-opposite-krushnali-talab-410206,opposite krushnali talab,410206
mh,Maharashtra,panvel,Panvel,panvel,Panvel,panvel-near-mtnl-office-410206,near MTNL office,410206
mh,Maharashtra,panvel,Panvel,panvel,Panvel,panvel-nearby-home-life-traders-410206,nearby Home Life Traders,410206
mh,Maharashtra,panvel,Panvel,panvel,Panvel,panvel-vishrali-naka-410206,Vishrali Naka,410206
mh,Maharashtra,panvel,Panvel,panvel,Panvel,panvel-near-idbi-bank-410206,near IDBI Bank,410206
mh,Maharashtra,panvel,Panvel,panvel,Panvel,panvel-behind-karnala-sports-complex-410206,behind Karnala Sports Complex,410206
mh,Maharashtra,panvel,Panvel,panvel,Panvel,panvel-near-sai-ganesh-mandir-410206,near Sai Ganesh Mandir,410206
mh,Maharashtra,panvel,Panvel,panvel,Panvel,panvel-a-type-410206,A-type,410206
mh,Maharashtra,panvel,Panvel,panvel,Panvel,panvel-ravji-bhimji-rangpariya-marg-410206,Ravji Bhimji Rangpariya Marg,410206
mh,Maharashtra,panvel,Panvel,panvel,Panvel,panvel-near-panchmukhi-hanuman-mandir-panvel-410206,near panchmukhi hanuman mandir. Panvel,410206
mh,Maharashtra,panvel,Panvel,panvel,Panvel,panvel-near-sai-temple-valavali-village-410206,near sai temple Valavali village,410206
mh,Maharashtra,panvel,Panvel,panvel,Panvel,panvel-khanda-colony-410206,Khanda colony,410206
mh,Maharashtra,panvel,Panvel,panvel,Panvel,panvel-above-axis-bank-410206,above axis bank,410206
mh,Maharashtra,panvel,Panvel,panvel,Panvel,panvel-yashobalkrishna-co-op-society-410206,Yashobalkrishna Co.op.Society,410206
mh,Maharashtra,panvel,Panvel,panvel,Panvel,panvel-near-icici-bank-and-balaji-banquet-410206,near ICICI Bank & Balaji Banquet,410206
mh,Maharashtra,panvel,Panvel,panvel,Panvel,panvel-opposite-shree-sai-mandir-410206,opposite shree sai mandir,410206
mh,Maharashtra,panvel,Panvel,panvel,Panvel,panvel-maharashtra-state-highway-410206,Maharashtra State Highway,410206
mh,Maharashtra,panvel,Panvel,panvel,Panvel,panvel-opp-al-madiha-apt-410206,opp. Al-Madiha Apt,410206
mh,Maharashtra,panvel,Panvel,panvel,Panvel,panvel-next-to-suruchi-hotel-410206,next to Suruchi Hotel,410206
mh,Maharashtra,panvel,Panvel,panvel,Panvel,panvel-behind-purohit-hospital-street-410206,behind Purohit Hospital Street,410206
mh,Maharashtra,panvel,Panvel,panvel,Panvel,panvel-near-narayan-book-depot-410206,near NARAYAN BOOK DEPOT,410206
mh,Maharashtra,panvel,Panvel,panvel,Panvel,panvel-at-ambedkar-statue-410206,at Ambedkar Statue,410206
mh,Maharashtra,panvel,Panvel,panvel,Panvel,panvel-4-410206,4,410206
mh,Maharashtra,panvel,Panvel,panvel,Panvel,panvel-next-to-saraswat-bank-bldg-410206,next to Saraswat Bank Bldg,410206
mh,Maharashtra,panvel,Panvel,panvel,Panvel,panvel-opposite-mcch-society-410206,opposite MCCH SOCIETY,410206
mh,Maharashtra,panvel,Panvel,panvel,Panvel,panvel-opp-mtnl-exchange-410206,opp. MTNL Exchange,410206
mh,Maharashtra,panvel,Panvel,panvel,Panvel,panvel-opposite-mtnl-buding-410206,opposite MTNL buding,410206
mh,Maharashtra,panvel,Panvel,panvel,Panvel,panvel-near-fish-market-410206,near Fish Market,410206
mh,Maharashtra,panvel,Panvel,panvel,Panvel,panvel-sec-1s-410206,Sec -1S,410206
mh,Maharashtra,panvel,Panvel,panvel,Panvel,panvel-behind-life-line-hospital-410206,behind Life Line Hospital,410206
mh,Maharashtra,panvel,Panvel,panvel,Panvel,panvel-10-jk-plaza-1st-floor-shivaji-chowk-410206,10.Jk plaza.1st floor. shivaji chowk.,410206
mh,Maharashtra,panvel,Panvel,panvel,Panvel,panvel-next-to-orion-mall-410206,next to Orion Mall,410206
mh,Maharashtra,panvel,Panvel,panvel,Panvel,panvel-opp-st-stand-410206,opp. ST Stand,410206
mh,Maharashtra,panvel,Panvel,panvel,Panvel,panvel-koliwada-410206,Koliwada,410206
mh,Maharashtra,panvel,Panvel,panvel,Panvel,panvel-near-nadkarni-hospital-410206,near Nadkarni Hospital,410206
mh,Maharashtra,panvel,Panvel,panvel,Panvel,panvel-lokamanya-nagar-410206,lokamanya nagar,410206
mh,Maharashtra,panvel,Panvel,panvel,Panvel,panvel-moraj-riverside-park-410206,MORAJ RIVERSIDE PARK,410206
mh,Maharashtra,panvel,Panvel,panvel,Panvel,panvel-behind-panvel-410206,behind panvel,410206
mh,Maharashtra,panvel,Panvel,panvel,Panvel,panvel-behind-s-t-410206,behind S.T,410206
mh,Maharashtra,panvel,Panvel,panvel,Panvel,panvel-sector-04-410206,Sector 04,410206
mh,Maharashtra,panvel,Panvel,panvel,Panvel,panvel-appasaheb-panhale-rd-410206,Appasaheb Panhale Rd,410206
mh,Maharashtra,panvel,Panvel,panvel,Panvel,panvel-beside-mtnl-office-410206,beside MTNL Office,410206
mh,Maharashtra,panvel,Panvel,panvel,Panvel,panvel-opposite-virupaksha-mandir-410206,opposite VIRUPAKSHA MANDIR,410206
mh,Maharashtra,panvel,Panvel,panvel,Panvel,panvel-below-alok-clinic-410206,below alok clinic,410206
mh,Maharashtra,panvel,Panvel,panvel,Panvel,panvel-plot-no-311-410206,Plot No 311,410206
mh,Maharashtra,panvel,Panvel,panvel,Panvel,panvel-near-adaresh-hotel-410206,near Adaresh Hotel,410206
mh,Maharashtra,panvel,Panvel,panvel,Panvel,panvel-naka-410206,Naka,410206
mh,Maharashtra,panvel,Panvel,panvel,Panvel,panvel-ambedkar-rd-410206,Ambedkar Rd,410206
mh,Maharashtra,panvel,Panvel,panvel,Panvel,panvel-near-barbeque-nation-410206,near Barbeque Nation,410206
mh,Maharashtra,panvel,Panvel,panvel,Panvel,panvel-uran-naka-cercle-410206,Uran Naka Cercle,410206
mh,Maharashtra,panvel,Panvel,panvel,Panvel,panvel-near-aadarsh-hotel-410206,near Aadarsh Hotel,410206
mh,Maharashtra,panvel,Panvel,panvel,Panvel,panvel-adarsh-housing-society-410206,adarsh housing Society,410206
mh,Maharashtra,panvel,Panvel,panvel,Panvel,panvel-tapal-naka-410206,Tapal Naka,410206
mh,Maharashtra,panvel,Panvel,panvel,Panvel,panvel-opp-st-bus-stand-410206,opp. ST BUS STAND,410206
mh,Maharashtra,panvel,Panvel,panvel,Panvel,panvel-near-dandekar-clinic-410206,near Dandekar Clinic,410206
mh,Maharashtra,panvel,Panvel,panvel,Panvel,panvel-near-chhatrapati-shivaji-maharaj-chowk-410206,near Chhatrapati Shivaji Maharaj Chowk,410206
mh,Maharashtra,panvel,Panvel,panvel,Panvel,panvel-near-savarkar-chowk-410206,near Savarkar Chowk,410206
mh,Maharashtra,panvel,Panvel,panvel,Panvel,panvel-railway-station-410206,Railway Station,410206
mh,Maharashtra,panvel,Panvel,panvel,Panvel,panvel-naupada-gaon-410206,Naupada Gaon,410206
mh,Maharashtra,panvel,Panvel,panvel,Panvel,panvel-next-to-sai-mandir-410206,next to Sai Mandir,410206
mh,Maharashtra,panvel,Panvel,panvel,Panvel,panvel-new-panvel-east-410206,New Panvel East,410206
mh,Maharashtra,panvel,Panvel,panvel,Panvel,panvel-near-jai-bharat-naka-410206,near JAI BHARAT NAKA,410206
mh,Maharashtra,panvel,Panvel,panvel,Panvel,panvel-dhakta-khanda-410206,Dhakta Khanda,410206
mh,Maharashtra,panvel,Panvel,panvel,Panvel,panvel-x4j8-m6x-410206,X4J8+M6X,410206
mh,Maharashtra,panvel,Panvel,panvel,Panvel,panvel-x4p9-xpm-ro-at-410206,X4P9+XPM RO AT,410206
mh,Maharashtra,panvel,Panvel,panvel,Panvel,panvel-opp-bharat-petrol-pump-410206,opp. Bharat Petrol Pump,410206
mh,Maharashtra,panvel,Panvel,panvel,Panvel,panvel-x4r6-37v-410206,X4R6+37V,410206
mh,Maharashtra,panvel,Panvel,panvel,Panvel,panvel-opp-rupali-cinema-410206,opp. Rupali Cinema,410206
mh,Maharashtra,panvel,Panvel,panvel,Panvel,panvel-opposite-maftlal-410206,opposite Maftlal,410206
mh,Maharashtra,panvel,Panvel,panvel,Panvel,panvel-sec-11-410206,Sec 11,410206
mh,Maharashtra,panvel,Panvel,panvel,Panvel,panvel-near-nkgsb-bank-410206,near nkgsb bank,410206
mh,Maharashtra,panvel,Panvel,panvel,Panvel,panvel-near-rupali-cinema-410206,near Rupali Cinema,410206
mh,Maharashtra,panvel,Panvel,panvel,Panvel,panvel-plot-no-261-410206,PLOT NO 261,410206
mh,Maharashtra,panvel,Panvel,panvel,Panvel,panvel-opp-bank-of-india-410206,opp. Bank of India,410206
mh,Maharashtra,panvel,Panvel,panvel,Panvel,panvel-near-balaji-mandir-410206,near BALAJI MANDIR,410206
mh,Maharashtra,panvel,Panvel,panvel,Panvel,panvel-near-st-bus-depot-410206,near ST Bus Depot,410206
mh,Maharashtra,panvel,Panvel,panvel,Panvel,panvel-near-shivaji-maharaj-statue-410206,near Shivaji Maharaj Statue,410206
mh,Maharashtra,panvel,Panvel,panvel,Panvel,panvel-shop-410206,Shop,410206
mh,Maharashtra,panvel,Panvel,panvel,Panvel,panvel-x4q7-whq-410206,X4Q7+WHQ,410206
mh,Maharashtra,panvel,Panvel,panvel,Panvel,panvel-anand-nagar-410206,Anand Nagar,410206
mh,Maharashtra,panvel,Panvel,panvel,Panvel,panvel-opposite-pote-masale-410206,opposite POTE MASALE,410206
mh,Maharashtra,panvel,Panvel,panvel,Panvel,panvel-nr-patwardhan-hospital-410206,nr. Patwardhan Hospital,410206
mh,Maharashtra,panvel,Panvel,panvel,Panvel,panvel-r-g-g-road-410206,R.G.G Road,410206
mh,Maharashtra,panvel,Panvel,panvel,Panvel,panvel-near-raigad-bazaar-410206,near Raigad bazaar,410206
mh,Maharashtra,panvel,Panvel,panvel,Panvel,panvel-near-kohinoor-apartment-410206,near Kohinoor Apartment,410206
mh,Maharashtra,panvel,Panvel,panvel,Panvel,panvel-panvle-410206,Panvle,410206
mh,Maharashtra,panvel,Panvel,panvel,Panvel,panvel-opp-tamankar-dentist-410206,opp. Tamankar Dentist,410206
mh,Maharashtra,panvel,Panvel,panvel,Panvel,panvel-national-highway-410206,National Highway,410206
mh,Maharashtra,panvel,Panvel,panvel,Panvel,panvel-near-balwant-410206,near BALWANT,410206
mh,Maharashtra,panvel,Panvel,panvel,Panvel,panvel-near-balwant-phadke-natyagruh-410206,near BALWANT PHADKE NATYAGRUH,410206
mh,Maharashtra,panvel,Panvel,panvel,Panvel,panvel-x4w6-jrm-410206,X4W6+JRM,410206
mh,Maharashtra,panvel,Panvel,panvel,Panvel,panvel-near-king-s-electronic-410206,near King's Electronic,410206
mh,Maharashtra,panvel,Panvel,panvel,Panvel,panvel-service-rd-410206,Service Rd,410206
mh,Maharashtra,panvel,Panvel,panvel,Panvel,panvel-prabhakar-krishanati-patil-marg-410206,Prabhakar Krishanati Patil Marg,410206
mh,Maharashtra,panvel,Panvel,panvel,Panvel,panvel-near-crown-banquet-410206,near CROWN BANQUET,410206
mh,Maharashtra,panvel,Panvel,panvel,Panvel,panvel-opp-kalan-samaj-hall-410206,opp. kalan samaj hall,410206
mh,Maharashtra,panvel,Panvel,panvel,Panvel,panvel-plot-no-a-410206,Plot no A,410206
mh,Maharashtra,panvel,Panvel,panvel,Panvel,panvel-near-mtnl-410206,near MTNL,410206
mh,Maharashtra,panvel,Panvel,panvel,Panvel,panvel-panvel-matheran-rd-410206,Panvel Matheran Rd,410206
mh,Maharashtra,panvel,Panvel,panvel,Panvel,panvel-oppsite-suruchi-hotel-410206,Oppsite Suruchi Hotel,410206
mh,Maharashtra,panvel,Panvel,panvel,Panvel,panvel-x4j5-jxx-410206,X4J5+JXX,410206
mh,Maharashtra,panvel,Panvel,panvel,Panvel,panvel-gurusharnam-complex-410206,GURUSHARNAM COMPLEX,410206
mh,Maharashtra,panvel,Panvel,panvel,Panvel,panvel-opp-laxmi-eye-institute-410206,opp. Laxmi Eye Institute,410206
mh,Maharashtra,panvel,Panvel,panvel,Panvel,panvel-opposite-panchratna-hotel-410206,opposite Panchratna Hotel,410206
mh,Maharashtra,panvel,Panvel,panvel,Panvel,panvel-near-kohinoor-technical-institute-panvel-410206,near Kohinoor Technical Institute - Panvel,410206
mh,Maharashtra,panvel,Panvel,panvel,Panvel,panvel-sector-no-1-s-410206,sector no.1/S,410206
mh,Maharashtra,panvel,Panvel,panvel,Panvel,panvel-plot-no-101-410206,Plot No.-101,410206
mh,Maharashtra,panvel,Panvel,panvel,Panvel,panvel-opposite-jagdamba-hotel-410206,opposite jagdamba hotel,410206
mh,Maharashtra,panvel,Panvel,panvel,Panvel,panvel-behind-shabari-hotel-shabari-hotel-410206,behind shabari Hotel Shabari Hotel,410206
mh,Maharashtra,panvel,Panvel,panvel,Panvel,panvel-mirchi-galli-naka-410206,Mirchi Galli Naka,410206
mh,Maharashtra,panvel,Panvel,panvel,Panvel,panvel-m-cl-410206,M Cl,410206
mh,Maharashtra,panvel,Panvel,panvel,Panvel,panvel-near-mseb-office-410206,near MSEB Office,410206
mh,Maharashtra,panvel,Panvel,panvel,Panvel,panvel-deshmukh-ln-410206,Deshmukh Ln,410206
mh,Maharashtra,panvel,Panvel,panvel,Panvel,panvel-next-to-patel-jewellers-410206,next to Patel Jewellers,410206
mh,Maharashtra,panvel,Panvel,panvel,Panvel,panvel-near-kumbharwada-410206,near kumbharwada,410206
mh,Maharashtra,panvel,Panvel,panvel,Panvel,panvel-near-shivaji-statue-410206,near Shivaji Statue,410206
mh,Maharashtra,panvel,Panvel,panvel,Panvel,panvel-x4q3-pc8-410206,X4Q3+PC8,410206
mh,Maharashtra,panvel,Panvel,panvel,Panvel,panvel-prashaskiya-bhavan-410206,Prashaskiya Bhavan,410206
mh,Maharashtra,panvel,Panvel,panvel,Panvel,panvel-near-aadya-krantikarak-410206,near aadya krantikarak,410206
mh,Maharashtra,panvel,Panvel,panvel,Panvel,panvel-x4w7-p8f-410206,X4W7+P8F,410206
mh,Maharashtra,panvel,Panvel,panvel,Panvel,panvel-x4q6-37v-410206,X4Q6+37V,410206
mh,Maharashtra,panvel,Panvel,panvel,Panvel,panvel-x4q7-fq2-410206,X4Q7+FQ2,410206
mh,Maharashtra,panvel,Panvel,panvel,Panvel,panvel-x4h8-9pj-410206,X4H8+9PJ,410206
mh,Maharashtra,panvel,Panvel,panvel,Panvel,panvel-sahakar-nagar-410206,Sahakar Nagar,410206
mh,Maharashtra,panvel,Panvel,panvel,Panvel,panvel-karmveer-bhaurao-patil-marg-410206,Karmveer bhaurao patil marg,410206
mh,Maharashtra,panvel,Panvel,panvel,Panvel,panvel-x4j8-24c-410206,X4J8+24C,410206
mh,Maharashtra,panvel,Panvel,panvel,Panvel,panvel-x4v8-cvw-410206,X4V8+CVW,410206
mh,Maharashtra,panvel,Panvel,panvel,Panvel,panvel-x4v5-fpq-410206,X4V5+FPQ,410206
mh,Maharashtra,panvel,Panvel,panvel,Panvel,panvel-x4q5-chc-410206,X4Q5+CHC,410206
mh,Maharashtra,panvel,Panvel,panvel,Panvel,panvel-opp-gokhale-marriage-hall-410206,opp. GOKHALE Marriage Hall,410206
mh,Maharashtra,panvel,Panvel,panvel,Panvel,panvel-x4p6-mqr-410206,X4P6+MQR,410206
mh,Maharashtra,panvel,Panvel,panvel,Panvel,panvel-x4qf-82f-410206,X4QF+82F,410206
mh,Maharashtra,panvel,Panvel,panvel,Panvel,panvel-sector-1e-410206,Sector 1E,410206
mh,Maharashtra,panvel,Panvel,panvel,Panvel,panvel-adjacent-to-life-line-hospital-410206,adjacent to Life Line Hospital,410206
mh,Maharashtra,panvel,Panvel,panvel,Panvel,panvel-nr-old-post-office-410206,nr. old post office,410206
mh,Maharashtra,panvel,Panvel,panvel,Panvel,panvel-jindal-ave-410206,Jindal Ave,410206
mh,Maharashtra,panvel,Panvel,panvel,Panvel,panvel-mirchi-gali-410206,Mirchi Gali,410206
mh,Maharashtra,panvel,Panvel,panvel,Panvel,panvel-kalamboli-steel-market-yard-410206,Kalamboli Steel Market Yard,410206
mh,Maharashtra,panvel,Panvel,panvel,Panvel,panvel-panvel-410206-2,Panvel.,410206
mh,Maharashtra,panvel,Panvel,panvel,Panvel,panvel-near-gaondevi-mandir-410206,near GAONDEVI MANDIR,410206
mh,Maharashtra,panvel,Panvel,panvel,Panvel,panvel-ambika-arcade-410206,AMBIKA ARCADE,410206
mh,Maharashtra,panvel,Panvel,panvel,Panvel,panvel-old-phane-naka-road-410206,Old Phane Naka Road,410206
mh,Maharashtra,panvel,Panvel,panvel,Panvel,panvel-malik-liyaqat-hussain-marg-410206,Malik Liyaqat Hussain Marg,410206
mh,Maharashtra,panvel,Panvel,panvel,Panvel,panvel-patel-hospitals-410206,Patel Hospitals,410206
mh,Maharashtra,panvel,Panvel,panvel,Panvel,panvel-near-arsalan-medical-410206,near ARSALAN MEDICAL,410206
mh,Maharashtra,panvel,Panvel,panvel,Panvel,panvel-opposite-yash-hospital-410206,opposite YASH HOSPITAL,410206
mh,Maharashtra,panvel,Panvel,panvel,Panvel,panvel-nrshivaji-chowk-410206,Nrshivaji Chowk,410206
mh,Maharashtra,panvel,Panvel,panvel,Panvel,panvel-near-bluestone-jewellery-410206,near BlueStone Jewellery,410206
mh,Maharashtra,panvel,Panvel,panvel,Panvel,panvel-opp-saraswati-vidya-mandir-school-410206,opp. Saraswati Vidya Mandir School,410206
mh,Maharashtra,panvel,Panvel,panvel,Panvel,panvel-forest-colony-rd-410206,Forest Colony Rd,410206
mh,Maharashtra,panvel,Panvel,panvel,Panvel,panvel-opp-durga-mata-temple-410206,opp. Durga Mata Temple,410206
mh,Maharashtra,panvel,Panvel,panvel,Panvel,panvel-sector-no-1-410206,Sector No.1,410206
mh,Maharashtra,panvel,Panvel,panvel,Panvel,panvel-near-k-mall-410206,near K Mall,410206
mh,Maharashtra,panvel,Panvel,panvel,Panvel,panvel-near-v-k-high-school-410206,near V.K.High School,410206
mh,Maharashtra,panvel,Panvel,panvel,Panvel,panvel-beside-patil-hospital-410206,beside patil hospital,410206
mh,Maharashtra,panvel,Panvel,panvel,Panvel,panvel-valavali-410206,Valavali,410206
mh,Maharashtra,panvel,Panvel,panvel,Panvel,panvel-chatrapati-shivaji-maharaj-chowk-410206,chatrapati shivaji maharaj chowk,410206
mh,Maharashtra,panvel,Panvel,panvel,Panvel,panvel-sector-08-410206,sector 08,410206
mh,Maharashtra,panvel,Panvel,panvel,Panvel,panvel-above-png-jwellers-410206,above PNG Jwellers,410206
mh,Maharashtra,panvel,Panvel,panvel,Panvel,panvel-opposite-orion-mall-410206,opposite Orion Mall,410206
mh,Maharashtra,panvel,Panvel,panvel,Panvel,panvel-opp-panvel-410206,opp. Panvel,410206
mh,Maharashtra,panvel,Panvel,panvel,Panvel,panvel-opposite-yashomangal-society-410206,opposite Yashomangal Society,410206
mh,Maharashtra,panvel,Panvel,panvel,Panvel,panvel-opposite-pancharatna-hotel-410206,opposite Pancharatna Hotel,410206
mh,Maharashtra,panvel,Panvel,panvel,Panvel,panvel-below-s-b-i-410206,below S.B.I,410206
mh,Maharashtra,panvel,Panvel,panvel,Panvel,panvel-2-410206,2,410206
mh,Maharashtra,panvel,Panvel,panvel,Panvel,panvel-opp-sindhi-panchayat-hall-410206,opp. Sindhi Panchayat Hall,410206
mh,Maharashtra,panvel,Panvel,panvel,Panvel,panvel-opp-bharat-gas-410206,opp. Bharat Gas,410206
mh,Maharashtra,panvel,Panvel,panvel,Panvel,panvel-opp-panchratna-hotel-410206,opp. panchratna hotel,410206
mh,Maharashtra,panvel,Panvel,panvel,Panvel,panvel-mumbai-panvel-410206,Mumbai-Panvel),410206
mh,Maharashtra,panvel,Panvel,panvel,Panvel,panvel-opposite-sindhi-panchayat-building-410206,opposite Sindhi Panchayat Building,410206
mh,Maharashtra,panvel,Panvel,panvel,Panvel,panvel-opp-shindhi-panchayat-hall-410206,opp. Shindhi Panchayat Hall,410206
mh,Maharashtra,panvel,Panvel,panvel,Panvel,panvel-vijay-rd-410206,Vijay Rd,410206
mh,Maharashtra,panvel,Panvel,panvel,Panvel,panvel-opposite-pancharatan-hotel-410206,opposite Pancharatan Hotel,410206
mh,Maharashtra,panvel,Panvel,panvel,Panvel,panvel-near-hari-om-saree-410206,near HARI OM SAREE,410206
mh,Maharashtra,panvel,Panvel,panvel,Panvel,panvel-mulla-a-hamid-road-410206,Mulla A. Hamid Road,410206
mh,Maharashtra,panvel,Panvel,panvel,Panvel,panvel-off-arya-nivas-410206,off arya nivas,410206
mh,Maharashtra,panvel,Panvel,panvel,Panvel,panvel-a-type-410206-2,A type,410206
mh,Maharashtra,panvel,Panvel,panvel,Panvel,panvel-near-pancharatn-hotel-410206,near Pancharatn hotel,410206
mh,Maharashtra,panvel,Panvel,panvel,Panvel,panvel-near-sai-arcade-410206,near Sai Arcade,410206
mh,Maharashtra,panvel,Panvel,panvel,Panvel,panvel-near-godrej-sky-garden-410206,near Godrej Sky Garden,410206
mh,Maharashtra,panvel,Panvel,panvel,Panvel,panvel-near-mahad-urban-bank-410206,near Mahad Urban bank,410206
mh,Maharashtra,panvel,Panvel,panvel,Panvel,panvel-neel-aspire-chs-410206,Neel Aspire CHS,410206
mh,Maharashtra,panvel,Panvel,panvel,Panvel,panvel-opposite-yashomangal-society-panvel-410206,opposite YASHOMANGAL SOCIETY Panvel,410206
mh,Maharashtra,panvel,Panvel,panvel,Panvel,panvel-plot-no-482-410206,Plot No-482,410206
mh,Maharashtra,panvel,Panvel,panvel,Panvel,panvel-no-160e-160f-410206,no. 160E/160F,410206
mh,Maharashtra,panvel,Panvel,panvel,Panvel,panvel-opp-ramdas-maruti-mandir-410206,opp. Ramdas Maruti Mandir,410206
mh,Maharashtra,panvel,Panvel,panvel,Panvel,panvel-cuf-nagar-410206,CUF Nagar,410206
mh,Maharashtra,panvel,Panvel,panvel,Panvel,panvel-mhatre-accident-hospital-410206,Mhatre Accident Hospital,410206
mh,Maharashtra,panvel,Panvel,panvel,Panvel,panvel-near-panchamukhi-maruti-mandir-410206,near Panchamukhi Maruti Mandir,410206
mh,Maharashtra,panvel,Panvel,panvel,Panvel,panvel-x4r5-72q-410206,X4R5+72Q,410206
mh,Maharashtra,panvel,Panvel,panvel,Panvel,panvel-above-sarovar-hotel-410206,above Sarovar Hotel,410206
mh,Maharashtra,panvel,Panvel,panvel,Panvel,panvel-206-410206,206,410206
mh,Maharashtra,panvel,Panvel,panvel,Panvel,panvel-mcch-society-st-410206,MCCH Society St,410206
mh,Maharashtra,panvel,Panvel,panvel,Panvel,panvel-near-new-mahavir-furniture-410206,near New Mahavir furniture,410206
mh,Maharashtra,panvel,Panvel,panvel,Panvel,panvel-lokmanya-nagar-410206,Lokmanya Nagar,410206
mh,Maharashtra,panvel,Panvel,panvel,Panvel,panvel-kalpataru-riverside-market-yard-rd-410206,Kalpataru Riverside Market Yard Rd,410206
mh,Maharashtra,panvel,Panvel,panvel,Panvel,panvel-plot-no-143-410206,Plot No. 143,410206
mh,Maharashtra,panvel,Panvel,panvel,Panvel,panvel-next-to-patil-hospital-410206,next to Patil Hospital,410206
mh,Maharashtra,panvel,Panvel,panvel,Panvel,panvel-bus-depot-410206,Bus Depot,410206
mh,Maharashtra,panvel,Panvel,panvel,Panvel,panvel-near-vaibhav-hotel-410206,near Vaibhav Hotel,410206
mh,Maharashtra,panvel,Panvel,panvel,Panvel,panvel-near-patil-hospital-410206,near Patil Hospital,410206
mh,Maharashtra,panvel,Panvel,panvel,Panvel,panvel-opposite-laxmi-eye-institute-410206,opposite LAXMI EYE INSTITUTE,410206
mh,Maharashtra,panvel,Panvel,panvel,Panvel,panvel-opp-new-mhatre-accident-410206,opp. New Mhatre Accident,410206
mh,Maharashtra,panvel,Panvel,panvel,Panvel,panvel-opposite-new-mahavir-furniture-410206,opposite NEW MAHAVIR FURNITURE,410206
mh,Maharashtra,panvel,Panvel,panvel,Panvel,panvel-rajan-plastic-house-410206,Rajan plastic house,410206
mh,Maharashtra,panvel,Panvel,panvel,Panvel,panvel-sector-22-410206,Sector 22,410206
mh,Maharashtra,panvel,Panvel,panvel,Panvel,panvel-opp-palace-hotel-410206,opp. Palace Hotel,410206
mh,Maharashtra,panvel,Panvel,panvel,Panvel,panvel-sector-1-410206-3,Sector 1,410206
mh,Maharashtra,panvel,Panvel,panvel,Panvel,panvel-neelkanth-landmark-behind-orion-mall-410206,Neelkanth Landmark Behind Orion Mall,410206
mh,Maharashtra,panvel,Panvel,panvel,Panvel,panvel-fedex-410206,Fedex,410206
mh,Maharashtra,panvel,Panvel,panvel,Panvel,panvel-near-shivaji-road-410206,near Shivaji Road,410206
mh,Maharashtra,panvel,Panvel,panvel,Panvel,panvel-neelkanth-landmark-410206,Neelkanth landmark,410206
mh,Maharashtra,panvel,Panvel,panvel,Panvel,panvel-behind-v-k-high-school-410206,behind V.K.High School,410206
mh,Maharashtra,panvel,Panvel,panvel,Panvel,panvel-sai-paradise-cooperative-housing-society-limited-410206,Sai Paradise Cooperative Housing Society Limited,410206
mh,Maharashtra,panvel,Panvel,panvel,Panvel,panvel-behind-k-mall-410206,behind K Mall,410206
mh,Maharashtra,panvel,Panvel,panvel,Panvel,panvel-near-tapal-naka-410206,near Tapal Naka,410206
mh,Maharashtra,panvel,Panvel,panvel,Panvel,panvel-beside-idbi-atm-410206,beside IDBI ATM,410206
mh,Maharashtra,panvel,Panvel,panvel,Panvel,panvel-001-410206,001,410206
mh,Maharashtra,panvel,Panvel,panvel,Panvel,panvel-kajari-finance-pvt-ltd-410206,Kajari Finance Pvt. Ltd,410206
mh,Maharashtra,panvel,Panvel,panvel,Panvel,panvel-near-dattnath-mandir-410206,near Dattnath Mandir,410206
mh,Maharashtra,panvel,Panvel,panvel,Panvel,panvel-near-moraj-auto-stand-410206,near Moraj Auto Stand,410206
mh,Maharashtra,panvel,Panvel,panvel,Panvel,panvel-near-mirchi-galli-naka-410206,near Mirchi Galli Naka,410206
mh,Maharashtra,panvel,Panvel,panvel,Panvel,panvel-devdhar-wada-410206,Devdhar WADA,410206
mh,Maharashtra,panvel,Panvel,panvel,Panvel,panvel-near-bhaji-market-talaw-410206,near Bhaji Market Talaw,410206
mh,Maharashtra,panvel,Panvel,panvel,Panvel,panvel-near-panchmukhi-hanuman-tample-410206,near Panchmukhi Hanuman Tample,410206
mh,Maharashtra,panvel,Panvel,panvel,Panvel,panvel-sai-vihar-chs-410206,SAI VIHAR CHS,410206
mh,Maharashtra,panvel,Panvel,panvel,Panvel,panvel-x4q3-h89-410206,X4Q3+H89,410206
mh,Maharashtra,panvel,Panvel,panvel,Panvel,panvel-479-6-7b-410206,479/6-7B,410206
mh,Maharashtra,panvel,Panvel,panvel,Panvel,panvel-x4q4-pf6-410206,X4Q4+PF6,410206
mh,Maharashtra,panvel,Panvel,panvel,Panvel,panvel-m-p-road-410206,M.P Road,410206
mh,Maharashtra,panvel,Panvel,panvel,Panvel,panvel-joshi-gali-410206,Joshi Gali,410206
mh,Maharashtra,panvel,Panvel,panvel,Panvel,panvel-near-old-panvel-410206,near Old panvel,410206
mh,Maharashtra,panvel,Panvel,panvel,Panvel,panvel-joshi-lane-410206,Joshi lane,410206
mh,Maharashtra,panvel,Panvel,panvel,Panvel,panvel-near-navdurga-jewellers-410206,near Navdurga Jewellers,410206
mh,Maharashtra,panvel,Panvel,panvel,Panvel,panvel-near-ratan-talkies-410206,near Ratan Talkies,410206
mh,Maharashtra,panvel,Panvel,panvel,Panvel,panvel-shayog-nagar-joshi-ali-410206,Shayog Nagar Joshi Ali,410206
mh,Maharashtra,panvel,Panvel,panvel,Panvel,panvel-opp-durga-temple-410206,opp. Durga Temple,410206
mh,Maharashtra,panvel,Panvel,panvel,Panvel,panvel-opp-to-jain-temple-410206,opp. to jain temple,410206
mh,Maharashtra,panvel,Panvel,panvel,Panvel,panvel-near-patel-hospital-410206,near PATEL HOSPITAL,410206
mh,Maharashtra,panvel,Panvel,panvel,Panvel,panvel-bazar-peth-410206,Bazar Peth,410206
mh,Maharashtra,panvel,Panvel,panvel,Panvel,panvel-joshi-ali-zaveri-bazar-410206,Joshi Ali Zaveri Bazar,410206
mh,Maharashtra,panvel,Panvel,panvel,Panvel,panvel-balaji-mandir-410206,Balaji Mandir,410206
mh,Maharashtra,panvel,Panvel,panvel,Panvel,panvel-zaveri-bazar-410206,Zaveri Bazar,410206
mh,Maharashtra,panvel,Panvel,panvel,Panvel,panvel-near-mirchi-gali-naka-410206,near mirchi gali naka,410206
mh,Maharashtra,panvel,Panvel,panvel,Panvel,panvel-pawan-apts-410206,Pawan apts,410206
mh,Maharashtra,panvel,Panvel,panvel,Panvel,panvel-near-suruchi-hotel-410206,near Suruchi Hotel,410206
mh,Maharashtra,panvel,Panvel,panvel,Panvel,panvel-off-mumbai-pune-expressway-410206,off Mumbai - Pune Expressway,410206
mh,Maharashtra,panvel,Panvel,panvel,Panvel,panvel-near-bharat-petrol-pump-410206,near BHARAT PETROL PUMP,410206
mh,Maharashtra,panvel,Panvel,panvel,Panvel,panvel-opposite-dnsb-bank-410206,opposite DNSB Bank,410206
mh,Maharashtra,panvel,Panvel,panvel,Panvel,panvel-national-plaza-410206,National Plaza,410206
mh,Maharashtra,panvel,Panvel,panvel,Panvel,panvel-near-navnath-mandir-410206,near navnath mandir,410206
mh,Maharashtra,panvel,Panvel,panvel,Panvel,panvel-bus-depo-410206,Bus Depo,410206
mh,Maharashtra,panvel,Panvel,panvel,Panvel,panvel-near-dns-bank-410206,near DNS Bank,410206
mh,Maharashtra,panvel,Panvel,panvel,Panvel,panvel-sector-06-410206,Sector 06,410206
mh,Maharashtra,panvel,Panvel,panvel,Panvel,panvel-shop-no-114-410206,Shop No. 114,410206
mh,Maharashtra,panvel,Panvel,panvel,Panvel,panvel-near-r-z-p-marathi-school-410206,near R.Z.P. Marathi School,410206
mh,Maharashtra,panvel,Panvel,panvel,Panvel,panvel-near-vaisha-samaj-hall-410206,near vaisha samaj hall,410206
mh,Maharashtra,panvel,Panvel,panvel,Panvel,panvel-om-datta-prasad-apt-410206,Om Datta Prasad Apt,410206
mh,Maharashtra,panvel,Panvel,panvel,Panvel,panvel-near-panvel-session-court-410206,near Panvel Session Court,410206
mh,Maharashtra,panvel,Panvel,panvel,Panvel,panvel-near-vasudev-balwant-fadke-natyagruah-410206,near Vasudev Balwant Fadke Natyagruah,410206
mh,Maharashtra,panvel,Panvel,panvel,Panvel,panvel-opposite-p-n-g-jwellers-410206,opposite P.N.G. Jwellers,410206
mh,Maharashtra,panvel,Panvel,panvel,Panvel,panvel-near-phadke-natyagruha-410206,near phadke natyagruha,410206
mh,Maharashtra,panvel,Panvel,panvel,Panvel,panvel-above-cambridge-shop-410206,above Cambridge shop,410206
mh,Maharashtra,panvel,Panvel,panvel,Panvel,panvel-behind-karnala-sports-academy-410206,behind karnala sports academy,410206
mh,Maharashtra,panvel,Panvel,panvel,Panvel,panvel-opp-cidco-parking-410206,opp. CIDCO Parking,410206
mh,Maharashtra,panvel,Panvel,panvel,Panvel,panvel-kumbhar-wada-410206,kumbhar wada,410206
mh,Maharashtra,panvel,Panvel,panvel,Panvel,panvel-in-front-of-district-and-additional-sessions-court-410206,in front of District and Additional Sessions Court,410206
mh,Maharashtra,panvel,Panvel,panvel,Panvel,panvel-opposite-kalan-samaj-hall-and-lijjat-papad-co-410206,opposite Kalan Samaj Hall & lijjat papad co,410206
mh,Maharashtra,panvel,Panvel,panvel,Panvel,panvel-opposite-domino-s-pizza-pizza-hut-410206,opposite Domino's Pizza/ Pizza Hut,410206
mh,Maharashtra,panvel,Panvel,panvel,Panvel,panvel-near-dandekar-hospital-410206,near Dandekar Hospital,410206
mh,Maharashtra,panvel,Panvel,panvel,Panvel,panvel-opposite-tathasthu-holl-410206,opposite Tathasthu Holl,410206
mh,Maharashtra,panvel,Panvel,panvel,Panvel,panvel-near-sbi-panvel-410206,near SBI Panvel,410206
mh,Maharashtra,panvel,Panvel,panvel,Panvel,panvel-opp-israily-talav-410206,opp. Israily Talav,410206
mh,Maharashtra,panvel,Panvel,panvel,Panvel,panvel-opp-amardham-mortuary-410206,opp. Amardham Mortuary,410206
mh,Maharashtra,panvel,Panvel,panvel,Panvel,panvel-opp-nadkarni-hospital-410206,opp. NADKARNI Hospital,410206
mh,Maharashtra,panvel,Panvel,panvel,Panvel,panvel-1-410206,1,410206
mh,Maharashtra,panvel,Panvel,panvel,Panvel,panvel-highschool-road-410206,HIGHSCHOOL ROAD,410206
mh,Maharashtra,panvel,Panvel,panvel,Panvel,panvel-karna-chs-410206,Karna CHS,410206
mh,Maharashtra,panvel,Panvel,panvel,Panvel,panvel-behind-jain-temple-410206,behind Jain Temple,410206
mh,Maharashtra,panvel,Panvel,panvel,Panvel,panvel-near-taluka-police-station-410206,near Taluka Police Station,410206
mh,Maharashtra,panvel,Panvel,panvel,Panvel,panvel-near-old-post-office-panvel-410206,Near Old Post Office Panvel,410206
mh,Maharashtra,panvel,Panvel,panvel,Panvel,panvel-near-municipal-corporation-410206,near Municipal Corporation,410206
mh,Maharashtra,panvel,Panvel,panvel,Panvel,panvel-opp-crown-banquet-uran-naka-410206,opp. CROWN BANQUET URAN NAKA,410206
mh,Maharashtra,panvel,Panvel,panvel,Panvel,panvel-c-52-a-pm-c-410206,C 52 .A.PM.C,410206
mh,Maharashtra,panvel,Panvel,panvel,Panvel,panvel-opp-neel-kamal-jewellers-410206,opp. neel kamal jewellers,410206
mh,Maharashtra,panvel,Panvel,panvel,Panvel,panvel-plot-no-107-a-410206,PLOT NO 107/A,410206
mh,Maharashtra,panvel,Panvel,panvel,Panvel,panvel-near-image-tailor-410206,near IMAGE TAILOR,410206
mh,Maharashtra,panvel,Panvel,panvel,Panvel,panvel-new-panvel-industrial-area-410206,NEW PANVEL INDUSTRIAL AREA,410206
mh,Maharashtra,panvel,Panvel,panvel,Panvel,panvel-road-no-4-410206,Road No. 4,410206
mh,Maharashtra,panvel,Panvel,panvel,Panvel,panvel-midc-area-410206,midc area,410206
mh,Maharashtra,panvel,Panvel,panvel,Panvel,panvel-near-maitri-diagnostics-410206,near Maitri Diagnostics,410206
mh,Maharashtra,panvel,Panvel,panvel,Panvel,panvel-near-new-taluka-police-station-410206,near New Taluka Police Station,410206
mh,Maharashtra,panvel,Panvel,panvel,Panvel,panvel-visharli-naka-410206,Visharli Naka,410206
mh,Maharashtra,panvel,Panvel,panvel,Panvel,panvel-opp-fish-market-410206,opp. fish market,410206
mh,Maharashtra,panvel,Panvel,panvel,Panvel,panvel-x4v5-8gc-roshan-health-care-center-maternity-n-nursing-home-410206,X4V5+8GC Roshan health care center maternity n nursing home,410206
mh,Maharashtra,panvel,Panvel,panvel,Panvel,panvel-vinamra-residency-hotel-410206,Vinamra Residency Hotel,410206
mh,Maharashtra,panvel,Panvel,panvel,Panvel,panvel-near-jama-masjid-410206,near JAMA MASJID,410206
mh,Maharashtra,panvel,Panvel,panvel,Panvel,panvel-jalal-shah-baba-road-410206,Jalal Shah Baba road,410206
mh,Maharashtra,panvel,Panvel,panvel,Panvel,panvel-opposite-ketaki-hotel-410206,opposite Ketaki Hotel,410206
mh,Maharashtra,panvel,Panvel,panvel,Panvel,panvel-patel-mohala-410206,Patel Mohala,410206
mh,Maharashtra,panvel,Panvel,panvel,Panvel,panvel-opposite-panvel-hospital-410206,opposite Panvel Hospital,410206
mh,Maharashtra,panvel,Panvel,panvel,Panvel,panvel-shree-swami-samartha-marg-410206,Shree Swami Samartha Marg,410206
mh,Maharashtra,panvel,Panvel,panvel,Panvel,panvel-opposite-sai-clinic-410206,opposite SAI CLINIC,410206
mh,Maharashtra,panvel,Panvel,panvel,Panvel,panvel-erafan-complex-410206,Erafan Complex,410206
mh,Maharashtra,panvel,Panvel,panvel,Panvel,panvel-near-muslim-naka-410206,near MUSLIM NAKA,410206
mh,Maharashtra,panvel,Panvel,panvel,Panvel,panvel-near-virupaksha-mandir-410206,near VIRUPAKSHA MANDIR,410206
mh,Maharashtra,panvel,Panvel,panvel,Panvel,panvel-opposite-to-vaghej-vada-pav-410206,opposite to VAGHEJ VADA PAV,410206
mh,Maharashtra,panvel,Panvel,panvel,Panvel,panvel-kanak-sanskruti-building-opposite-royal-cosmo-club-plot-number-118-3-410206,Kanak Sanskruti Building Opposite Royal Cosmo Club Plot Number 118/3,410206
mh,Maharashtra,panvel,Panvel,panvel,Panvel,panvel-plot-no-152-410206,Plot No 152,410206
mh,Maharashtra,panvel,Panvel,panvel,Panvel,panvel-near-panvel-hospital-410206,near PANVEL HOSPITAL,410206
mh,Maharashtra,panvel,Panvel,panvel,Panvel,panvel-opposite-national-paradise-410206,opposite NATIONAL PARADISE,410206
mh,Maharashtra,panvel,Panvel,panvel,Panvel,panvel-sec-1-s-410206,Sec-1-S,410206
mh,Maharashtra,panvel,Panvel,panvel,Panvel,panvel-opposite-domino-s-410206,opposite Domino's,410206
mh,Maharashtra,panvel,Panvel,panvel,Panvel,panvel-opposite-mtnl-office-410206,opposite MTNL Office,410206
mh,Maharashtra,panvel,Panvel,panvel,Panvel,panvel-national-paradise-chs-ltd-nh-48-410206,National Paradise CHS LTD NH 48,410206
mh,Maharashtra,panvel,Panvel,panvel,Panvel,panvel-behind-vijay-sales-410206,behind Vijay Sales,410206
mh,Maharashtra,panvel,Panvel,panvel,Panvel,panvel-near-railway-station-410206,near Railway Station,410206
mh,Maharashtra,panvel,Panvel,panvel,Panvel,panvel-near-ramdas-maruti-mandir-410206,near Ramdas Maruti Mandir,410206
mh,Maharashtra,panvel,Panvel,panvel,Panvel,panvel-opp-matoshree-dhamke-hospital-410206,opp. matoshree dhamke hospital,410206
mh,Maharashtra,panvel,Panvel,panvel,Panvel,panvel-near-sai-mandir-410206,near sai mandir,410206
mh,Maharashtra,panvel,Panvel,panvel,Panvel,panvel-near-gune-hospital-410206,near Gune Hospital,410206
mh,Maharashtra,panvel,Panvel,panvel,Panvel,panvel-beside-unity-bank-410206,beside Unity Bank,410206
mh,Maharashtra,panvel,Panvel,panvel,Panvel,panvel-near-tawa-hotel-old-panvel-410206,Near Tawa Hotel Old Panvel,410206
mh,Maharashtra,panvel,Panvel,panvel,Panvel,panvel-shop-no-1-yashshri-1553-hirve-guruji-road-410206,SHOP NO 1 YASHSHRI 1553 Hirve Guruji Road,410206
mh,Maharashtra,panvel,Panvel,panvel,Panvel,panvel-near-yash-hospital-410206,near YASH HOSPITAL,410206
mh,Maharashtra,panvel,Panvel,panvel,Panvel,panvel-opp-motilalji-bathiya-410206,opp. Motilalji Bathiya,410206
mh,Maharashtra,panvel,Panvel,panvel,Panvel,panvel-opposite-suruchi-hotel-410206,opposite SURUCHI HOTEL,410206
mh,Maharashtra,panvel,Panvel,panvel,Panvel,panvel-sector-r4-410206,Sector R4,410206
mh,Maharashtra,panvel,Panvel,panvel,Panvel,panvel-near-st-bus-stand-410206,near St Bus Stand,410206
mh,Maharashtra,panvel,Panvel,panvel,Panvel,panvel-shop-no-11-410206,Shop No 11,410206
mh,Maharashtra,panvel,Panvel,panvel,Panvel,panvel-above-bhagat-tarachand-410206,above Bhagat Tarachand,410206
mh,Maharashtra,panvel,Panvel,panvel,Panvel,panvel-x4p5-q25-410206,X4P5+Q25,410206
mh,Maharashtra,panvel,Panvel,panvel,Panvel,panvel-near-ambedkar-smarak-410206,near Ambedkar Smarak,410206
mh,Maharashtra,panvel,Panvel,panvel,Panvel,panvel-sector-15-a-new-panvel-relve-stetion-410206,sector 15 A New panvel relve stetion,410206
mh,Maharashtra,panvel,Panvel,panvel,Panvel,panvel-opp-lohana-mahajan-wadi-410206,opp. Lohana Mahajan wadi,410206
mh,Maharashtra,panvel,Panvel,panvel,Panvel,panvel-opp-shri-balaji-banquets-410206,opp. Shri Balaji Banquets,410206
mh,Maharashtra,panvel,Panvel,panvel,Panvel,panvel-next-to-mongines-410206,next to Mongines,410206
mh,Maharashtra,panvel,Panvel,panvel,Panvel,panvel-x4j9-m5w-410206,X4J9+M5W,410206
mh,Maharashtra,panvel,Panvel,panvel,Panvel,panvel-x4j8-v48-410206,X4J8+V48,410206
mh,Maharashtra,panvel,Panvel,panvel,Panvel,panvel-garib-nawaz-masjid-sunni-410206,Garib Nawaz masjid Sunni,410206
mh,Maharashtra,panvel,Panvel,panvel,Panvel,panvel-x4m4-vmj-410206,X4M4+VMJ,410206
mh,Maharashtra,panvel,Panvel,panvel,Panvel,panvel-opposite-sameer-apartment-410206,opposite Sameer Apartment,410206
mh,Maharashtra,panvel,Panvel,panvel,Panvel,panvel-x4p4-f32-410206,X4P4+F32,410206
mh,Maharashtra,panvel,Panvel,panvel,Panvel,panvel-x4p3-wj9-410206,X4P3+WJ9,410206
mh,Maharashtra,panvel,Panvel,panvel,Panvel,panvel-opp-gurupushpa-society-410206,opp. Gurupushpa Society,410206
mh,Maharashtra,panvel,Panvel,panvel,Panvel,panvel-la-mer-residency-410206,La Mer Residency,410206
mh,Maharashtra,panvel,Panvel,panvel,Panvel,panvel-x4j5-x38-410206,X4J5+X38,410206
mh,Maharashtra,panvel,Panvel,panvel,Panvel,panvel-x4p5-5fg-410206,X4P5+5FG,410206
mh,Maharashtra,panvel,Panvel,panvel,Panvel,panvel-41-410206,41,410206
mh,Maharashtra,panvel,Panvel,panvel,Panvel,panvel-near-packers-and-movers-410206,near Packers And Movers,410206
mh,Maharashtra,panvel,Panvel,panvel,Panvel,panvel-sector-24-410206,Sector 24,410206
mh,Maharashtra,panvel,Panvel,panvel,Panvel,panvel-near-rotary-garden-410206,near Rotary Garden,410206
mh,Maharashtra,panvel,Panvel,panvel,Panvel,panvel-near-st-bus-depo-410206,near st bus Depo,410206
mh,Maharashtra,panvel,Panvel,panvel,Panvel,panvel-above-bharat-bank-410206,above Bharat bank,410206
mh,Maharashtra,panvel,Panvel,panvel,Panvel,panvel-thana-naka-road-410206,Thana Naka road,410206
mh,Maharashtra,panvel,Panvel,panvel,Panvel,panvel-near-shabri-hotel-410206,near Shabri Hotel,410206
mh,Maharashtra,panvel,Panvel,panvel,Panvel,panvel-sector-1-s-410206-4,Sector 1/S,410206
mh,Maharashtra,panvel,Panvel,panvel,Panvel,panvel-natyagruh-410206,natyagruh,410206
mh,Maharashtra,panvel,Panvel,panvel,Panvel,panvel-national-paradise-410206,NATIONAL PARADISE,410206
mh,Maharashtra,panvel,Panvel,panvel,Panvel,panvel-near-little-angel-s-school-410206,near Little Angel's School,410206
mh,Maharashtra,panvel,Panvel,panvel,Panvel,panvel-navi-mumbai-410206-410206,Navi Mumbai - 410206,410206
mh,Maharashtra,panvel,Panvel,panvel,Panvel,panvel-01-and-09-03-410206,01 & 09/03,410206
mh,Maharashtra,panvel,Panvel,panvel,Panvel,panvel-near-gaon-devi-mandir-road-410206,near Gaon Devi Mandir Road,410206
mh,Maharashtra,panvel,Panvel,panvel,Panvel,panvel-near-a-410206,near A,410206
mh,Maharashtra,panvel,Panvel,panvel,Panvel,panvel-opposite-to-d-mart-road-410206,opposite to D Mart Road,410206
mh,Maharashtra,panvel,Panvel,panvel,Panvel,panvel-opp-ronok-xerox-410206,opp. Ronok Xerox,410206
mh,Maharashtra,panvel,Panvel,panvel,Panvel,panvel-uran-naka-road-410206,Uran Naka Road,410206
mh,Maharashtra,panvel,Panvel,panvel,Panvel,panvel-near-panchratana-hotel-410206,near Panchratana Hotel,410206
mh,Maharashtra,panvel,Panvel,panvel,Panvel,panvel-behind-mtnl-office-410206,behind MTNL office,410206
mh,Maharashtra,panvel,Panvel,panvel,Panvel,panvel-opposite-panvel-bus-stand-410206,opposite Panvel Bus Stand,410206
mh,Maharashtra,panvel,Panvel,panvel,Panvel,panvel-x4xh-654-410206,X4XH+654,410206
mh,Maharashtra,panvel,Panvel,panvel,Panvel,panvel-opp-badi-dargah-rikshaw-stand-410206,opp. BADI DARGAH RIKSHAW STAND,410206
mh,Maharashtra,panvel,Panvel,panvel,Panvel,panvel-behind-karnala-sports-410206,behind Karnala Sports,410206
mh,Maharashtra,panvel,Panvel,panvel,Panvel,panvel-opp-prashant-lodge-410206,opp. Prashant Lodge,410206
mh,Maharashtra,panvel,Panvel,panvel,Panvel,panvel-near-ingle-eye-clinic-410206,near Ingle eye clinic,410206
mh,Maharashtra,panvel,Panvel,panvel,Panvel,panvel-shop-number-8-said-paradise-plot-number-100-410206,Shop Number 8 Said Paradise Plot Number 100,410206
mh,Maharashtra,panvel,Panvel,panvel,Panvel,panvel-behind-s-t-bus-stand-410206,Behind S.T. Bus Stand,410206
mh,Maharashtra,panvel,Panvel,panvel,Panvel,panvel-opp-sai-baba-mandir-410206,opp. Sai Baba Mandir,410206
mh,Maharashtra,panvel,Panvel,panvel,Panvel,panvel-opp-lions-club-garden-410206,opp. lions club garden,410206
mh,Maharashtra,panvel,Panvel,panvel,Panvel,panvel-above-tipl-office-410206,above TIPL Office,410206
mh,Maharashtra,panvel,Panvel,panvel,Panvel,panvel-uran-naka-410206,Uran Naka,410206
mh,Maharashtra,panvel,Panvel,panvel,Panvel,panvel-behind-cidco-office-410206,behind CIDCO Office,410206
mh,Maharashtra,panvel,Panvel,panvel,Panvel,panvel-opp-phadke-natyagruh-410206,Opp.Phadke Natyagruh,410206
mh,Maharashtra,panvel,Panvel,panvel,Panvel,panvel-opposite-hutatma-school-410206,opposite HUTATMA SCHOOL,410206
mh,Maharashtra,panvel,Panvel,panvel,Panvel,panvel-bldg-no-3-mahatma-phule-bhaji-market-410206,BLDG No. 3 Mahatma Phule Bhaji Market,410206
mh,Maharashtra,panvel,Panvel,panvel,Panvel,panvel-near-old-post-off-410206,near old post off,410206
mh,Maharashtra,panvel,Panvel,panvel,Panvel,panvel-near-crown-plaza-410206,near Crown Plaza,410206
mh,Maharashtra,panvel,Panvel,panvel,Panvel,panvel-next-to-shanbri-hotel-410206,next to Shanbri Hotel,410206
mh,Maharashtra,panvel,Panvel,panvel,Panvel,panvel-near-swami-hotel-410206,near Swami Hotel,410206
mh,Maharashtra,panvel,Panvel,panvel,Panvel,panvel-ckt-college-rd-410206,Ckt College Rd,410206
mh,Maharashtra,panvel,Panvel,panvel,Panvel,panvel-panvel-industrial-co-op-estate-road-panvel-industrial-estate-410206,Panvel Industrial Co-Op Estate Road Panvel Industrial Estate,410206
mh,Maharashtra,panvel,Panvel,panvel,Panvel,panvel-near-panvel-police-station-410206,near Panvel Police Station,410206
mh,Maharashtra,panvel,Panvel,panvel,Panvel,panvel-plot-101-410206,Plot - 101,410206
mh,Maharashtra,panvel,Panvel,panvel,Panvel,panvel-near-bapat-410206,near BAPAT,410206
mh,Maharashtra,panvel,Panvel,panvel,Panvel,panvel-lane-ali-410206,Lane Ali,410206
mh,Maharashtra,panvel,Panvel,panvel,Panvel,panvel-opp-kings-electronics-410206,opp. Kings Electronics,410206
mh,Maharashtra,panvel,Panvel,panvel,Panvel,panvel-panvel-near-bus-depo-410206,Panvel Near Bus Depo,410206
mh,Maharashtra,panvel,Panvel,panvel,Panvel,panvel-near-shetkari-kamgar-paksh-office-410206,near shetkari kamgar paksh office,410206
mh,Maharashtra,panvel,Panvel,panvel,Panvel,panvel-opposite-s-t-410206,opposite S.T,410206
mh,Maharashtra,panvel,Panvel,panvel,Panvel,panvel-above-csb-bank-410206,above CSB Bank,410206
mh,Maharashtra,panvel,Panvel,panvel,Panvel,panvel-tilak-nagar-410206,Tilak Nagar,410206
mh,Maharashtra,panvel,Panvel,panvel,Panvel,panvel-patel-clinic-and-orthopaedic-centre-410206,Patel Clinic and Orthopaedic Centre,410206
mh,Maharashtra,panvel,Panvel,panvel,Panvel,panvel-x4p7-rgg-410206,X4P7+RGG,410206
mh,Maharashtra,panvel,Panvel,panvel,Panvel,panvel-near-post-office-410206,near Post office,410206
mh,Maharashtra,panvel,Panvel,panvel,Panvel,panvel-near-fitness-on-gym-410206,near fitness on gym,410206
mh,Maharashtra,panvel,Panvel,panvel,Panvel,panvel-in-gujarati-ground-410206,in gujarati ground,410206
mh,Maharashtra,panvel,Panvel,panvel,Panvel,panvel-x4q5-hg7-410206,X4Q5+HG7,410206
mh,Maharashtra,panvel,Panvel,panvel,Panvel,panvel-apmc-market-410206,Apmc Market,410206
mh,Maharashtra,panvel,Panvel,panvel,Panvel,panvel-sector-01-410206-2,Sector 01,410206
mh,Maharashtra,panvel,Panvel,panvel,Panvel,panvel-s-410206,S,410206
mh,Maharashtra,panvel,Panvel,panvel,Panvel,panvel-new-panel-w-410206,new panel (W,410206
mh,Maharashtra,panvel,Panvel,panvel,Panvel,panvel-marble-market-410206,Marble Market,410206
mh,Maharashtra,panvel,Panvel,panvel,Panvel,panvel-station-rd-410206,Station Rd,410206
mh,Maharashtra,panvel,Panvel,panvel,Panvel,panvel-asur-gav-410206,Asur gav,410206
mh,Maharashtra,panvel,Panvel,panvel,Panvel,panvel-opp-jankalyan-bank-410206,opp. Jankalyan Bank,410206
mh,Maharashtra,panvel,Panvel,panvel,Panvel,panvel-near-vasudev-balwant-phadke-road-410206,near Vasudev Balwant Phadke Road,410206
mh,Maharashtra,panvel,Panvel,panvel,Panvel,panvel-opposite-s-t-bus-depot-410206,opposite S.T.Bus Depot,410206
mh,Maharashtra,panvel,Panvel,panvel,Panvel,panvel-opposite-old-city-post-office-410206,opposite Old City Post Office,410206
mh,Maharashtra,panvel,Panvel,panvel,Panvel,panvel-near-swati-optics-410206,near Swati Optics,410206
mh,Maharashtra,panvel,Panvel,panvel,Panvel,panvel-sector-31-410206,Sector 31,410206
mh,Maharashtra,panvel,Panvel,panvel,Panvel,panvel-x4qc-prc-410206,X4QC+PRC,410206
mh,Maharashtra,panvel,Panvel,panvel,Panvel,panvel-cennal-naka-410206,cennal naka,410206
mh,Maharashtra,panvel,Panvel,panvel,Panvel,panvel-x4r8-h9q-410206,X4R8+H9Q,410206
mh,Maharashtra,panvel,Panvel,panvel,Panvel,panvel-x4pc-p6r-410206,X4PC+P6R,410206
mh,Maharashtra,panvel,Panvel,panvel,Panvel,panvel-x4jc-p2v-410206,X4JC+P2V,410206
mh,Maharashtra,panvel,Panvel,panvel,Panvel,panvel-opp-panchmukhi-hanuman-mandir-410206,opp. Panchmukhi Hanuman Mandir,410206
mh,Maharashtra,panvel,Panvel,panvel,Panvel,panvel-cosmopolitan-cooperative-housing-soceity-410206,Cosmopolitan Cooperative Housing Soceity,410206
mh,Maharashtra,panvel,Panvel,panvel,Panvel,panvel-x4h6-r9m-410206,X4H6+R9M,410206
mh,Maharashtra,panvel,Panvel,panvel,Panvel,panvel-opposite-jockey-410206,opposite Jockey,410206
mh,Maharashtra,panvel,Panvel,panvel,Panvel,panvel-karnala-sports-academy-410206,Karnala Sports Academy,410206
mh,Maharashtra,panvel,Panvel,panvel,Panvel,panvel-turf-ground-410206,Turf Ground,410206
mh,Maharashtra,panvel,Panvel,panvel,Panvel,panvel-opposite-panvel-410206,opposite Panvel,410206
mh,Maharashtra,panvel,Panvel,panvel,Panvel,panvel-27-410206,27,410206
mh,Maharashtra,panvel,Panvel,panvel,Panvel,panvel-x4r7-r3c-410206,X4R7+R3C,410206
mh,Maharashtra,panvel,Panvel,panvel,Panvel,panvel-opposite-panvel-mahanagar-palika-pada-mohalla-410206,Opposite Panvel Mahanagar Palika Pada Mohalla,410206
mh,Maharashtra,panvel,Panvel,panvel,Panvel,panvel-opposite-marathi-school-410206,opposite Marathi School,410206
mh,Maharashtra,panvel,Panvel,panvel,Panvel,panvel-near-yakubbaig-410206,near yakubbaig,410206
mh,Maharashtra,panvel,Panvel,panvel,Panvel,panvel-near-tahsil-office-410206,near TAHSIL OFFICE,410206
mh,Maharashtra,panvel,Panvel,panvel,Panvel,panvel-near-karnala-sports-club-410206,near Karnala Sports Club,410206
mh,Maharashtra,panvel,Panvel,panvel,Panvel,panvel-near-j-m-mhare-410206,near J M Mhare,410206
mh,Maharashtra,panvel,Panvel,panvel,Panvel,panvel-vadale-talav-rd-410206,Vadale Talav Rd,410206
mh,Maharashtra,panvel,Panvel,panvel,Panvel,panvel-x4q7-cgc-410206,X4Q7+CGC,410206
mh,Maharashtra,panvel,Panvel,panvel,Panvel,panvel-x4m4-x9w-410206,X4M4+X9W,410206
mh,Maharashtra,panvel,Panvel,panvel,Panvel,panvel-near-navnath-temple-410206,near navnath temple,410206
mh,Maharashtra,panvel,Panvel,panvel,Panvel,panvel-near-jj-wood-panvel-410206,near jj wood panvel,410206
mh,Maharashtra,panvel,Panvel,panvel,Panvel,panvel-beside-hotel-peace-park-410206,beside Hotel peace park,410206
mh,Maharashtra,panvel,Panvel,panvel,Panvel,panvel-opp-hp-petrol-pump-410206,opp. hp petrol pump,410206
mh,Maharashtra,panvel,Panvel,panvel,Panvel,panvel-near-alok-clinic-410206,near Alok clinic,410206
mh,Maharashtra,panvel,Panvel,panvel,Panvel,panvel-sai-vihar-410206,Sai Vihar,410206
mh,Maharashtra,panvel,Panvel,panvel,Panvel,panvel-hirve-guruji-marg-410206,Hirve Guruji marg,410206
mh,Maharashtra,panvel,Panvel,panvel,Panvel,panvel-above-unnati-hospital-410206,above Unnati Hospital,410206
mh,Maharashtra,panvel,Panvel,panvel,Panvel,panvel-near-bhagat-tarachand-and-niramay-hospital-410206,near Bhagat Tarachand and Niramay Hospital,410206
mh,Maharashtra,panvel,Panvel,panvel,Panvel,panvel-opp-st-bus-depot-410206,opp ST bus depot,410206
mh,Maharashtra,panvel,Panvel,panvel,Panvel,panvel-opp-s-t-stand-panvel-410206,opp.S.T.Stand panvel,410206
mh,Maharashtra,panvel,Panvel,panvel,Panvel,panvel-landmark-410206,Landmark:,410206
mh,Maharashtra,panvel,Panvel,panvel,Panvel,panvel-near-new-bharat-petrol-pump-410206,near New Bharat Petrol Pump,410206
mh,Maharashtra,panvel,Panvel,panvel,Panvel,panvel-sector-35-410206,Sector 35,410206
mh,Maharashtra,panvel,Panvel,panvel,Panvel,panvel-opposite-annapurna-mahila-udyog-410206,opposite Annapurna Mahila Udyog,410206
mh,Maharashtra,panvel,Panvel,panvel,Panvel,panvel-opposite-kings-electronics-410206,opposite Kings electronics,410206
mh,Maharashtra,panvel,Panvel,panvel,Panvel,panvel-above-waman-hari-pethe-sons-410206,above Waman Hari Pethe Sons,410206
mh,Maharashtra,panvel,Panvel,panvel,Panvel,panvel-opp-yashomangal-society-410206,opp. YASHOMANGAL SOCIETY,410206
mh,Maharashtra,panvel,Panvel,panvel,Panvel,panvel-near-dr-ghodke-s-sanjay-clinic-410206,near Dr. Ghodke's Sanjay Clinic,410206
mh,Maharashtra,panvel,Panvel,panvel,Panvel,panvel-above-waman-hari-pethe-and-sons-410206,above Waman Hari Pethe & Sons,410206
mh,Maharashtra,panvel,Panvel,panvel,Panvel,panvel-opp-bus-depot-410206,opp. Bus Depot,410206
mh,Maharashtra,panvel,Panvel,panvel,Panvel,panvel-near-adarsh-hotel-410206,near Adarsh Hotel,410206
mh,Maharashtra,panvel,Panvel,panvel,Panvel,panvel-near-panchratna-hotel-410206,near Panchratna Hotel,410206
mh,Maharashtra,panvel,Panvel,panvel,Panvel,panvel-opposite-shushrusha-hispital-410206,opposite shushrusha Hispital,410206
mh,Maharashtra,panvel,Panvel,panvel,Panvel,panvel-opposite-durga-mata-temple-410206,opposite Durga Mata Temple,410206
mh,Maharashtra,panvel,Panvel,panvel,Panvel,panvel-opp-gaon-devi-mandir-road-410206,opp. Gaon Devi Mandir Road,410206
mh,Maharashtra,panvel,Panvel,panvel,Panvel,panvel-opposite-sutika-multispecialist-hospital-410206,opposite Sutika Multispecialist Hospital,410206
mh,Maharashtra,panvel,Panvel,panvel,Panvel,panvel-besides-410206,Besides,410206
mh,Maharashtra,panvel,Panvel,panvel,Panvel,panvel-taluka-krida-sankul-410206,Taluka Krida Sankul,410206
mh,Maharashtra,panvel,Panvel,panvel,Panvel,panvel-karnala-sports-complex-410206,Karnala Sports Complex,410206
mh,Maharashtra,panvel,Panvel,panvel,Panvel,panvel-behind-hoc-colony-410206,behind HOC colony,410206
mh,Maharashtra,panvel,Panvel,panvel,Panvel,panvel-karnala-sports-academy-panvel-410206,Karnala Sports Academy Panvel,410206
mh,Maharashtra,panvel,Panvel,panvel,Panvel,panvel-near-tehsildar-office-410206,near Tehsildar Office,410206
mh,Maharashtra,panvel,Panvel,panvel,Panvel,panvel-kasturi-colony-410206,Kasturi Colony,410206
mh,Maharashtra,panvel,Panvel,panvel,Panvel,panvel-opp-ramdas-mandir-410206,opp. Ramdas Mandir,410206
mh,Maharashtra,panvel,Panvel,panvel,Panvel,panvel-near-bhau-korde-410206,near bhau korde,410206
mh,Maharashtra,panvel,Panvel,panvel,Panvel,panvel-opposite-panvel-railway-station-410206,opposite Panvel Railway Station,410206
mh,Maharashtra,panvel,Panvel,panvel,Panvel,panvel-maha-nagar-palika-road-410206,Maha Nagar Palika Road,410206
mh,Maharashtra,panvel,Panvel,panvel,Panvel,panvel-near-patel-jewellers-410206,near Patel Jewellers,410206
mh,Maharashtra,panvel,Panvel,panvel,Panvel,panvel-mansi-smruti-410206,mansi smruti,410206
mh,Maharashtra,panvel,Panvel,panvel,Panvel,panvel-opposite-vasudev-balwant-phadke-road-410206,opposite Vasudev Balwant Phadke Road,410206
mh,Maharashtra,panvel,Panvel,panvel,Panvel,panvel-shop-number-6-darshan-apartment-410206,Shop Number 6 Darshan Apartment,410206
mh,Maharashtra,panvel,Panvel,panvel,Panvel,panvel-hoc-colony-410206,Hoc Colony,410206
mh,Maharashtra,panvel,Panvel,panvel,Panvel,panvel-near-shah-plaza-410206,near Shah Plaza,410206
mh,Maharashtra,panvel,Panvel,panvel,Panvel,panvel-muslman-nakka-410206,Muslman nakka,410206
mh,Maharashtra,panvel,Panvel,panvel,Panvel,panvel-opp-crown-plaza-410206,opp. Crown Plaza,410206
mh,Maharashtra,panvel,Panvel,panvel,Panvel,panvel-sector-05-410206,Sector 05,410206
mh,Maharashtra,panvel,Panvel,panvel,Panvel,panvel-near-yes-bank-410206,near YES Bank,410206
mh,Maharashtra,panvel,Panvel,panvel,Panvel,panvel-munot-nagar-410206,Munot Nagar,410206
mh,Maharashtra,panvel,Panvel,panvel,Panvel,panvel-near-b-m-c-bank-410206,near B.M.C Bank,410206
mh,Maharashtra,panvel,Panvel,panvel,Panvel,panvel-near-shree-sai-baba-temple-panvel-410206,near Shree Sai Baba Temple Panvel,410206
mh,Maharashtra,panvel,Panvel,panvel,Panvel,panvel-lakshmi-narayan-rd-410206,Lakshmi Narayan Rd,410206
mh,Maharashtra,panvel,Panvel,panvel,Panvel,panvel-behind-ashoka-gardens-410206,behind Ashoka Gardens,410206
mh,Maharashtra,panvel,Panvel,panvel,Panvel,panvel-near-bharat-gas-410206,near BHARAT GAS,410206
mh,Maharashtra,panvel,Panvel,panvel,Panvel,panvel-old-panvel-410206-2,Old Panvel.,410206
mh,Maharashtra,panvel,Panvel,panvel,Panvel,panvel-x4jc-vcv-410206,X4JC+VCV,410206
mh,Maharashtra,panvel,Panvel,panvel,Panvel,panvel-opp-to-janakalyan-bank-410206,opp to Janakalyan Bank,410206
mh,Maharashtra,panvel,Panvel,panvel,Panvel,panvel-opposite-to-banthia-offset-410206,opposite to Banthia offset,410206
mh,Maharashtra,panvel,Panvel,panvel,Panvel,panvel-near-pooja-jwellers-410206,near pooja jwellers,410206
mh,Maharashtra,panvel,Panvel,panvel,Panvel,panvel-musalman-naka-410206,musalman naka,410206
mh,Maharashtra,panvel,Panvel,panvel,Panvel,panvel-chauk-410206,Chauk,410206
mh,Maharashtra,panvel,Panvel,panvel,Panvel,panvel-opp-bak-of-india-shivaji-road-410206,Opp Bak Of India Shivaji Road,410206
mh,Maharashtra,panvel,Panvel,panvel,Panvel,panvel-noor-jewellers-410206,Noor Jewellers,410206
mh,Maharashtra,panvel,Panvel,panvel,Panvel,panvel-opposite-neelkamal-jewellers-410206,opposite NEELKAMAL JEWELLERS,410206
mh,Maharashtra,panvel,Panvel,panvel,Panvel,panvel-x4p4-wp5-410206,X4P4+WP5,410206
mh,Maharashtra,panvel,Panvel,panvel,Panvel,panvel-near-durga-mata-temple-410206,near Durga Mata Temple,410206
mh,Maharashtra,panvel,Panvel,panvel,Panvel,panvel-near-bharat-bank-410206,near Bharat bank,410206
mh,Maharashtra,panvel,Panvel,panvel,Panvel,panvel-shop-no-5-410206,Shop No 5,410206
mh,Maharashtra,panvel,Panvel,panvel,Panvel,panvel-near-laxminarayan-mandir-410206,near LAXMINARAYAN MANDIR,410206
mh,Maharashtra,panvel,Panvel,panvel,Panvel,panvel-aradhana-bhavan-jai-bharat-naka-godse-ali-410206,Aradhana Bhavan Jai Bharat Naka Godse Ali,410206
mh,Maharashtra,panvel,Panvel,panvel,Panvel,panvel-opposite-godrej-garden-410206,opposite Godrej garden,410206
mh,Maharashtra,panvel,Panvel,panvel,Panvel,panvel-near-patel-jewelry-joshi-ali-410206,near patel Jewelry Joshi Ali,410206
mh,Maharashtra,panvel,Panvel,panvel,Panvel,panvel-opposite-national-regency-410206,opposite National Regency,410206
mh,Maharashtra,panvel,Panvel,panvel,Panvel,panvel-shop-no-4-410206,Shop No 4,410206
mh,Maharashtra,panvel,Panvel,panvel,Panvel,panvel-opposite-banthia-offset-410206,opposite Banthia offset,410206
mh,Maharashtra,panvel,Panvel,panvel,Panvel,panvel-opposite-mtnl-road-410206,opposite MTNL Road,410206
mh,Maharashtra,panvel,Panvel,panvel,Panvel,panvel-x4p6-67g-410206,X4P6+67G,410206
mh,Maharashtra,panvel,Panvel,panvel,Panvel,panvel-x4q9-66j-410206,X4Q9+66J,410206
mh,Maharashtra,panvel,Panvel,panvel,Panvel,panvel-ichhapurti-shree-ganesh-mandir-410206,Ichhapurti shree Ganesh Mandir,410206
mh,Maharashtra,panvel,Panvel,panvel,Panvel,panvel-old-station-rd-410206,Old Station Rd,410206
mh,Maharashtra,panvel,Panvel,panvel,Panvel,panvel-x4p6-w2w-410206,X4P6+W2W,410206
mh,Maharashtra,panvel,Panvel,panvel,Panvel,panvel-x4q5-4hf-410206,X4Q5+4HF,410206
mh,Maharashtra,panvel,Panvel,panvel,Panvel,panvel-x4m8-85j-410206,X4M8+85J,410206
mh,Maharashtra,panvel,Panvel,panvel,Panvel,panvel-near-shree-bhagwan-mahaveer-chowk-410206,near Shree Bhagwan Mahaveer Chowk,410206
mh,Maharashtra,panvel,Panvel,panvel,Panvel,panvel-near-v-k-high-school-410206-2,near V. K. High School,410206
mh,Maharashtra,panvel,Panvel,panvel,Panvel,panvel-opp-sindhi-panchayat-building-410206,opp. Sindhi Panchayat Building,410206
mh,Maharashtra,panvel,Panvel,panvel,Panvel,panvel-near-jaakhmata-temple-410206,near Jaakhmata temple,410206
mh,Maharashtra,panvel,Panvel,panvel,Panvel,panvel-near-dhutpapeshwar-410206,Near Dhutpapeshwar,410206
mh,Maharashtra,panvel,Panvel,panvel,Panvel,panvel-near-amardham-410206,near Amardham,410206
mh,Maharashtra,panvel,Panvel,panvel,Panvel,panvel-near-birmole-hospital-410206,near Birmole Hospital,410206
mh,Maharashtra,panvel,Panvel,panvel,Panvel,panvel-jawheri-bazar-joshi-gali-410206,Jawheri Bazar Joshi Gali,410206
mh,Maharashtra,panvel,Panvel,panvel,Panvel,panvel-near-saraswati-vidya-mandir-410206,Near Saraswati Vidya Mandir,410206
mh,Maharashtra,panvel,Panvel,panvel,Panvel,panvel-bhaji-market-410206,Bhaji Market,410206
mh,Maharashtra,panvel,Panvel,panvel,Panvel,panvel-plot-no-158-410206,Plot No 158,410206
mh,Maharashtra,panvel,Panvel,panvel,Panvel,panvel-opp-new-panvel-410206,opp. New-Panvel,410206
mh,Maharashtra,panvel,Panvel,panvel,Panvel,panvel-mumbai-pune-highway-410206-2,Mumbai Pune Highway,410206
mh,Maharashtra,panvel,Panvel,panvel,Panvel,panvel-near-by-sarovar-hotel-410206,near by sarovar hotel,410206
mh,Maharashtra,panvel,Panvel,panvel,Panvel,panvel-near-sarovar-hotel-410206,near Sarovar Hotel,410206
mh,Maharashtra,panvel,Panvel,panvel,Panvel,panvel-opp-s-t-stand-410206,opp. S.T Stand,410206
mh,Maharashtra,panvel,Panvel,panvel,Panvel,panvel-opp-chatrapati-shivaji-maharaj-marg-410206,opp. Chatrapati Shivaji Maharaj Marg,410206
mh,Maharashtra,panvel,Panvel,panvel,Panvel,panvel-opposite-shivaji-maharaj-statue-410206,opposite Shivaji Maharaj Statue,410206
mh,Maharashtra,panvel,Panvel,panvel,Panvel,panvel-near-ckp-hall-410206,near CKP HALL,410206
mh,Maharashtra,panvel,Panvel,panvel,Panvel,panvel-beside-ganpati-temple-old-410206,beside ganpati temple old,410206
mh,Maharashtra,panvel,Panvel,panvel,Panvel,panvel-s-n-road-410206,S N Road,410206
mh,Maharashtra,panvel,Panvel,panvel,Panvel,panvel-bunder-road-panvel-410206,Bunder road panvel,410206
mh,Maharashtra,panvel,Panvel,panvel,Panvel,panvel-near-panvel-station-410206,near Panvel station,410206
mh,Maharashtra,panvel,Panvel,panvel,Panvel,panvel-near-kokan-food-restaurent-410206,near Kokan Food Restaurent,410206
mh,Maharashtra,panvel,Panvel,panvel,Panvel,panvel-opp-to-st-depot-410206,opp. to ST DEPOT,410206
mh,Maharashtra,panvel,Panvel,panvel,Panvel,panvel-near-parhar-hospital-410206,near Parhar Hospital,410206
mh,Maharashtra,panvel,Panvel,panvel,Panvel,panvel-sector-no-11-410206,Sector No. 11,410206
mh,Maharashtra,panvel,Panvel,panvel,Panvel,panvel-near-king-electronics-410206,near King Electronics,410206
mh,Maharashtra,panvel,Panvel,panvel,Panvel,panvel-opposite-bharat-petroleum-410206,opposite Bharat Petroleum,410206
mh,Maharashtra,panvel,Panvel,panvel,Panvel,panvel-goa-road-410206,Goa Road,410206
mh,Maharashtra,panvel,Panvel,panvel,Panvel,panvel-lion-garden-dargah-stand-410206,Lion Garden Dargah Stand,410206
mh,Maharashtra,panvel,Panvel,panvel,Panvel,panvel-near-ashoka-gardens-410206,near Ashoka Gardens,410206
mh,Maharashtra,panvel,Panvel,panvel,Panvel,panvel-near-pancharatna-hotel-410206,near Pancharatna Hotel,410206
mh,Maharashtra,panvel,Panvel,panvel,Panvel,panvel-near-swati-optical-gali-410206,near Swati Optical Gali,410206
mh,Maharashtra,panvel,Panvel,panvel,Panvel,panvel-apartment-410206,Apartment,410206
mh,Maharashtra,panvel,Panvel,panvel,Panvel,panvel-near-sukh-hospital-410206,near Sukh Hospital,410206
mh,Maharashtra,panvel,Panvel,panvel,Panvel,panvel-behind-st-depo-410206,behind ST Depo,410206
mh,Maharashtra,panvel,Panvel,panvel,Panvel,panvel-near-ambedkar-statue-410206,near Ambedkar Statue,410206
mh,Maharashtra,panvel,Panvel,panvel,Panvel,panvel-near-panvel-palace-hotel-410206,near Panvel Palace hotel,410206
mh,Maharashtra,panvel,Panvel,panvel,Panvel,panvel-ground-floor-410206,Ground Floor,410206
mh,Maharashtra,panvel,Panvel,panvel,Panvel,panvel-near-hotel-ketki-410206,Near Hotel Ketki,410206
mh,Maharashtra,panvel,Panvel,panvel,Panvel,panvel-a-village-kolkhe-410206,A Village Kolkhe,410206
mh,Maharashtra,panvel,Panvel,panvel,Panvel,panvel-near-shivaji-square-410206,near shivaji square,410206
mh,Maharashtra,panvel,Panvel,panvel,Panvel,panvel-beside-st-stand-410206,beside St Stand,410206
mh,Maharashtra,panvel,Panvel,panvel,Panvel,panvel-near-tanishq-jewellery-410206,near Tanishq Jewellery,410206
mh,Maharashtra,panvel,Panvel,panvel,Panvel,panvel-shop-no-6-410206,Shop No 6,410206
mh,Maharashtra,panvel,Panvel,panvel,Panvel,panvel-next-to-mahad-bank-410206,next to Mahad Bank,410206
mh,Maharashtra,panvel,Panvel,panvel,Panvel,panvel-shop-number-2-shree-krupa-building-thana-naka-410206,Shop Number 2 Shree Krupa Building Thana Naka,410206
mh,Maharashtra,panvel,Panvel,panvel,Panvel,panvel-i-deliver-service-at-costomer-location-410206,I deliver service at costomer location,410206
mh,Maharashtra,panvel,Panvel,panvel,Panvel,panvel-near-arya-hotel-410206,near Arya Hotel,410206
mh,Maharashtra,panvel,Panvel,panvel,Panvel,panvel-new-uran-road-410206,New Uran Road,410206
mh,Maharashtra,panvel,Panvel,panvel,Panvel,panvel-opposite-tehsildar-office-410206,opposite Tehsildar Office,410206
mh,Maharashtra,panvel,Panvel,panvel,Panvel,panvel-x4x3-g5q-410206,X4X3+G5Q,410206
mh,Maharashtra,panvel,Panvel,panvel,Panvel,panvel-x4r6-63j-410206,X4R6+63J,410206
mh,Maharashtra,panvel,Panvel,panvel,Panvel,panvel-opposite-likhite-hospital-410206,opposite Likhite Hospital,410206
mh,Maharashtra,panvel,Panvel,panvel,Panvel,panvel-near-barnce-school-410206,near barnce school,410206
mh,Maharashtra,panvel,Panvel,panvel,Panvel,panvel-sector-02-410206,Sector -02,410206
mh,Maharashtra,panvel,Panvel,panvel,Panvel,panvel-near-dhutpapeshwar-corner-410206,near dhutpapeshwar corner,410206
mh,Maharashtra,panvel,Panvel,panvel,Panvel,panvel-opp-bank-of-baroda-and-kotak-mahindra-bank-410206,opp. Bank of baroda and kotak mahindra bank,410206
mh,Maharashtra,panvel,Panvel,panvel,Panvel,panvel-near-sai-nagar-road-410206,near Sai Nagar Road,410206
mh,Maharashtra,panvel,Panvel,panvel,Panvel,panvel-opp-s-t-stand-410206-2,opp. S.T. Stand,410206
mh,Maharashtra,panvel,Panvel,panvel,Panvel,panvel-near-savkar-chowk-410206,near Savkar Chowk,410206
mh,Maharashtra,panvel,Panvel,panvel,Panvel,panvel-godrej-plaza-410206,Godrej Plaza,410206
mh,Maharashtra,panvel,Panvel,panvel,Panvel,panvel-x4p4-px6-410206,X4P4+PX6,410206
mh,Maharashtra,panvel,Panvel,panvel,Panvel,panvel-near-v-k-high-school-410206-3,near V.K. High School,410206
mh,Maharashtra,panvel,Panvel,panvel,Panvel,panvel-gavdevi-pada-410206,gavdevi pada,410206
mh,Maharashtra,panvel,Panvel,panvel,Panvel,panvel-near-masjid-410206,near Masjid,410206
mh,Maharashtra,panvel,Panvel,panvel,Panvel,panvel-maharana-pratap-road-410206,Maharana Pratap Road,410206
mh,Maharashtra,panvel,Panvel,panvel,Panvel,panvel-opposite-panvel-st-depot-410206,opposite Panvel ST depot,410206
mh,Maharashtra,panvel,Panvel,panvel,Panvel,panvel-near-laxmi-eye-institute-410206,near Laxmi Eye Institute,410206
mh,Maharashtra,panvel,Panvel,panvel,Panvel,panvel-x4j9-8f4-410206,X4J9+8F4,410206
mh,Maharashtra,panvel,Panvel,panvel,Panvel,panvel-near-telephone-exchange-410206,near Telephone Exchange,410206
mh,Maharashtra,panvel,Panvel,panvel,Panvel,panvel-near-naturals-icecream-410206,near Naturals Icecream,410206
mh,Maharashtra,panvel,Panvel,panvel,Panvel,panvel-near-by-vadale-lake-410206,near by Vadale Lake,410206
mh,Maharashtra,panvel,Panvel,panvel,Panvel,panvel-neelkanth-darshan-building-old-panvel-navi-mumbai-opposite-orion-mall-410206,Neelkanth Darshan Building Old Panvel Navi Mumbai Opposite Orion Mall,410206
mh,Maharashtra,panvel,Panvel,panvel,Panvel,panvel-next-to-bharat-petrol-pump-410206,next to Bharat petrol Pump,410206
mh,Maharashtra,panvel,Panvel,panvel,Panvel,panvel-opposite-dominos-pizza-410206,opposite DOMINOS PIZZA,410206
mh,Maharashtra,panvel,Panvel,panvel,Panvel,panvel-off-pritam-hospital-410206,off Pritam Hospital,410206
mh,Maharashtra,panvel,Panvel,panvel,Panvel,panvel-opposite-s-t-bus-depot-410206-2,opposite S.T. Bus Depot,410206
mh,Maharashtra,panvel,Panvel,panvel,Panvel,panvel-opp-janlyan-bank-virupkash-mandir-410206,opp. janlyan bank virupkash mandir,410206
mh,Maharashtra,panvel,Panvel,panvel,Panvel,panvel-center-bunder-road-410206,CENTER BUNDER ROAD,410206
mh,Maharashtra,panvel,Panvel,panvel,Panvel,panvel-ram-ganeshgadkari-road-410206,Ram ganeshgadkari road,410206
mh,Maharashtra,panvel,Panvel,panvel,Panvel,panvel-prince-paradise-410206,Prince paradise,410206
mh,Maharashtra,panvel,Panvel,panvel,Panvel,panvel-near-gopdevi-mandir-410206,near Gopdevi Mandir,410206
mh,Maharashtra,panvel,Panvel,panvel,Panvel,panvel-near-gandhi-hospital-410206,near Gandhi Hospital,410206
mh,Maharashtra,panvel,Panvel,panvel,Panvel,panvel-opp-metropolis-lab-410206,opp. Metropolis Lab,410206
mh,Maharashtra,panvel,Panvel,panvel,Panvel,panvel-near-ratan-tokies-410206,near Ratan Tokies,410206
mh,Maharashtra,panvel,Panvel,panvel,Panvel,panvel-mumbai-pune-hwy-410206,Mumbai - Pune Hwy,410206
mh,Maharashtra,panvel,Panvel,panvel,Panvel,panvel-below-sbi-bank-sector-1s-410206,below SBI bank Sector 1S,410206
mh,Maharashtra,panvel,Panvel,panvel,Panvel,panvel-pada-mohallah-410206,pada mohallah,410206
mh,Maharashtra,panvel,Panvel,panvel,Panvel,panvel-x4r7-cpc-410206,X4R7+CPC,410206
mh,Maharashtra,panvel,Panvel,panvel,Panvel,panvel-opp-st-depot-410206,opp. St Depot,410206
mh,Maharashtra,panvel,Panvel,panvel,Panvel,panvel-near-hotel-chanakya-410206,near Hotel Chanakya,410206
mh,Maharashtra,panvel,Panvel,panvel,Panvel,panvel-opp-mahanagar-palika-office-410206,opp. mahanagar palika office,410206
mh,Maharashtra,panvel,Panvel,roadpali,Roadpali,roadpali-roadpali-410218,Roadpali,410218
mh,Maharashtra,panvel,Panvel,roadpali,Roadpali,roadpali-panvel-410218,Panvel,410218
mh,Maharashtra,panvel,Panvel,roadpali,Roadpali,roadpali-kalamboli-steel-market-yard-410218,Kalamboli Steel Market Yard,410218
mh,Maharashtra,panvel,Panvel,roadpali,Roadpali,roadpali-sector-20-410218,Sector 20,410218
mh,Maharashtra,panvel,Panvel,roadpali,Roadpali,roadpali-sector-15-410218,Sector 15,410218
mh,Maharashtra,panvel,Panvel,roadpali,Roadpali,roadpali-sector-17-410218,Sector 17,410218
mh,Maharashtra,panvel,Panvel,roadpali,Roadpali,roadpali-sector-20-410218-2,Sector-20,410218
mh,Maharashtra,panvel,Panvel,roadpali,Roadpali,roadpali-sector-14-410218,Sector 14,410218
mh,Maharashtra,panvel,Panvel,roadpali,Roadpali,roadpali-kalamboli-410218,Kalamboli,410218
mh,Maharashtra,panvel,Panvel,roadpali,Roadpali,roadpali-sector-8-410218,Sector 8,410218
mh,Maharashtra,panvel,Panvel,roadpali,Roadpali,roadpali-raigad-410218,Raigad,410218
mh,Maharashtra,panvel,Panvel,roadpali,Roadpali,roadpali-sector-16-410218,Sector-16,410218
mh,Maharashtra,panvel,Panvel,roadpali,Roadpali,roadpali-navi-410218,Navi,410218
mh,Maharashtra,panvel,Panvel,roadpali,Roadpali,roadpali-amrante-410218,Amrante,410218
mh,Maharashtra,panvel,Panvel,roadpali,Roadpali,roadpali-410-218-410218,410 218,410218
mh,Maharashtra,panvel,Panvel,roadpali,Roadpali,roadpali-sector-23-410218,Sector 23,410218
mh,Maharashtra,panvel,Panvel,roadpali,Roadpali,roadpali-sec-17-410218,Sec 17,410218
mh,Maharashtra,panvel,Panvel,roadpali,Roadpali,roadpali-panvle-410218,Panvle,410218
mh,Maharashtra,panvel,Panvel,roadpali,Roadpali,roadpali-sector-10e-410218,Sector 10E,410218
mh,Maharashtra,panvel,Panvel,roadpali,Roadpali,roadpali-sector-16-410218-2,Sector 16,410218
mh,Maharashtra,panvel,Panvel,roadpali,Roadpali,roadpali-sector-13-410218,Sector 13,410218
mh,Maharashtra,panvel,Panvel,roadpali,Roadpali,roadpali-kharghar-410218,Kharghar,410218
mh,Maharashtra,panvel,Panvel,roadpali,Roadpali,roadpali-sector-19-410218,Sector 19,410218
mh,Maharashtra,panvel,Panvel,taloja,Taloja,taloja-taloja-panchanand-410208,Taloja Panchanand,410208
mh,Maharashtra,panvel,Panvel,taloja,Taloja,taloja-kalamboli-410208,Kalamboli,410208
mh,Maharashtra,panvel,Panvel,taloja,Taloja,taloja-road-410208,road,410208
mh,Maharashtra,panvel,Panvel,taloja,Taloja,taloja-taloja-410208,Taloja,410208
mh,Maharashtra,panvel,Panvel,taloja,Taloja,taloja-sector-2-410208,Sector 2,410208
mh,Maharashtra,panvel,Panvel,taloja,Taloja,taloja-taloja-phase-2-410208,Taloja Phase 2,410208
mh,Maharashtra,panvel,Panvel,taloja,Taloja,taloja-sector-40-410208,Sector 40,410208
mh,Maharashtra,panvel,Panvel,taloja,Taloja,taloja-face-2-410208,face 2,410208
mh,Maharashtra,panvel,Panvel,taloja,Taloja,taloja-sector-34plot-no-6-410208,sector 34plot no. 6,410208
mh,Maharashtra,panvel,Panvel,taloja,Taloja,taloja-phase-1-410208,Phase 1,410208
mh,Maharashtra,panvel,Panvel,taloja,Taloja,taloja-pendhar-410208,Pendhar,410208
mh,Maharashtra,panvel,Panvel,taloja,Taloja,taloja-ghot-410208,Ghot,410208
mh,Maharashtra,panvel,Panvel,taloja,Taloja,taloja-navde-410208,Navde,410208
mh,Maharashtra,panvel,Panvel,taloja,Taloja,taloja-3494-m7h-410208,3494+M7H,410208
mh,Maharashtra,panvel,Panvel,taloja,Taloja,taloja-opp-dena-bank-410208,opp. DENA BANK,410208
mh,Maharashtra,panvel,Panvel,taloja,Taloja,taloja-midc-area-410208,MIDC Area,410208
mh,Maharashtra,panvel,Panvel,taloja,Taloja,taloja-plot-t-28-410208,Plot T-28,410208
mh,Maharashtra,panvel,Panvel,taloja,Taloja,taloja-phase-2-410208,phase 2,410208
mh,Maharashtra,panvel,Panvel,taloja,Taloja,taloja-ghotkamp-koyana-vele-410208,Ghotkamp Koyana Vele,410208
mh,Maharashtra,panvel,Panvel,taloja,Taloja,taloja-tondare-410208,Tondare,410208
mh,Maharashtra,panvel,Panvel,taloja,Taloja,taloja-midc-rd-410208,MIDC Rd,410208
mh,Maharashtra,panvel,Panvel,taloja,Taloja,taloja-industrial-area-410208,Industrial Area,410208
mh,Maharashtra,panvel,Panvel,taloja,Taloja,taloja-adarsh-nagar-410208,Adarsh Nagar,410208
mh,Maharashtra,panvel,Panvel,taloja,Taloja,taloja-camp-410208,camp,410208
mh,Maharashtra,panvel,Panvel,taloja,Taloja,taloja-sector-10-410208,Sector 10,410208
mh,Maharashtra,panvel,Panvel,taloja,Taloja,taloja-sector-09-410208,Sector 09,410208
mh,Maharashtra,panvel,Panvel,taloja,Taloja,taloja-sector-18-410208,Sector 18,410208
mh,Maharashtra,panvel,Panvel,taloja,Taloja,taloja-devichapada-410208,Devichapada,410208
mh,Maharashtra,panvel,Panvel,taloja,Taloja,taloja-silver-spring-410208,SIlver Spring,410208
mh,Maharashtra,panvel,Panvel,taloja,Taloja,taloja-taloje-majkur-410208,Taloje Majkur,410208
mh,Maharashtra,panvel,Panvel,taloja,Taloja,taloja-please-2-410208,please 2,410208
mh,Maharashtra,panvel,Panvel,taloja,Taloja,taloja-near-bikarner-sweet-corner-410208,near bikarner sweet corner,410208
mh,Maharashtra,panvel,Panvel,taloja,Taloja,taloja-nr-pethali-410208,Nr Pethali,410208
mh,Maharashtra,panvel,Panvel,taloja,Taloja,taloja-sector-11-410208,Sector 11,410208
mh,Maharashtra,panvel,Panvel,taloja,Taloja,taloja-2-410208,2,410208
mh,Maharashtra,panvel,Panvel,taloja,Taloja,taloja-fash1-410208,fash1,410208
mh,Maharashtra,panvel,Panvel,taloja,Taloja,taloja-sector-7-410208,Sector 7,410208
mh,Maharashtra,panvel,Panvel,taloja,Taloja,taloja-near-taloja-410208,near taloja,410208
mh,Maharashtra,panvel,Panvel,taloja,Taloja,taloja-346h-224-410208,346H+224,410208
mh,Maharashtra,panvel,Panvel,taloja,Taloja,taloja-metro-station-410208,METRO STATION,410208
mh,Maharashtra,panvel,Panvel,taloja,Taloja,taloja-34c6-j3q-410208,34C6+J3Q,410208
mh,Maharashtra,panvel,Panvel,taloja,Taloja,taloja-tower-2a-410208,Tower-2A,410208
mh,Maharashtra,panvel,Panvel,taloja,Taloja,taloja-410208,,410208
mh,Maharashtra,panvel,Panvel,taloja,Taloja,taloja-midc-410208,MIDC,410208
mh,Maharashtra,panvel,Panvel,taloja,Taloja,taloja-mahanagar-410208,Mahanagar,410208
mh,Maharashtra,panvel,Panvel,taloja,Taloja,taloja-behind-dena-bank-410208,behind Dena Bank,410208
mh,Maharashtra,panvel,Panvel,taloja,Taloja,taloja-near-410208,near शेफा हेल्थ केयर,410208
mh,Maharashtra,panvel,Panvel,taloja,Taloja,taloja-337v-5h8-410208,337V+5H8,410208
mh,Maharashtra,panvel,Panvel,taloja,Taloja,taloja-pethali-410208,pethali,410208
mh,Maharashtra,panvel,Panvel,taloja,Taloja,taloja-sector-5-410208,Sector 5,410208
mh,Maharashtra,panvel,Panvel,taloja,Taloja,taloja-sector-02-410208,Sector 02,410208
mh,Maharashtra,panvel,Panvel,taloja,Taloja,taloja-parking-area-410208,Parking Area,410208
mh,Maharashtra,panvel,Panvel,taloja,Taloja,taloja-cidco-grahasankul-410208,cidco Grahasankul,410208
mh,Maharashtra,panvel,Panvel,taloja,Taloja,taloja-opp-to-v-k-mishra-bharat-petrol-pump-410208,opp. to V.K. Mishra bharat petrol pump,410208
mh,Maharashtra,panvel,Panvel,taloja,Taloja,taloja-dist-410208,Dist,410208
mh,Maharashtra,panvel,Panvel,taloja,Taloja,taloja-bharat-petrol-pump-410208,Bharat petrol Pump,410208
mh,Maharashtra,panvel,Panvel,taloja,Taloja,taloja-panvel-410208,Panvel,410208
mh,Maharashtra,panvel,Panvel,taloja,Taloja,taloja-gram-panchayat-410208,Gram Panchayat,410208
mh,Maharashtra,panvel,Panvel,taloja,Taloja,taloja-nh-48-410208,NH 48,410208
mh,Maharashtra,panvel,Panvel,taloja,Taloja,taloja-behind-chandravilas-hotel-410208,behind Chandravilas Hotel,410208
mh,Maharashtra,panvel,Panvel,taloja,Taloja,taloja-taloja-phase-1-410208,Taloja Phase 1,410208
mh,Maharashtra,panvel,Panvel,taloja,Taloja,taloja-plot-l66-410208,Plot L66,410208
mh,Maharashtra,panvel,Panvel,taloja,Taloja,taloja-cidco-garden-410208,Cidco Garden,410208
mh,Maharashtra,panvel,Panvel,taloja,Taloja,taloja-opp-hindalco-raigad-410208-410208,opp. Hindalco Raigad 410208,410208
mh,Maharashtra,panvel,Panvel,taloja,Taloja,taloja-pap42-410208,Pap42,410208
mh,Maharashtra,panvel,Panvel,taloja,Taloja,taloja-opposite-dena-bank-410208,opposite Dena Bank,410208
mh,Maharashtra,panvel,Panvel,taloja,Taloja,taloja-phase1-410208,phase1,410208
mh,Maharashtra,panvel,Panvel,taloja,Taloja,taloja-sector-9-410208,Sector 9,410208
mh,Maharashtra,panvel,Panvel,taloja,Taloja,taloja-sector-26-410208,Sector 26,410208
mh,Maharashtra,panvel,Panvel,taloja,Taloja,taloja-1-panvel-410208,1 Panvel,410208
mh,Maharashtra,panvel,Panvel,taloja,Taloja,taloja-sector-04-410208,Sector-04,410208
mh,Maharashtra,panvel,Panvel,taloja,Taloja,taloja-at-410208,At,410208
mh,Maharashtra,panvel,Panvel,taloja,Taloja,taloja-swapnsagar-410208,swapnsagar,410208
mh,Maharashtra,panvel,Panvel,taloja,Taloja,taloja-sector-27-410208,Sector 27,410208
mh,Maharashtra,panvel,Panvel,taloja,Taloja,taloja-sector-21-410208,Sector 21,410208
mh,Maharashtra,panvel,Panvel,taloja,Taloja,taloja-taluka-panvel-410208,Taluka Panvel,410208
mh,Maharashtra,panvel,Panvel,taloja,Taloja,taloja-near-vvf-company-410208,near VVF company,410208
mh,Maharashtra,panvel,Panvel,taloja,Taloja,taloja-walap-village-410208,Walap Village,410208
mh,Maharashtra,panvel,Panvel,taloja,Taloja,taloja-opposite-sayaji-hotel-410208,opposite sayaji hotel,410208
mh,Maharashtra,panvel,Panvel,taloja,Taloja,taloja-3469-7x5-410208,3469+7X5,410208
mh,Maharashtra,panvel,Panvel,taloja,Taloja,taloja-opposite-taloja-410208,opposite Taloja,410208
mh,Maharashtra,panvel,Panvel,taloja,Taloja,taloja-a-8-1-and-2-410208,A/8-1 & 2,410208
mh,Maharashtra,panvel,Panvel,taloja,Taloja,taloja-347f-c4f-410208,347F+C4F,410208
mh,Maharashtra,panvel,Panvel,taloja,Taloja,taloja-sector-37-410208,Sector 37,410208
mh,Maharashtra,panvel,Panvel,taloja,Taloja,taloja-new-chemical-zone-410208,New chemical zone,410208
mh,Maharashtra,panvel,Panvel,taloja,Taloja,taloja-industrial-estate-410208,Industrial Estate,410208
mh,Maharashtra,panvel,Panvel,taloja,Taloja,taloja-nearby-cng-pump-410208,nearby CNG Pump,410208
mh,Maharashtra,panvel,Panvel,taloja,Taloja,taloja-gaon-410208,Gaon,410208
mh,Maharashtra,panvel,Panvel,taloja,Taloja,taloja-wavanje-410208,Wavanje,410208
mh,Maharashtra,panvel,Panvel,taloja,Taloja,taloja-3469-5j6-410208,3469+5J6,410208
mh,Maharashtra,panvel,Panvel,taloja,Taloja,taloja-ghotgoan-410208,Ghotgoan,410208
mh,Maharashtra,panvel,Panvel,taloja,Taloja,taloja-midc-industrial-estate-410208,MIDC Industrial Estate,410208
mh,Maharashtra,panvel,Panvel,taloja,Taloja,taloja-sector-10-410208-2,sector -10,410208
mh,Maharashtra,panvel,Panvel,taloja,Taloja,taloja-platinum-springs-g6-g20-g24-410208,Platinum Springs G6 G20-G24,410208
mh,Maharashtra,panvel,Panvel,taloja,Taloja,taloja-sector-14-410208,Sector 14,410208
mh,Maharashtra,panvel,Panvel,taloja,Taloja,taloja-near-police-station-410208,near Police Station,410208
mh,Maharashtra,panvel,Panvel,taloja,Taloja,taloja-plot-no-j-35-36-410208,PLOT NO.- J-35/36,410208
mh,Maharashtra,panvel,Panvel,taloja,Taloja,taloja-dongrepada-410208,Dongrepada,410208
mh,Maharashtra,panvel,Panvel,taloja,Taloja,taloja-01-tondare-gav-410208,01 Tondare Gav,410208
mh,Maharashtra,panvel,Panvel,taloja,Taloja,taloja-opposite-410208,opposite देना बैंक,410208
mh,Maharashtra,panvel,Panvel,taloja,Taloja,taloja-410208-410208,410208,410208
mh,Maharashtra,panvel,Panvel,taloja,Taloja,taloja-shop-no-02-padghe-bridge-padghe-410208,Shop No-02 Padghe Bridge Padghe,410208
mh,Maharashtra,panvel,Panvel,taloja,Taloja,taloja-sector-10-410208-3,Sector-10,410208
mh,Maharashtra,panvel,Panvel,taloja,Taloja,taloja-gass-410208,Gass,410208
mh,Maharashtra,panvel,Panvel,taloja,Taloja,taloja-midc-industry-area-410208,Midc Industry Area,410208
mh,Maharashtra,panvel,Panvel,taloja,Taloja,taloja-pisarve-410208,Pisarve,410208
mh,Maharashtra,panvel,Panvel,taloja,Taloja,taloja-next-to-icici-bank-410208,next to ICICI Bank,410208
mh,Maharashtra,panvel,Panvel,taloja,Taloja,taloja-beside-m-h-enterprise-410208,beside M. H. Enterprise,410208
mh,Maharashtra,panvel,Panvel,taloja,Taloja,taloja-near-taloja-railway-station-410208,Near Taloja Railway Station,410208
mh,Maharashtra,panvel,Panvel,taloja,Taloja,taloja-kothari-gaon-410208,Kothari Gaon,410208
mh,Maharashtra,panvel,Panvel,taloja,Taloja,taloja-khutari-gaon-410208,Khutari Gaon,410208
mh,Maharashtra,panvel,Panvel,taloja,Taloja,taloja-off-kharghar-410208,off Kharghar,410208
mh,Maharashtra,panvel,Panvel,taloja,Taloja,taloja-23jm-wmr-410208,23JM+WMR,410208
mh,Maharashtra,panvel,Panvel,taloja,Taloja,taloja-midc-industrial-area-410208,MIDC Industrial Area,410208
mh,Maharashtra,panvel,Panvel,taloja,Taloja,taloja-204-410208,204,410208
mh,Maharashtra,panvel,Panvel,taloja,Taloja,taloja-347c-692-410208,347C+692,410208
mh,Maharashtra,panvel,Panvel,taloja,Taloja,taloja-3468-hj5-410208,3468+HJ5,410208
mh,Maharashtra,panvel,Panvel,taloja,Taloja,taloja-cfc-building-410208,CFC Building,410208
mh,Maharashtra,panvel,Panvel,taloja,Taloja,taloja-34qg-xwm-exide-battery-company-410208,34QG+XWM Exide Battery Company,410208
mh,Maharashtra,panvel,Panvel,taloja,Taloja,taloja-sector-38-410208,Sector 38,410208
mh,Maharashtra,panvel,Panvel,taloja,Taloja,taloja-near-dena-bank-410208,Near Dena Bank,410208
mh,Maharashtra,panvel,Panvel,taloja,Taloja,taloja-unnamed-road-410208,Unnamed Road,410208
mh,Maharashtra,panvel,Panvel,taloja,Taloja,taloja-3468-mhm-410208,3468+MHM,410208
mh,Maharashtra,panvel,Panvel,taloja,Taloja,taloja-petali-410208,Petali,410208
mh,Maharashtra,panvel,Panvel,taloja,Taloja,taloja-goan-410208,GOAN,410208
mh,Maharashtra,panvel,Panvel,taloja,Taloja,taloja-sector-4-410208,Sector 4,410208
mh,Maharashtra,panvel,Panvel,taloja,Taloja,taloja-adhiraj-gate-s-410208,Adhiraj gate s,410208
mh,Maharashtra,panvel,Panvel,taloja,Taloja,taloja-near-ganesh-mandir-410208,near Ganesh Mandir,410208
mh,Maharashtra,panvel,Panvel,taloja,Taloja,taloja-346f-x6q-410208,346F+X6Q,410208
mh,Maharashtra,panvel,Panvel,taloja,Taloja,taloja-opposite-bank-of-baroda-taloja-branch-410208,opposite Bank of Baroda Taloja Branch,410208
mh,Maharashtra,panvel,Panvel,taloja,Taloja,taloja-raigadh-410208,RAIGADH,410208
mh,Maharashtra,panvel,Panvel,taloja,Taloja,taloja-shop-no-72-410208,Shop No.72,410208
mh,Maharashtra,panvel,Panvel,taloja,Taloja,taloja-shop-no-10-410208,Shop No.10,410208
mh,Maharashtra,panvel,Panvel,taloja,Taloja,taloja-near-bel-naka-410208,near BEL NAKA,410208
mh,Maharashtra,panvel,Panvel,taloja,Taloja,taloja-near-igpl-company-410208,near IGPL COMPANY,410208
mh,Maharashtra,panvel,Panvel,taloja,Taloja,taloja-shop-no-5-410208,Shop No-5,410208
mh,Maharashtra,panvel,Panvel,taloja,Taloja,taloja-plot-no-g-6-410208,plot no G/6,410208
mh,Maharashtra,panvel,Panvel,taloja,Taloja,taloja-c-10-410208,C-10,410208
mh,Maharashtra,panvel,Panvel,taloja,Taloja,taloja-sector-11-410208-2,sector-11,410208
mh,Maharashtra,panvel,Panvel,taloja,Taloja,taloja-near-icici-bank-410208,near ICICI Bank,410208
mh,Maharashtra,panvel,Panvel,taloja,Taloja,taloja-gao-410208,gao,410208
mh,Maharashtra,panvel,Panvel,taloja,Taloja,taloja-opp-taloja-410208,opp. Taloja,410208
mh,Maharashtra,panvel,Panvel,taloja,Taloja,taloja-pap-179-410208,PAP 179,410208
mh,Maharashtra,panvel,Panvel,taloja,Taloja,taloja-nagzari-410208,Nagzari,410208
mh,Maharashtra,panvel,Panvel,taloja,Taloja,taloja-2-dena-bank-410208,2 Dena Bank,410208
mh,Maharashtra,panvel,Panvel,taloja,Taloja,taloja-near-jai-container-410208,near jai container,410208
mh,Maharashtra,panvel,Panvel,taloja,Taloja,taloja-near-by-taloja-410208,near by Taloja,410208
mh,Maharashtra,panvel,Panvel,taloja,Taloja,taloja-3495-q2g-410208,3495+Q2G,410208
mh,Maharashtra,panvel,Panvel,taloja,Taloja,taloja-municipal-colony-410208,Municipal Colony,410208
mh,Maharashtra,panvel,Panvel,taloja,Taloja,taloja-dist-410208-2,Dist:,410208
mh,Maharashtra,panvel,Panvel,taloja,Taloja,taloja-industry-area-410208,Industry Area,410208
mh,Maharashtra,panvel,Panvel,taloja,Taloja,taloja-plot-no-l-72-410208,Plot No. L-72,410208
mh,Maharashtra,panvel,Panvel,taloja,Taloja,taloja-rohinjan-410208,Rohinjan,410208
mh,Maharashtra,panvel,Panvel,taloja,Taloja,taloja-navin-vasahat-410208,Navin Vasahat,410208
mh,Maharashtra,panvel,Panvel,taloja,Taloja,taloja-pap03-410208,PAP03,410208
mh,Maharashtra,panvel,Panvel,taloja,Taloja,taloja-b-508-410208,B 508,410208
mh,Maharashtra,panvel,Panvel,taloja,Taloja,taloja-34mm-fqv-410208,34MM+FQV,410208
mh,Maharashtra,panvel,Panvel,taloja,Taloja,taloja-sector-10-410208-4,Sector - 10,410208
mh,Maharashtra,panvel,Panvel,taloja,Taloja,taloja-shop-no-1-khutari-410208,Shop No 1 Khutari,410208
mh,Maharashtra,panvel,Panvel,taloja,Taloja,taloja-sector-12-410208,Sector 12,410208
mh,Maharashtra,panvel,Panvel,taloja,Taloja,taloja-kharghar-410208,Kharghar,410208
mh,Maharashtra,panvel,Panvel,taloja,Taloja,taloja-opp-taloja-midc-410208,opp. Taloja MIDC,410208
mh,Maharashtra,panvel,Panvel,taloja,Taloja,taloja-midc-industrial-area-plot-no-tr-1-410208,MIDC Industrial Area Plot No. TR-1,410208
mh,Maharashtra,panvel,Panvel,taloja,Taloja,taloja-ttc-industrial-area-410208,TTC industrial area,410208
mh,Maharashtra,panvel,Panvel,taloja,Taloja,taloja-opp-hindalco-main-gate-410208,opp. Hindalco main gate,410208
mh,Maharashtra,panvel,Panvel,taloja,Taloja,taloja-next-to-jay-container-yard-410208,next to Jay Container Yard,410208
mh,Maharashtra,panvel,Panvel,taloja,Taloja,taloja-34jx-7f5-410208,34JX+7F5,410208
mh,Maharashtra,panvel,Panvel,taloja,Taloja,taloja-77-410208,77,410208
mh,Maharashtra,panvel,Panvel,taloja,Taloja,taloja-near-reliance-jio-petrol-pump-and-gaziboo-dhaba-410208,near Reliance Jio Petrol pump and Gaziboo dhaba,410208
mh,Maharashtra,panvel,Panvel,taloja,Taloja,taloja-l106-410208,L106,410208
mh,Maharashtra,panvel,Panvel,taloja,Taloja,taloja-silver-spring-g-6-410208,silver spring g-6,410208
mh,Maharashtra,panvel,Panvel,taloja,Taloja,taloja-plot-no-l84-410208,Plot No. L84,410208
mh,Maharashtra,panvel,Panvel,taloja,Taloja,taloja-34jx-r58-410208,34JX+R58,410208
mh,Maharashtra,panvel,Panvel,taloja,Taloja,taloja-opposite-shifa-health-care-410208,opposite Shifa Health Care,410208
mh,Maharashtra,panvel,Panvel,taloja,Taloja,taloja-3498-g89-410208,3498+G89,410208
mh,Maharashtra,panvel,Panvel,taloja,Taloja,taloja-plot-no-l-84-410208,Plot No L-84,410208
mh,Maharashtra,panvel,Panvel,taloja,Taloja,taloja-opposite-bhagwan-laxmi-weigh-bridge-410208,opposite Bhagwan Laxmi Weigh Bridge,410208
mh,Maharashtra,panvel,Panvel,taloja,Taloja,taloja-plot-no-m-14-taloja-midc-industrial-area-dist-410208,Plot No M 14 Taloja MIDC Industrial Area Dist,410208
mh,Maharashtra,panvel,Panvel,taloja,Taloja,taloja-dist-raigad-410208,Dist- Raigad,410208
mh,Maharashtra,panvel,Panvel,taloja,Taloja,taloja-l-133-410208,L-133,410208
mh,Maharashtra,panvel,Panvel,taloja,Taloja,taloja-navi-mumbai-410208-410208,Navi Mumbai - 410208,410208
mh,Maharashtra,panvel,Panvel,taloja,Taloja,taloja-346f-gqq-410208,346F+GQQ,410208
mh,Maharashtra,panvel,Panvel,taloja,Taloja,taloja-c-7a-410208,C-7A,410208
mh,Maharashtra,panvel,Panvel,taloja,Taloja,taloja-taloja-midc-410208,Taloja MIDC,410208
mh,Maharashtra,panvel,Panvel,taloja,Taloja,taloja-pendher-village-410208,Pendher Village,410208
mh,Maharashtra,panvel,Panvel,taloja,Taloja,taloja-alkem-laboratories-410208,Alkem Laboratories,410208
mh,Maharashtra,panvel,Panvel,taloja,Taloja,taloja-3447-phx-410208,3447+PHX,410208
mh,Maharashtra,panvel,Panvel,taloja,Taloja,taloja-m-i-d-c-industrial-area-410208,M. I. D. C. Industrial Area,410208
mh,Maharashtra,panvel,Panvel,taloja,Taloja,taloja-panvel-rd-410208,Panvel Rd,410208
mh,Maharashtra,panvel,Panvel,taloja,Taloja,taloja-3487-5f8-410208,3487+5F8,410208
mh,Maharashtra,panvel,Panvel,taloja,Taloja,taloja-dist-raigad-410208-2,Dist. Raigad,410208
mh,Maharashtra,panvel,Panvel,taloja,Taloja,taloja-345c-86h-410208,345C+86H,410208
mh,Maharashtra,panvel,Panvel,taloja,Taloja,taloja-opposite-side-410208,opposite side,410208
mh,Maharashtra,panvel,Panvel,taloja,Taloja,taloja-pin-410208-410208,PIN 410208,410208
mh,Maharashtra,panvel,Panvel,taloja,Taloja,taloja-plot-g6-410208,plot #G6,410208
mh,Maharashtra,panvel,Panvel,taloja,Taloja,taloja-phase-2-410208-2,PHASE-2,410208
mh,Maharashtra,panvel,Panvel,taloja,Taloja,taloja-35h2-gwj-410208,35H2+GWJ,410208
mh,Maharashtra,panvel,Panvel,taloja,Taloja,taloja-m-24-410208,M 24,410208
mh,Maharashtra,panvel,Panvel,taloja,Taloja,taloja-owe-road-410208,Owe Road,410208
mh,Maharashtra,panvel,Panvel,taloja,Taloja,taloja-at-post-padghe-410208,At/Post-Padghe,410208
mh,Maharashtra,panvel,Panvel,taloja,Taloja,taloja-near-haware-society-410208,near haware society,410208
mh,Maharashtra,panvel,Panvel,taloja,Taloja,taloja-near-rizwan-company-410208,near Rizwan company,410208
mh,Maharashtra,panvel,Panvel,taloja,Taloja,taloja-bus-stop-410208,Bus Stop,410208
mh,Maharashtra,panvel,Panvel,taloja,Taloja,taloja-taluka-410208,Taluka,410208
mh,Maharashtra,panvel,Panvel,taloja,Taloja,taloja-majkur-410208,Majkur,410208
mh,Maharashtra,panvel,Panvel,taloja,Taloja,taloja-2-gavdevi-enterprises-ghot-gav-post-ghot-camp-tel-panvel-dist-410208,2 Gavdevi Enterprises Ghot Gav Post Ghot Camp Tel Panvel Dist,410208
mh,Maharashtra,panvel,Panvel,taloja,Taloja,taloja-vavanja-road-410208,Vavanja Road,410208
mh,Maharashtra,panvel,Panvel,taloja,Taloja,taloja-dongripada-410208,Dongripada,410208
mh,Maharashtra,panvel,Panvel,taloja,Taloja,taloja-shop-no-02-410208,Shop No 02,410208
mh,Maharashtra,panvel,Panvel,taloja,Taloja,taloja-3488-6pp-410208,3488+6PP,410208
mh,Maharashtra,panvel,Panvel,taloja,Taloja,taloja-35j3-83q-410208,35J3+83Q,410208
mh,Maharashtra,panvel,Panvel,taloja,Taloja,taloja-pale-patilwadi-rd-410208,Pale Patilwadi Rd,410208
mh,Maharashtra,panvel,Panvel,taloja,Taloja,taloja-near-taloje-majkur-410208,near Taloje Majkur,410208
mh,Maharashtra,panvel,Panvel,taloja,Taloja,taloja-ttc-sector-1-410208,Ttc Sector 1,410208
mh,Maharashtra,panvel,Panvel,taloja,Taloja,taloja-majkur-survey-no-61-410208,Majkur survey no 61,410208
mh,Maharashtra,panvel,Panvel,taloja,Taloja,taloja-near-technova-company-410208,Near Technova Company,410208
mh,Maharashtra,panvel,Panvel,taloja,Taloja,taloja-347c-92v-410208,347C+92V,410208
mh,Maharashtra,panvel,Panvel,taloja,Taloja,taloja-near-crown-worldwide-410208,near Crown Worldwide,410208
mh,Maharashtra,panvel,Panvel,taloja,Taloja,taloja-near-crown-co-410208,near Crown Co,410208
mh,Maharashtra,panvel,Panvel,taloja,Taloja,taloja-behind-old-riyasat-dharamkata-410208,behind old riyasat dharamkata,410208
mh,Maharashtra,panvel,Panvel,taloja,Taloja,taloja-plot-no-79-410208,Plot no 79,410208
mh,Maharashtra,panvel,Panvel,taloja,Taloja,taloja-sector-no-20-410208,sector no 20,410208
mh,Maharashtra,panvel,Panvel,taloja,Taloja,taloja-plot-no-3-2-410208,Plot no 3/2,410208
mh,Maharashtra,panvel,Panvel,taloja,Taloja,taloja-near-cetp-plant-410208,near CETP PLANT,410208
mh,Maharashtra,panvel,Panvel,taloja,Taloja,taloja-404-pl-410208,404 Pl,410208
mh,Maharashtra,panvel,Panvel,taloja,Taloja,taloja-b-507-410208,B-507,410208
mh,Maharashtra,panvel,Panvel,taloja,Taloja,taloja-naumani-masjid-410208,Naumani Masjid,410208
mh,Maharashtra,panvel,Panvel,taloja,Taloja,taloja-survey-no-58-2a-rohinjan-410208,Survey No 58/2A Rohinjan,410208
mh,Maharashtra,panvel,Panvel,taloja,Taloja,taloja-petrol-pump-410208,petrol pump,410208
mh,Maharashtra,panvel,Panvel,taloja,Taloja,taloja-j-26-midc-dist-raigad-410208,J - 26 MIDC Dist Raigad,410208
mh,Maharashtra,panvel,Panvel,taloja,Taloja,taloja-opposite-to-aditya-birla-company-410208,opposite to Aditya Birla company,410208
mh,Maharashtra,panvel,Panvel,taloja,Taloja,taloja-sector-36-2-410208,Sector 36/2,410208
mh,Maharashtra,panvel,Panvel,taloja,Taloja,taloja-taloja-bypass-phata-410208,Taloja Bypass Phata,410208
mh,Maharashtra,panvel,Panvel,taloja,Taloja,taloja-bel-naka-panvel-rd-410208,BEL Naka Panvel Rd,410208
mh,Maharashtra,panvel,Panvel,taloja,Taloja,taloja-l-36-shai-mandir-sakal-bhavan-taloja-midc-raygad-panvel-410208,L-36 shai mandir sakal bhavan taloja MIDC raygad Panvel,410208
mh,Maharashtra,panvel,Panvel,taloja,Taloja,taloja-near-tripthi-loging-410208,near tripthi loging,410208
mh,Maharashtra,panvel,Panvel,taloja,Taloja,taloja-mid-410208,MID,410208
mh,Maharashtra,panvel,Panvel,taloja,Taloja,taloja-opp-to-boc-410208,opp. to BOC,410208
mh,Maharashtra,panvel,Panvel,taloja,Taloja,taloja-tondre-road-410208,tondre Road,410208
mh,Maharashtra,panvel,Panvel,taloja,Taloja,taloja-ganesh-mandir-410208,Ganesh Mandir,410208
mh,Maharashtra,panvel,Panvel,taloja,Taloja,taloja-d-c-410208,D.C,410208
mh,Maharashtra,panvel,Panvel,taloja,Taloja,taloja-bel-naka-410208,BEL NAKA,410208
mh,Maharashtra,panvel,Panvel,taloja,Taloja,taloja-silverspring-410208,Silverspring,410208
mh,Maharashtra,panvel,Panvel,taloja,Taloja,taloja-sector-05-410208,Sector 05,410208
mh,Maharashtra,panvel,Panvel,taloja,Taloja,taloja-sector-15-410208,Sector 15,410208
mh,Maharashtra,panvel,Panvel,taloja,Taloja,taloja-navda-phata-410208,Navda Phata,410208
mh,Maharashtra,panvel,Panvel,taloja,Taloja,taloja-near-master-lifters-near-jai-mata-di-hotel-opp-birla-research-centre-midc-taloja-dist-410208,NEAR MASTER LIFTERS NEAR JAI MATA DI HOTEL OPP. BIRLA RESEARCH CENTRE MIDC TALOJA DIST,410208
mh,Maharashtra,panvel,Panvel,taloja,Taloja,taloja-rto-road-410208,RTO Road,410208
mh,Maharashtra,panvel,Panvel,taloja,Taloja,taloja-1103-410208,1103,410208
mh,Maharashtra,panvel,Panvel,taloja,Taloja,taloja-near-hanuman-mandir-410208,near Hanuman Mandir,410208
mh,Maharashtra,panvel,Panvel,taloja,Taloja,taloja-pale-road-410208,Pale road,410208
mh,Maharashtra,panvel,Panvel,taloja,Taloja,taloja-silver-spring-building-307-410208,Silver spring Building 307,410208
mh,Maharashtra,panvel,Panvel,taloja,Taloja,taloja-sector-5-410208-2,Sector: 5,410208
mh,Maharashtra,panvel,Panvel,taloja,Taloja,taloja-plot-no-4-a-410208,Plot No. 4 A,410208
mh,Maharashtra,panvel,Panvel,taloja,Taloja,taloja-behind-igpl-taloja-and-midc-410208,behind Igpl Taloja & MIDC,410208
mh,Maharashtra,panvel,Panvel,taloja,Taloja,taloja-sec-10-410208,Sec-10,410208
mh,Maharashtra,panvel,Panvel,taloja,Taloja,taloja-ghotchawl-410208,Ghotchawl,410208
mh,Maharashtra,panvel,Panvel,taloja,Taloja,taloja-sector-13-410208,Sector 13,410208
mh,Maharashtra,panvel,Panvel,taloja,Taloja,taloja-shop-no-3-410208,Shop No 3,410208
mh,Maharashtra,panvel,Panvel,taloja,Taloja,taloja-near-bh-petrol-pump-410208,near BH Petrol Pump,410208
mh,Maharashtra,panvel,Panvel,taloja,Taloja,taloja-3486-6xf-410208,3486+6XF,410208
mh,Maharashtra,panvel,Panvel,taloja,Taloja,taloja-plot-no-w-44-410208,Plot No. W-44,410208
mh,Maharashtra,panvel,Panvel,taloja,Taloja,taloja-3453-936-410208,3453+936,410208
mh,Maharashtra,panvel,Panvel,taloja,Taloja,taloja-near-hotel-sai-lodging-and-residency-410208,near Hotel Sai Lodging and Residency,410208
mh,Maharashtra,panvel,Panvel,taloja,Taloja,taloja-opp-pidilite-410208,Opp. Pidilite,410208
mh,Maharashtra,panvel,Panvel,taloja,Taloja,taloja-3498-94r-410208,3498+94R,410208
mh,Maharashtra,panvel,Panvel,taloja,Taloja,taloja-plot-no-6-410208,Plot No. 6,410208
mh,Maharashtra,panvel,Panvel,taloja,Taloja,taloja-behind-bank-of-baroda-bank-410208,behind Bank of Baroda Bank,410208
mh,Maharashtra,panvel,Panvel,taloja,Taloja,taloja-behind-shri-sai-multi-speciality-hospital-410208,behind Shri Sai Multi Speciality Hospital,410208
mh,Maharashtra,panvel,Panvel,taloja,Taloja,taloja-dist-410208-3,Dist.:,410208
mh,Maharashtra,panvel,Panvel,taloja,Taloja,taloja-opp-bell-naka-police-chowky-410208,opp. Bell Naka Police Chowky,410208
mh,Maharashtra,panvel,Panvel,taloja,Taloja,taloja-om-medical-ke-piche-beginners-school-ke-samne-beginners-school-ke-samne-410208,Om medical ke piche beginners school ke samne Beginners school ke samne,410208
mh,Maharashtra,panvel,Panvel,taloja,Taloja,taloja-old-mumbai-pune-road-opposite-bharat-petrol-pump-410208,Old Mumbai Pune Road Opposite Bharat Petrol Pump,410208
mh,Maharashtra,panvel,Panvel,taloja,Taloja,taloja-kherane-410208,Kherane,410208
mh,Maharashtra,panvel,Panvel,taloja,Taloja,taloja-sec-10-410208-2,sec.10,410208
mh,Maharashtra,panvel,Panvel,taloja,Taloja,taloja-dongricha-pada-410208,DONGRICHA PADA,410208
mh,Maharashtra,panvel,Panvel,taloja,Taloja,taloja-near-krishna-mobile-410208,near Krishna Mobile,410208
mh,Maharashtra,panvel,Panvel,taloja,Taloja,taloja-at-khutari-410208,at khutari,410208
mh,Maharashtra,panvel,Panvel,taloja,Taloja,taloja-34v5-6jc-410208,34V5+6JC,410208
mh,Maharashtra,panvel,Panvel,taloja,Taloja,taloja-410208-2,४,410208
mh,Maharashtra,panvel,Panvel,taloja,Taloja,taloja-34jh-3rj-410208,34JH+3RJ,410208
mh,Maharashtra,panvel,Panvel,taloja,Taloja,taloja-34pc-hf2-410208,34PC+HF2,410208
mh,Maharashtra,panvel,Panvel,taloja,Taloja,taloja-plot-no-c-21-410208,Plot No C-21,410208
mh,Maharashtra,panvel,Panvel,taloja,Taloja,taloja-inampuri-410208,Inampuri,410208
mh,Maharashtra,panvel,Panvel,taloja,Taloja,taloja-sector-no-23-410208,sector no.23,410208
mh,Maharashtra,panvel,Panvel,taloja,Taloja,taloja-e12-410208,E12,410208
mh,Maharashtra,panvel,Panvel,taloja,Taloja,taloja-cidco-410208,cidco,410208
mh,Maharashtra,panvel,Panvel,taloja,Taloja,taloja-l-8-410208,L-8,410208
mh,Maharashtra,panvel,Panvel,taloja,Taloja,taloja-2nd-sector-23-410208,2nd Sector 23,410208
mh,Maharashtra,panvel,Panvel,taloja,Taloja,taloja-papdicha-papdicha-pada-410208,Papdicha Papdicha Pada,410208
mh,Maharashtra,panvel,Panvel,taloja,Taloja,taloja-near-a-p-traders-plywood-410208,near A P TRADERS PLYWOOD,410208
mh,Maharashtra,panvel,Panvel,taloja,Taloja,taloja-shop-1-i-g-p-l-naka-410208,Shop 1 I G P L Naka,410208
mh,Maharashtra,panvel,Panvel,taloja,Taloja,taloja-opp-nomani-masjid-410208,opp. Nomani Masjid,410208
mh,Maharashtra,panvel,Panvel,taloja,Taloja,taloja-silver-spring-panvel-410208,Silver spring Panvel,410208
mh,Maharashtra,panvel,Panvel,taloja,Taloja,taloja-3437-vr6-410208,3437+VR6,410208
mh,Maharashtra,panvel,Panvel,taloja,Taloja,taloja-348c-8xx-410208,348C+8XX,410208
mh,Maharashtra,panvel,Panvel,taloja,Taloja,taloja-near-shree-complex-society-1st-floor-room-number-1-hedutane-kanpoli-410208,near shree complex society 1st floor room number 1 hedutane kanpoli,410208
mh,Maharashtra,panvel,Panvel,taloja,Taloja,taloja-sector-22-410208,Sector 22,410208
mh,Maharashtra,panvel,Panvel,taloja,Taloja,taloja-3482-xgf-410208,3482+XGF,410208
mh,Maharashtra,panvel,Panvel,taloja,Taloja,taloja-behind-hotel-tanish-410208,behind Hotel Tanish,410208
mh,Maharashtra,panvel,Panvel,taloja,Taloja,taloja-pethali-village-410208,pethali village,410208
mh,Maharashtra,panvel,Panvel,taloja,Taloja,taloja-taloja-phase-2-410208-2,Taloja - phase 2,410208
mh,Maharashtra,panvel,Panvel,taloja,Taloja,taloja-venus-heights-410208,Venus heights,410208
