Business Name,Address,Area,Locality,City,State,PIN,Mobile,Rating,Reviews,Services,Latitude,Longitude,Listing ID,Google Place ID,Photo 1,Photo 2,Photo 3,Photo 4,Photo 5,Category,Subcategory,Search Locality
Visawa Hotel,"Shivaji Rd, Old Panvel, Panvel, Maharashtra 410206, India",,Panvel,Panvel,Maharashtra,410206,9820208868,4.1,833,"snack_bar, breakfast_restaurant, vegetarian_restaurant, meal_takeaway, indian_restaurant, restaurant, point_of_interest, food, establishment",18.9906774,73.1153367,localisy023921,ChIJ07wARGro5zsRcrGmNL2DBHI,photos\localisy05494_1.jpg,,,,,Travel & Hospitality,Hotels,Old Panvel
Hotel Ratnadeep,"393, Old Station Rd, behind S.T. Depot, Lokmanya Nagar, Forest Colony, Panvel, Maharashtra 410206, India",,Panvel,Panvel,Maharashtra,410206,9987833539,3.6,55,"hotel, lodging, point_of_interest, establishment",18.990854700000003,73.1173288,localisy023922,ChIJYVoqimno5zsRRiJ8JMPTWRs,photos\localisy05496_1.jpg,,,,,Travel & Hospitality,Hotels,Old Panvel
Hotel Vaibhav Lodging,"Plot No. 466, Market Yard Rd, Old Panvel, Panvel, Maharashtra 410206, India",,Panvel,Panvel,Maharashtra,410206,,3.8,152,"lodging, point_of_interest, establishment",18.981017299999998,73.1122491,localisy023923,ChIJr8CEWW3o5zsRA2dVtKSNWAY,photos\localisy05499_1.jpg,,,,,Travel & Hospitality,Hotels,Old Panvel
Hotel Sameer Lodging & Boarding,"Plot Number 47, 48, 49, 50 Market Yard, Kalpataru Riverside Market Yard Rd, Old Panvel, Panvel, Maharashtra 410206, India",,Panvel,Panvel,Maharashtra,410206,,3.7,109,"hotel, lodging, point_of_interest, establishment",18.979796,73.11263749999999,localisy023924,ChIJg0wzbG3o5zsRdriwtiLRbNg,photos\localisy05500_1.jpg,,,,,Travel & Hospitality,Hotels,Old Panvel
OYO 3287 Hotel Mansarovar,"Plot No. 57-1, Bombay Pune Highway, Mansarovar Station Rd, Old Panvel, Panvel, Mumbai, Panvel, Maharashtra 410206, India",,Panvel,Panvel,Maharashtra,410206,,3.9,54,"hotel, motel, bed_and_breakfast, inn, guest_house, lodging, service, point_of_interest, establishment",18.9901598,73.1109525,localisy023925,ChIJBaJ-Htrp5zsRfvQwZIgfKRo,photos\localisy05501_1.jpg,,,,,Travel & Hospitality,Hotels,Old Panvel
Shree Krishna Hotel,"Shop No 20, Charishma Corner, Railway Station, Forest Colony, Panvel, Maharashtra 410206, India",,Panvel,Panvel,Maharashtra,410206,9820590174,1,1,"point_of_interest, establishment",18.990895599999998,73.1201311,localisy023926,ChIJjY7MJWno5zsRTFuiy8dxCmM,,,,,,Travel & Hospitality,Hotels,Old Panvel
Payal Hotel Panvel,"Plot No. 143, Plot No. 143, MCCH Society, Panvel, Maharashtra 410206, India",,Panvel,Panvel,Maharashtra,410206,7777031995,3.7,99,"hotel, lodging, point_of_interest, establishment",18.987735800000003,73.115113,localisy023927,ChIJC0D-r9bp5zsRi3MZOjS6UMY,photos\localisy05511_1.jpg,,,,,Travel & Hospitality,Hotels,Old Panvel
Astrologer KL Sharma Vashikaran Specialist Black Magic Consultant Mumbai,"Plot No.278/6B Opposite Vijay Saw Mill Near Laxmi Eye Institute New, Uran Rd, Old Panvel, Panvel, Mumbai, Panvel, Maharashtra 410206, India",,Panvel,Panvel,Maharashtra,410206,,4,3,"hotel, lodging, point_of_interest, establishment",18.98237,73.111645,localisy023928,ChIJzz7FCBXp5zsR55TQF40fduw,photos\localisy05512_1.jpg,,,,,Travel & Hospitality,Hotels,Old Panvel
OYO 1781 Hotel Panchratna,"MCCH Society St, MCCH Society, Panvel, Navi Mumbai, Panvel, Maharashtra 410206, India",,Panvel,Panvel,Maharashtra,410206,,3.5,372,"hotel, guest_house, bed_and_breakfast, motel, inn, lodging, point_of_interest, service, establishment",18.9826916,73.1132145,localisy023929,ChIJPeh5tP3p5zsR6u_BmB4sVec,photos\localisy05514_1.jpg,,,,,Travel & Hospitality,Hotels,Old Panvel
Hotel Royal Treat,"175, Shivaji Rd, Old Panvel, Panvel, Maharashtra 410206, India",,Panvel,Panvel,Maharashtra,410206,8657081305,3.5,69,"hotel, lodging, point_of_interest, establishment",18.9906471,73.11533109999999,localisy023930,ChIJjXt4RGro5zsRLPgWkv5zvjg,photos\localisy05515_1.jpg,,,,,Travel & Hospitality,Hotels,Old Panvel
HOTEL REKHI LODGING,"Shop No. 2, HOTEL REKHI, Shivaji Rd, near HOTEL REKHI, Line Ali, Old Panvel, Panvel, Maharashtra 410206, India",,Panvel,Panvel,Maharashtra,410206,9920228333,5,1,"private_guest_room, lodging, point_of_interest, establishment",18.9889766,73.1124774,localisy023931,ChIJ3xKgLv_p5zsRXPQCDnJ1d_k,,,,,,Travel & Hospitality,Hotels,Old Panvel
FabHotel Peaceful Studio AAI Bungalow,"Plot No: 370, near Ganesh Society, Sukapur, New Panvel East, Panvel, Palidevad, Mumbai, Maharashtra 410208, India",,Taloja,Panvel,Maharashtra,410208,7042424242,5,1,"hotel, lodging, point_of_interest, establishment",18.9985853,73.12536709999999,localisy023932,ChIJ0-52xQLp5zsRZshfvhHcPns,photos\localisy05520_1.jpg,,,,,Travel & Hospitality,Hotels,Old Panvel
Hotel Rekhi,"1550, Shivaji Rd, Old Panvel, Panvel, Maharashtra 410206, India",,Panvel,Panvel,Maharashtra,410206,,3.4,86,"hotel, lodging, point_of_interest, establishment",18.988863300000002,73.1122826,localisy023933,ChIJPxqML2vo5zsRxqFU6DdeVxQ,photos\localisy05522_1.jpg,,,,,Travel & Hospitality,Hotels,Old Panvel
Jay Ganesh Tours & Travels Panvel,"G 103, Railway Station, opp. New-Panvel, New Panvel East, Panvel, Maharashtra 410206, India",,Panvel,Panvel,Maharashtra,410206,,4.8,26,"travel_agency, point_of_interest, service, establishment",18.9910197,73.12076119999999,localisy023934,ChIJvTL5BsPp5zsRFjRKJW0YwmI,photos\localisy05585_1.jpg,,,,,Travel & Hospitality,Travel Agencies,Old Panvel
Heer Tours & Travels,"bus stand, opp. Panvel, Old Panvel, Panvel, Maharashtra 410206, India",,Panvel,Panvel,Maharashtra,410206,9619115599,4.8,29,"travel_agency, point_of_interest, service, establishment",18.990436499999998,73.1154466,localisy023935,ChIJaw-GTnbp5zsRKh-eu44k5XY,photos\localisy05587_1.jpg,,,,,Travel & Hospitality,Travel Agencies,Old Panvel
Deccan Tours & Travels,"Mumbai Pune Highway, Old Panvel, Panvel, Maharashtra 410206, India",,Panvel,Panvel,Maharashtra,410206,,3.4,44,"travel_agency, point_of_interest, service, establishment",18.990207,73.115493,localisy023936,ChIJvwhXSGro5zsR--nRmIZ1GIE,photos\localisy05588_1.jpg,,,,,Travel & Hospitality,Travel Agencies,Old Panvel
Kranti Tours,"Office no. 10, JK plaza, Chhatrapati Shivaji Maharaj Chowk, Old Panvel, Panvel, Maharashtra 410206, India",,Panvel,Panvel,Maharashtra,410206,9920963833,4.9,33,"travel_agency, point_of_interest, service, establishment",18.9871664,73.1118114,localisy023937,ChIJOVy5aaDp5zsRafCTeA6FLFY,photos\localisy05589_1.jpg,,,,,Travel & Hospitality,Travel Agencies,Old Panvel
"Priya Travels- Best Travel Agency in Karanjade, Panvel","Sapphire Appartment Shop no. 3, Plot no 4, Sector 4 Karanjade Panvel Dist, Dombala, Navi Mumbai, Karanjade, Maharashtra 410206, India",,Panvel,Panvel,Maharashtra,410206,8286351172,4.7,466,"tourist_information_center, transportation_service, tour_agency, travel_agency, point_of_interest, service, establishment",18.9797179,73.103838,localisy023938,ChIJoTYauqDp5zsRku9dMLzk9SQ,photos\localisy05591_1.jpg,,,,,Travel & Hospitality,Travel Agencies,Old Panvel
YATRADARPAN (Customised Travel Expert),"202, Kanak Indira, behind vrindavan Lodge, Line Ali, Old Panvel, Panvel, Maharashtra 410206, India",,Panvel,Panvel,Maharashtra,410206,,5,41,"travel_agency, point_of_interest, service, establishment",18.9919375,73.1139677,localisy023939,ChIJf01K6HLp5zsRrL0fEqqdsKQ,photos\localisy05593_1.jpg,,,,,Travel & Hospitality,Travel Agencies,Old Panvel
Tameer Tours,"Shop no 7, Sai Udhyaan Building, Sai Nagar Rd, Sai Nagar, Panvel, Maharashtra 410206, India",,Panvel,Panvel,Maharashtra,410206,7977250636,4.7,440,"tour_agency, travel_agency, point_of_interest, service, establishment",18.993081,73.1002598,localisy023940,ChIJp2QM-QHp5zsRbRXjfjhsI78,photos\localisy05595_1.jpg,,,,,Travel & Hospitality,Travel Agencies,Old Panvel
Yaantrip (Panvel) | Best Tours and Travels Agency in Navi Mumbai | Flights | Hotels | Train Ticket | Visa | Holidays,"Shop No.-10, Plot -22, Dolphin, Sector 13, New Panvel East, Maharashtra BOM, Panvel, Maharashtra 410206, India",,Panvel,Panvel,Maharashtra,410206,8976707535,4.8,73,"travel_agency, transportation_service, tour_agency, point_of_interest, service, establishment",18.9958642,73.1280565,localisy023941,ChIJAxh4Nf_p5zsRaNxbunVoxR0,photos\localisy05596_1.jpg,,,,,Travel & Hospitality,Travel Agencies,Old Panvel
Vedika Tours & Travels- Car Rental in Mumbai,"Gayatri Heights, PLOT NO 12, SECTOR 02, Karanjade, Panvel, Vadghar, Maharashtra 410206, India",,Panvel,Panvel,Maharashtra,410206,9773777750,4.9,243,"airport, taxi_service, car_rental, transportation_service, tour_agency, travel_agency, point_of_interest, service, establishment",18.980295899999998,73.0974603,localisy023942,ChIJOWZsn6fp5zsRrOoQEO710QI,photos\localisy05598_1.jpg,,,,,Travel & Hospitality,Travel Agencies,Old Panvel
Shiv Tours And Travels,"Sai Arcade Building, Shop No C1, Bus Stop, Old Panvel, Panvel, Raigad, Panvel, Maharashtra 410206, India",,Panvel,Panvel,Maharashtra,410206,9326440181,5,18,"travel_agency, point_of_interest, service, establishment",18.9914101,73.1153025,localisy023943,ChIJwVBSsITp5zsR74KkVaqBD-I,photos\localisy05600_1.jpg,,,,,Travel & Hospitality,Travel Agencies,Old Panvel
HolidaysMaker,"Neelkanth Prestige, A/603, Swami Nityanand Rd, near Garden Hotel, Nityanand Nagar, Old Panvel, Panvel, Maharashtra 410206, India",,Panvel,Panvel,Maharashtra,410206,9820114737,5,54,"travel_agency, point_of_interest, service, establishment",18.9957697,73.10838679999999,localisy023944,ChIJNbwewy_p5zsRdbIZkzYdX5o,photos\localisy05602_1.jpg,,,,,Travel & Hospitality,Travel Agencies,Old Panvel
DOLPHIN TOUR'S & TRAVELS,"Dist Raigad, Shop No C-7, Sand life line hospital, Uran - Panvel Rd, near by sarovar hotel, Old Panvel, Panvel, Maharashtra 410206, India",,Panvel,Panvel,Maharashtra,410206,8828581864,4.5,54,"travel_agency, service, point_of_interest, establishment",18.991171599999998,73.1152397,localisy023945,ChIJD1liy2zp5zsRXYxyGYCDU70,photos\localisy05605_1.jpg,,,,,Travel & Hospitality,Travel Agencies,Old Panvel
Veena World Panvel,"Ground Floor, M P Road, C J, near City Post Office, Munot Nagar, Old Panvel, Panvel, Maharashtra 410206, India",,Panvel,Panvel,Maharashtra,410206,8879973700,4,64,"travel_agency, service, point_of_interest, establishment",18.990219,73.110665,localisy023946,ChIJ0yawMBXo5zsRnuINuwyslh4,photos\localisy05606_1.jpg,,,,,Travel & Hospitality,Travel Agencies,Old Panvel
Dolphin Tour's & Travels Panvel Raj,"Shop No 4, Bus Stop, Road, near Sarovar Hotel, Forest Colony, Panvel, Maharashtra 410206, India",,Panvel,Panvel,Maharashtra,410206,,3.7,30,"travel_agency, service, point_of_interest, establishment",18.9893747,73.117603,localisy023947,ChIJJ5ZaZRzp5zsRbgdfgOccsDI,photos\localisy05607_1.jpg,,,,,Travel & Hospitality,Travel Agencies,Old Panvel
Neeta Tours And Travels,"Mumbai - Pune Expy, opp. S.T Stand, Old Panvel, Panvel, Maharashtra 410206, India",,Panvel,Panvel,Maharashtra,410206,9326440181,3.1,55,"travel_agency, service, point_of_interest, establishment",18.991240899999998,73.1153092,localisy023948,ChIJDQonamro5zsRcN8bEP7odO8,photos\localisy05611_1.jpg,,,,,Travel & Hospitality,Travel Agencies,Old Panvel
Tanushri Holidays,"27,28, Raje Commerical Complex, Off, MTNL Rd, opp. Chatrapati Shivaji Maharaj Marg, Statue, Panvel, Maharashtra 410206, India",,Panvel,Panvel,Maharashtra,410206,7506849666,4.9,47,"travel_agency, service, point_of_interest, establishment",18.987435299999998,73.112693,localisy023949,ChIJ8f_Sz3zp5zsR96UP0CM6_DQ,photos\localisy05613_1.jpg,,,,,Travel & Hospitality,Travel Agencies,Old Panvel
Shri tours,"Shop Number 3, Shri Laxmi apartment, Lokmanya Tilak Road, Old Panvel, Panvel, Maharashtra 410206, India",,Panvel,Panvel,Maharashtra,410206,8169965528,4.8,46,"point_of_interest, establishment",18.990541399999998,73.1094375,localisy023950,ChIJNd-kX__p5zsR7CjjqQQzrpw,photos\localisy05615_1.jpg,,,,,Travel & Hospitality,Travel Agencies,Old Panvel
Thomas Cook - Panvel | Holidays and Travel Package,"No 27/28, Raje Commerical Complex, MTNL Rd, opposite Shivaji Maharaj Statue, MCCH Society, Panvel, Maharashtra 410206, India",,Panvel,Panvel,Maharashtra,410206,8879976215,4.7,19,"travel_agency, tourist_information_center, tour_agency, finance, service, point_of_interest, establishment",18.987396,73.1125938,localisy023951,ChIJT5aeHxLp5zsRI-L5WuKWCoU,photos\localisy05617_1.jpg,,,,,Travel & Hospitality,Travel Agencies,Old Panvel
NIRBHAY Holidays And Events Pvt Ltd,"Shop No 4, SNEH SADAN BUILDING, RG Gadkari Rd, near CKP HALL, Old Panvel, Panvel, Maharashtra 410206, India",,Panvel,Panvel,Maharashtra,410206,7506419555,4.5,123,"point_of_interest, establishment",18.9890962,73.1115303,localisy023952,ChIJFQ1GMDzp5zsRdyQxzzkfyPM,photos\localisy05618_1.jpg,,,,,Travel & Hospitality,Travel Agencies,Old Panvel
OM SAI TOURS AND TRAVELS,"Yamuna sadan, plot no 54, Panvel Matheran Rd, Yamuna Kunj, Sukapur, New Panvel East, Panvel, Palidevad, Maharashtra 410206, India",,Panvel,Panvel,Maharashtra,410206,8652049139,5,5,"tour_agency, travel_agency, service, point_of_interest, establishment",19.0000765,73.1292958,localisy023953,ChIJDR86PeLp5zsRk2lTUMabYEE,photos\localisy05619_1.jpg,,,,,Travel & Hospitality,Travel Agencies,Old Panvel
Millionaire Travels,"Office number 11, Maruti Cornor, Pooja CHS, Railway Station, near bikaner sweet, Panchshil Nagar, New Panvel East, Panvel, Maharashtra 410206, India",,Panvel,Panvel,Maharashtra,410206,8080154806,5,12,"travel_agency, point_of_interest, service, establishment",18.9918561,73.1224988,localisy023954,ChIJOZ-nSZLp5zsRbwAiacnSSjo,photos\localisy05624_1.jpg,,,,,Travel & Hospitality,Travel Agencies,Old Panvel
Kesari Tours Pvt Ltd - New Panvel,"At Indian Oil Petrol Pump, near Shiva Complex, Sector 12, New Panvel East, Panvel, Maharashtra 410206, India",,Panvel,Panvel,Maharashtra,410206,9082410497,4,36,"travel_agency, point_of_interest, service, establishment",18.998235599999997,73.12358069999999,localisy023955,ChIJcVlqsFzo5zsRxjbEUYQMp8E,photos\localisy05630_1.jpg,,,,,Travel & Hospitality,Travel Agencies,Old Panvel
"Travels Boarding Point, Panvel","384, beside ganpati temple old, Forest Colony, Panvel, Maharashtra 410206, India",,Panvel,Panvel,Maharashtra,410206,,4,4,"tour_agency, travel_agency, transportation_service, point_of_interest, service, establishment",18.9924519,73.1179302,localisy023956,ChIJAcCBAkPp5zsRbS2WmPpvsXY,photos\localisy05631_1.jpg,,,,,Travel & Hospitality,Travel Agencies,Old Panvel
Tourista Holidays,"Shop No.2, Shital Dham, Plot No. 127, Sector 5, Karanjade, Panvel, Karanjade, Maharashtra 410206, India",,Panvel,Panvel,Maharashtra,410206,8097978585,4.7,105,"travel_agency, tour_agency, point_of_interest, service, establishment",18.9737041,73.1082102,localisy023957,ChIJhZRD3njp5zsRvub1bJ5eahs,photos\localisy05632_1.jpg,,,,,Travel & Hospitality,Travel Agencies,Old Panvel
Sankalp Tours & Caterrings,"Kailash Park, S N Road, HOC Colony, Panvel, Maharashtra 410206, India",,Panvel,Panvel,Maharashtra,410206,9870944305,4.5,57,"tour_agency, travel_agency, point_of_interest, service, establishment",18.992804400000004,73.10787499999999,localisy023958,ChIJL4cl-efp5zsRV5BjCy1wF48,photos\localisy05633_1.jpg,,,,,Travel & Hospitality,Travel Agencies,Old Panvel
sky king tours & travels,"Shop. 1,peer karam Ali shah dargah, nr. Nagar Palika, Bunder road panvel, Old Panvel, Panvel, Maharashtra 410206, India",,Panvel,Panvel,Maharashtra,410206,8898887327,4.5,2,"travel_agency, point_of_interest, service, establishment",18.9895694,73.1067976,localisy023959,ChIJ7ZeItRfo5zsRvjjmquYOpEk,photos\localisy05638_1.jpg,,,,,Travel & Hospitality,Travel Agencies,Old Panvel
Pankaj Patel Travel,"Old, Panvel Station Rd, near Panvel station, mahanara society, Panvel, Maharashtra 410206, India",,Panvel,Panvel,Maharashtra,410206,,4.8,6,"travel_agency, point_of_interest, service, establishment",18.989017999999998,73.11954349999999,localisy023960,ChIJ23TLG2no5zsRw0AUJ2j5xXg,photos\localisy05639_1.jpg,,,,,Travel & Hospitality,Travel Agencies,Old Panvel
Krishna Tours & Travels,"sai arcade line ali shop no 15, Sector 15A, New Panvel East, Panvel, Mumbai, Panvel, Maharashtra 410206, India",,Panvel,Panvel,Maharashtra,410206,9322890123,3,8,"travel_agency, point_of_interest, service, establishment",18.9910523,73.1243035,localisy023961,ChIJ_____9bp5zsRRDNfIQ9lVms,photos\localisy05642_1.jpg,,,,,Travel & Hospitality,Travel Agencies,Old Panvel
TraveelBug tours & travels,"Shop no. 5, GURUSHARNAM COMPLEX, Vishrali Naka, Panvel, Maharashtra 410206, India",,Panvel,Panvel,Maharashtra,410206,,5,6,"tour_agency, travel_agency, point_of_interest, service, establishment",18.980222299999998,73.1145947,localisy023962,ChIJ_VHJtFzp5zsRf8AK3nHpcMU,photos\localisy05661_1.jpg,,,,,Travel & Hospitality,Tour Operators,Old Panvel
Kalpak Tours,"302, Aashiyana CHS, near Birmole Hospital, HOC Colony, Panvel, Maharashtra 410206, India",,Panvel,Panvel,Maharashtra,410206,7447795392,4.9,15,"tour_agency, travel_agency, point_of_interest, service, establishment",18.9964899,73.11095209999999,localisy023963,ChIJh3Vmcjfp5zsRxQIJZagFa2E,photos\localisy05674_1.jpg,,,,,Travel & Hospitality,Tour Operators,Old Panvel
Gaja Tours & Travels,"Sector R2, Bhaveshwar palace, chinchpada, Karanjade, Vadghar, Maharashtra 410206, India",,Panvel,Panvel,Maharashtra,410206,8828243885,5,13,"travel_agency, point_of_interest, service, establishment",18.983530899999998,73.0928584,localisy023964,ChIJVWNeu6bp5zsRFyy4yNK7OXc,photos\localisy05675_1.jpg,,,,,Travel & Hospitality,Tour Operators,Old Panvel
Atharv Tours And Travels | Tours And Travels Service In Kharghar-Tours And Travels Service In Taloja,"H.No 492, Devichapada Nawade, Sec, PNL -1, Panvel, Karanjade, Maharashtra 410206, India",,Panvel,Panvel,Maharashtra,410206,9321216003,5,1,"tour_agency, travel_agency, service, point_of_interest, establishment",18.9784562,73.0990686,localisy023965,ChIJnVUcr-rp5zsR7XnfBMchG4w,photos\localisy05698_1.jpg,,,,,Travel & Hospitality,Tour Operators,Old Panvel
Nisarg Paryatan,"RG Gadkari Rd, near Old Post Office, Old Panvel, Panvel, Maharashtra 410206, India",,Panvel,Panvel,Maharashtra,410206,,2.6,12,"travel_agency, service, point_of_interest, establishment",18.9894622,73.1105381,localisy023966,ChIJFccTJhXo5zsRj6zMKJv64rU,photos\localisy05700_1.jpg,,,,,Travel & Hospitality,Tour Operators,Old Panvel
Sanskruti Trips,"Shop No:1, Building Name:Tanisha Co-Operative Housing Society Ltd, Sector 4, Plot no. 19, near Vedik Tree School, Karanjade, Panvel, Karanjade, Maharashtra 410206, India",,Panvel,Panvel,Maharashtra,410206,9867016664,5,30,"point_of_interest, establishment",18.979198699999998,73.10549449999999,localisy023967,ChIJ2882fUjp5zsRzAtCG7aMIxg,photos\localisy05701_1.jpg,,,,,Travel & Hospitality,Tour Operators,Old Panvel
SafeReach Services,"Office No 201,2nd Floor, Neel Solitaire, Chatrapati Shivaji Maharaj Marg, Line Ali, Old Panvel, Panvel, Maharashtra 410206, India",,Panvel,Panvel,Maharashtra,410206,,5,16,"travel_agency, transportation_service, consultant, service, point_of_interest, establishment",18.9896115,73.1127509,localisy023968,ChIJX1V4BM3p5zsRhghXRy-XNUg,photos\localisy05703_1.jpg,,,,,Travel & Hospitality,Visa Consultants,Old Panvel
SAI ENTERPRISES,"SHOP NO 6,7, SURYA GAYATRI CHS, PLOT NO D/14-15, Sector 6, New Panvel East, Panvel, Maharashtra 410206, India",,Panvel,Panvel,Maharashtra,410206,9869436026,4.5,38,"travel_agency, consultant, finance, hotel, lodging, transportation_service, point_of_interest, service, establishment",19.011366,73.116829,localisy023969,ChIJ98ZcR0_o5zsRhCk6eOK0Qhc,photos\localisy05726_1.jpg,,,,,Travel & Hospitality,Visa Consultants,Old Panvel
CA Vikas Abhang & Associates,"Office B 212, B Wing Sai Arcade Located, Sai Arcade, opposite Panvel Bus Stand, next to Bajaj Finance, Sector 19, Old Panvel, Panvel, Maharashtra 410206, India",,Panvel,Panvel,Maharashtra,410206,9137647979,5,432,"accounting, consultant, finance, point_of_interest, service, establishment",18.9918103,73.1151738,localisy023970,ChIJ296sOenp5zsRn3M-Le9tygo,photos\localisy05735_1.jpg,,,,,Travel & Hospitality,Visa Consultants,Old Panvel
Easyway Consultants,"001,Kartik Dreamland CHS., Plot 189/190 Vaishakh Marg, Sector 4, New Panvel East, Sector 4, New Panvel East, Panvel, Maharashtra 410206, India",,Panvel,Panvel,Maharashtra,410206,,4.8,5,"insurance_agency, consultant, finance, local_government_office, government_office, service, association_or_organization, point_of_interest, establishment",19.0036243,73.1201652,localisy023971,ChIJ6YGxgkXo5zsRy_wDB8OXIqk,photos\localisy05756_1.jpg,,,,,Travel & Hospitality,Visa Consultants,Old Panvel
eduPlus Abroad,"Shop No. 6, Sector No. 11, Jalaram Landmark, Plot No.6, Sector 11, Kamothe, Panvel, Maharashtra 410209, India",,Kamothe,Panvel,Maharashtra,410209,9326076170,5,2,"consultant, service, point_of_interest, establishment",19.020387799999998,73.089411,localisy023972,ChIJjXI-TIzp5zsRQgBRDsDL7Ds,photos\localisy05757_1.jpg,,,,,Travel & Hospitality,Visa Consultants,Old Panvel
BLUE PACIFIC ENGINEERING PVT LTD,"PLOT NO D/14, SURYA GAYATRI CHS, Sector 6, New Panvel East, Panvel, Maharashtra 410206, India",,Panvel,Panvel,Maharashtra,410206,8652135299,4.5,17,"consultant, service, point_of_interest, establishment",19.011499399999998,73.1168457,localisy023973,ChIJEbhRFk_p5zsRrBDmHkmDJYM,photos\localisy05761_1.jpg,,,,,Travel & Hospitality,Visa Consultants,Old Panvel
SSK cab service,"Chavan wada, Shivaji Rd, near gune hospital, Line Ali, Old Panvel, Panvel, Maharashtra 410206, India",,Panvel,Panvel,Maharashtra,410206,8268069965,5,14,"tour_agency, travel_agency, point_of_interest, service, establishment",18.9904369,73.1141553,localisy023974,ChIJn1lKLQPp5zsRVvrfp8X6JAg,photos\localisy05771_1.jpg,,,,,Travel & Hospitality,Cab & Taxi Services,Old Panvel
Panvel taxi service local and outstation,"Laxmi Nagar, at.post, A4/102, tal, Panvel, Vihighar, Maharashtra 410206, India",,Panvel,Panvel,Maharashtra,410206,7977413390,4.8,19,"taxi_service, transportation_service, point_of_interest, service, establishment",19.004312,73.1620453,localisy023975,ChIJVY0HndHp5zsRL5rYpsmFbTg,photos\localisy05787_1.jpg,,,,,Travel & Hospitality,Cab & Taxi Services,Old Panvel
PrimeCityCabs,"Shop No. 22, Nikki Tower, near Chanakya hotel, MCCH Society, Panvel, Maharashtra 410206, India",,Panvel,Panvel,Maharashtra,410206,8433552535,4.9,14,"taxi_service, transportation_service, point_of_interest, service, establishment",18.982489599999997,73.1155515,localisy023976,ChIJaSCkVX7mzk0R09mKheecvR0,photos\localisy05795_1.jpg,,,,,Travel & Hospitality,Cab & Taxi Services,Old Panvel
Varun tours and travels,"Amrut Garden, Sector 17, Greater Khanda, Panvel, Navi Mumbai, Mumbai, Maharashtra 410206, India",,Panvel,Panvel,Maharashtra,410206,9768457171,5,2,"taxi_service, transportation_service, point_of_interest, service, establishment",19.0096635,73.1043397,localisy023977,ChIJw0K6uu7p5zsRHpa8LNamMHY,photos\localisy05799_1.jpg,,,,,Travel & Hospitality,Cab & Taxi Services,Old Panvel
Supriya Tour's & Travel,"Building no 19,room no 13, Thithraj society, Pl-05B, Khanda Colony, opp. Fish Market, Khanda Colony, Sector 9, New Panvel East, Panvel, Maharashtra 410206, India",,Panvel,Panvel,Maharashtra,410206,9764209771,5,7,"taxi_service, transportation_service, point_of_interest, service, establishment",19.0068347,73.1127103,localisy023978,ChIJPVYmdW7p5zsRYYElCQiPVVk,photos\localisy05800_1.jpg,,,,,Travel & Hospitality,Cab & Taxi Services,Old Panvel
Kumar Travels,"Hari Ashirwad CHS, Sector 15A, New Panvel East, Panvel, Maharashtra 410206, India",,Panvel,Panvel,Maharashtra,410206,7021239838,5,9,"taxi_service, transportation_service, point_of_interest, service, establishment",18.9907959,73.1247679,localisy023979,ChIJh1Dg5mbp5zsRpEeAISB9f6Y,photos\localisy05805_1.jpg,,,,,Travel & Hospitality,Cab & Taxi Services,Old Panvel
Tushar tours and travels,"Forest Colony, Panvel, Maharashtra 410206, India",,Panvel,Panvel,Maharashtra,410206,9137272312,5,1,"taxi_service, transportation_service, point_of_interest, service, establishment",18.989375,73.1176031,localisy023980,ChIJUTBlmhbp5zsRwAqLcvXUlgU,,,,,,Travel & Hospitality,Cab & Taxi Services,Old Panvel
Jay Malhar Tours And Travels,"nearby Address: Moreshwar Co. Op Housing Society, Sector 12, Khanda Colony, Panvel, Maharashtra 410206, India",,Panvel,Panvel,Maharashtra,410206,,5,1,"taxi_service, transportation_service, service, point_of_interest, establishment",19.0011135,73.1143807,localisy023981,ChIJNUYYHi_p5zsR3-F1S_V6lUM,photos\localisy05820_1.jpg,,,,,Travel & Hospitality,Cab & Taxi Services,Old Panvel
Panvel Gents hostel (MONTHLY RENT),"PLOT NO. 7, Road No. 9, near DR. CD KULKARNI CLINIC, Sector-1, New Panvel East, Panvel, Maharashtra 410206, India",,Panvel,Panvel,Maharashtra,410206,9699071021,4.5,142,"service, point_of_interest, establishment",18.998205799999997,73.1200793,localisy023982,ChIJoWFVt2Lp5zsRPoZLXLyArA4,photos\localisy05824_1.jpg,,,,,Travel & Hospitality,PG & Hostels,Old Panvel
JP Women HOSTEL,"DURVESH, PLOT, 10, Road No. 15, near Post Office, Sector 19, New Panvel East, Panvel, Maharashtra 410206, India",,Panvel,Panvel,Maharashtra,410206,9326178807,4.7,44,"service, point_of_interest, establishment",18.996489,73.1224984,localisy023983,ChIJIftnLhnp5zsRzFkNDbOhwAM,photos\localisy05825_1.jpg,,,,,Travel & Hospitality,PG & Hostels,Old Panvel
Laxmi Paying Guest (Womens Only Hostel),"Plot No 1, Rd Number 13, opposite Post office, Sector 19, New Panvel East, Panvel, Maharashtra 410206, India",,Panvel,Panvel,Maharashtra,410206,9987561321,5,50,"service, point_of_interest, establishment",18.995931,73.12212099999999,localisy023984,ChIJC7nXw4fp5zsReRYhgfQeSms,,,,,,Travel & Hospitality,PG & Hostels,Old Panvel
Kelkar Paying Guest,"Sector 18 New Panvel Ashtavinayak Society E-3, 1/4, Sector 19, New Panvel East, Panvel, Maharashtra 410206, India",,Panvel,Panvel,Maharashtra,410206,7506073435,4.9,12,"service, point_of_interest, establishment",18.9951486,73.1199649,localisy023985,ChIJHxtLnOjp5zsRkOUu5x-psZ0,photos\localisy05828_1.jpg,,,,,Travel & Hospitality,PG & Hostels,Old Panvel
Comfort Accommodations Ladies Paying Guest,"X4WC+H28, Rd Number 4, Sector 19, New Panvel East, Panvel, Maharashtra 410206, India",,Panvel,Panvel,Maharashtra,410206,9833350096,3.8,14,"service, point_of_interest, establishment",18.996423099999998,73.12006629999999,localisy023986,ChIJobtZKfnp5zsRSYqXvUgR4ZI,photos\localisy05832_1.jpg,,,,,Travel & Hospitality,PG & Hostels,Old Panvel
Pralam PG,"Plot 4, near BSNL Office, Sector 12, New Panvel East, PanvelNavi, Mumbai, Panvel, Maharashtra 410206, India",,Panvel,Panvel,Maharashtra,410206,8169518959,4.9,12,"hostel, lodging, point_of_interest, establishment",18.9967506,73.1244689,localisy023987,ChIJc1hI7lzp5zsRTYdYJixM6YU,photos\localisy05833_1.jpg,,,,,Travel & Hospitality,PG & Hostels,Old Panvel
SMT. Meena Ranka Memorial Girls Hostel Acharya Shri Ramesh Hostel,"Plot No.10, Sector 20, Kamothe, Panvel, Maharashtra 410209, India",,Kamothe,Panvel,Maharashtra,410209,,4,95,"service, point_of_interest, establishment",19.01592,73.0967497,localisy023988,ChIJDfPe_NLp5zsR9wlzTRwcQBU,photos\localisy05834_1.jpg,,,,,Travel & Hospitality,PG & Hostels,Old Panvel
Panvel boys hostel,"H N 227 Swami Samarth House, Panvel Matheran Rd, New Panvel East, Akurli, Maharashtra 410206, India",,Panvel,Panvel,Maharashtra,410206,,4.1,13,"service, point_of_interest, establishment",19.005869399999998,73.1413384,localisy023989,ChIJxRJX6K_p5zsRan3sn3_EjeM,photos\localisy05836_1.jpg,,,,,Travel & Hospitality,PG & Hostels,Old Panvel
Surya Guest House,"Surya guest house, 406, Forest Colony Rd, Forest Colony, Panvel, Maharashtra 410206, India",,Panvel,Panvel,Maharashtra,410206,,3.2,116,"guest_house, lodging, point_of_interest, establishment",18.9877956,73.1192259,localisy023990,ChIJWeZrOmno5zsRtN65DVoBbtw,photos\localisy05838_1.jpg,,,,,Travel & Hospitality,Guest Houses,Old Panvel
Guest house,"Geetanjali Cooperative Housing Society, 3, Sector 11, New Panvel East, Panvel, Maharashtra 410206, India",,Panvel,Panvel,Maharashtra,410206,,3,2,"private_guest_room, lodging, point_of_interest, establishment",18.999566299999998,73.1219169,localisy023991,ChIJ6Y2SHQDp5zsRsHXf-oW_gWg,,,,,,Travel & Hospitality,Guest Houses,Old Panvel
Ghar Apna Stay Panvel,"PLOT NO.4, Road No. 8, Sector-1, New Panvel East, Panvel, NAVI MUMBAI, Panvel, Maharashtra 410206, India",,Panvel,Panvel,Maharashtra,410206,8657001853,5,1,"guest_house, hostel, private_guest_room, lodging, service, point_of_interest, establishment",18.9991245,73.1199821,localisy023992,ChIJeUHfC3rp5zsRP53cf4vfDMQ,photos\localisy05842_1.jpg,,,,,Travel & Hospitality,Guest Houses,Old Panvel
Arya Events Planner,"Shri Niketan Society, Sukapur, New Panvel East, Panvel, Shilottar Raichur, Maharashtra 410206, India",,Panvel,Panvel,Maharashtra,410206,9621552122,5,10,"event_venue, point_of_interest, service, establishment",19.0000186,73.1363097,localisy023993,ChIJq_JnR1_p5zsR3IEc118F0uM,photos\localisy05851_1.jpg,,,,,Event Services,Wedding Planners,Old Panvel
Stratus Kreationz Event,"Pushpkala Chs, behind Dominos Pizza, Sector 4, New Panvel East, Panvel, Maharashtra 410206, India",,Panvel,Panvel,Maharashtra,410206,8286315158,5,41,"point_of_interest, establishment",19.0029374,73.1178316,localisy023994,ChIJxxxFd8rp5zsRWugRnVxRHl0,photos\localisy05853_1.jpg,,,,,Event Services,Wedding Planners,Old Panvel
"Ajay decorators dream event - Event Planner Birthday, Wedding & Corporate","IG residency, near ARIHANT AALISHAN, Sector 37, Kharghar, Panvel, Maharashtra 410208, India",,Taloja,Panvel,Maharashtra,410208,9833463043,,,"event_venue, point_of_interest, establishment",19.0822099,73.0817316,localisy023995,ChIJfeTXqBjB5zsRkA8RUyfulzM,photos\localisy05868_1.jpg,,,,,Event Services,Wedding Planners,Old Panvel
Yuvraj events celebrating house,"Osho Kabir CHS, Sector 10, Khanda Colony, Panvel, Maharashtra 410206, India",,Panvel,Panvel,Maharashtra,410206,8898752911,4.8,5,"service, point_of_interest, establishment",19.005316099999998,73.1144371,localisy023996,ChIJaS_6CADp5zsROqhM9eHVb7U,photos\localisy05870_1.jpg,,,,,Event Services,Wedding Planners,Old Panvel
Swapnil lights and Truss,"Shop no 2, jupiter plaza, Railway Station, near Bharat petrol pump, Takka Colony, Panvel, Maharashtra 410206, India",,Panvel,Panvel,Maharashtra,410206,,5,1,"service, point_of_interest, establishment",18.986934599999998,73.1193688,localisy023997,ChIJp6i1uRnp5zsRz29odHkglPc,photos\localisy05878_1.jpg,,,,,Event Services,Wedding Planners,Old Panvel
Karnala Sports Academy Lawn,"X4X3+G5Q, Old Panvel, Panvel, Maharashtra 410206, India",,Panvel,Panvel,Maharashtra,410206,,4.2,335,"wedding_venue, event_venue, service, point_of_interest, establishment",18.9988407,73.1029992,localisy023998,ChIJibRjmKvp5zsRr5V4cxaunBE,photos\localisy05882_1.jpg,,,,,Event Services,Wedding Planners,Old Panvel
Pathare Pooja Makhar & Chalchitra Decoration,"Panjarpole Road,Wani Ali,Koliwada Panvel.Tal.Panvel.Dist.Raigad, Old Panvel, Panvel, Maharashtra 410206, India",,Panvel,Panvel,Maharashtra,410206,9769493009,,,"service, point_of_interest, establishment",18.9841706,73.1078553,localisy023999,ChIJnfGY3vHp5zsRDF_YkX_fdoY,photos\localisy05883_1.jpg,,,,,Event Services,Wedding Planners,Old Panvel
Joyful Events & Decor,"Sector 3, HOC Colony, Panvel, Navi Mumbai, Panvel, Maharashtra 410206, India",,Panvel,Panvel,Maharashtra,410206,8879701906,5,6,"point_of_interest, establishment",18.9950309,73.1133656,localisy024000,ChIJkZ35MfTp5zsRhE21etMJMe0,photos\localisy05884_1.jpg,,,,,Event Services,Wedding Planners,Old Panvel
Tathastu Hall Panvel,"X4R6+63J, Old Panvel, Panvel, Maharashtra 410206, India",,Panvel,Panvel,Maharashtra,410206,,4,105,"event_venue, point_of_interest, establishment",18.9905875,73.1101406,localisy024001,ChIJ7W6XQBXo5zsRbqVO52Jc2ZE,photos\localisy05891_1.jpg,,,,,Event Services,Wedding Planners,Old Panvel
Atlantic Banquets,"Sindhi Panchayat, Trust, Vrushali Naka, opposite Likhite Hospital, MCCH Society, Panvel, Maharashtra 410206, India",,Panvel,Panvel,Maharashtra,410206,9987567563,4.9,259,"wedding_venue, event_venue, point_of_interest, service, establishment",18.981711999999998,73.1150888,localisy024002,ChIJn5sJYA3p5zsRmyhGDYn3DYc,photos\localisy05893_1.jpg,,,,,Event Services,Wedding Planners,Old Panvel
Theora Events,"Yahochandra CHS, 401, Lokmanya Tilak Road, Old Panvel, Panvel, Navi Mumbai, Panvel, Maharashtra 410206, India",,Panvel,Panvel,Maharashtra,410206,9967585462,,,"point_of_interest, service, establishment",18.9901047,73.1090905,localisy024003,ChIJrRwwlHbp5zsRxcuKqLeO33I,photos\localisy05894_1.jpg,,,,,Event Services,Wedding Planners,Old Panvel
SHREENATH DECORATOR,"MTNL ROAD NEAR RUPALI CINEMA CIRCLE, Mominpada, Old Panvel, Panvel, Maharashtra 410206, India",,Panvel,Panvel,Maharashtra,410206,9821126455,5,10,"point_of_interest, establishment",18.9835459,73.11284669999999,localisy024004,ChIJY877Q53p5zsRYs9Do--ZP_o,photos\localisy05897_1.jpg,,,,,Event Services,Wedding Planners,Old Panvel
Shree Sai Digital Photo Studio,"Shop No 17 Sec No 18 Janta Market, Rd Number 4, opp. Surya Refreshment Pure Veg Restaurant Panvel, Sector 18, New Panvel East, Panvel, Maharashtra 410206, India",,Panvel,Panvel,Maharashtra,410206,9594113377,4.9,374,"service, point_of_interest, establishment",18.9944682,73.12088419999999,localisy024005,ChIJdQAAAEXo5zsRixr6k5Hw0lg,photos\localisy05908_1.jpg,,,,,Event Services,Photographers,Old Panvel
Prabhat Photo Studio,"6, Jay Bharat Naka, Basement, Shivaji Rd, near Panvel Police Station, Old Panvel, Panvel, Maharashtra 410206, India",,Panvel,Panvel,Maharashtra,410206,9869582584,4.8,127,"service, point_of_interest, establishment",18.9879288,73.1100069,localisy024006,ChIJGcT76RTo5zsRZdCwOlb7-K0,photos\localisy05909_1.jpg,,,,,Event Services,Photographers,Old Panvel
Saycheese Photography,"Vakratund Apartment, Nityanand Nagar, Old Panvel, Panvel, Maharashtra 410206, India",,Panvel,Panvel,Maharashtra,410206,9167619307,4.9,52,"service, point_of_interest, establishment",18.996450799999998,73.1094292,localisy024007,ChIJjSSGArUPEw0RyVdlp2pUaMY,photos\localisy05913_1.jpg,,,,,Event Services,Photographers,Old Panvel
Moment Makers,"GURUSHARNAM COMPLEX, Takka Rd, Old Panvel, Panvel, Maharashtra 410206, India",,Panvel,Panvel,Maharashtra,410206,9004394441,4.9,86,"service, point_of_interest, establishment",18.980233899999998,73.1143943,localisy024008,ChIJW2kJawbp5zsRORQH7q0oVRo,photos\localisy05914_1.jpg,,,,,Event Services,Photographers,Old Panvel
Aashu Photography & Film,"Neelkanth Krupa Apartment, B wing, Flat No: 401, Plot No: 36, Sector: 4, Karanjade, Panvel, Karanjade, Maharashtra 410206, India",,Panvel,Panvel,Maharashtra,410206,9892551357,5,20,"service, point_of_interest, establishment",18.977623899999998,73.1041991,localisy024009,ChIJeSezXtjp5zsRCt6LciBKUUU,photos\localisy05915_1.jpg,,,,,Event Services,Photographers,Old Panvel
Rosaka photography,"Banglow Society, Old Panvel, Panvel, Maharashtra 410206, India",,Panvel,Panvel,Maharashtra,410206,9930957592,5,16,"service, point_of_interest, establishment",18.9968128,73.106188,localisy024010,ChIJDeBmnJPp5zsRJX2S-RRkUys,photos\localisy05919_1.jpg,,,,,Event Services,Photographers,Old Panvel
Nimisha Films Digital Photo Studio,"Shop No.5 , Satyam Residency, Plot No.7 , Sec. 4 , Karanjade, Old Panvel, Panvel, Karanjade, Maharashtra 410206, India",,Panvel,Panvel,Maharashtra,410206,9653293682,4.9,125,"electronics_store, service, home_goods_store, store, point_of_interest, establishment",18.9784392,73.1027601,localisy024011,ChIJcbSXlBfp5zsRrV5XFWlAJkc,photos\localisy05921_1.jpg,,,,,Event Services,Photographers,Old Panvel
RK Digital Photo Studio,"shop no 12, Nimbeshwar Kunj, Sukapur, Guru Tegh Bahadur Nagar, Panvel, Palidevad, Maharashtra 410206, India",,Panvel,Panvel,Maharashtra,410206,8108809060,4.7,318,"service, point_of_interest, establishment",18.9967649,73.129814,localisy024012,ChIJ____r1jo5zsRW9iA5kLgCsA,photos\localisy05923_1.jpg,,,,,Event Services,Photographers,Old Panvel
Kavigraphy Portrait Studio,"office no.101, Shree Sahayya Honesty, Dr, Ambedkar Rd, Old Panvel, Panvel, Maharashtra 410206, India",,Panvel,Panvel,Maharashtra,410206,9730002209,4,23,"point_of_interest, service, establishment",18.988274999999998,73.1130474,localisy024013,ChIJxf__e0Po5zsRN4hPImlwfFk,photos\localisy05924_1.jpg,,,,,Event Services,Photographers,Old Panvel
PRIME CAPTURE,"001, First Floor, City Avenue, Sec - 1s, Plot - 101, New Panvel East, Panvel, Maharashtra 410206, India",,Panvel,Panvel,Maharashtra,410206,9137860348,5,46,"point_of_interest, service, establishment",18.999461399999998,73.1178922,localisy024014,ChIJuUbWTwDp5zsR4PQwGbVRfKw,photos\localisy05925_1.jpg,,,,,Event Services,Photographers,Old Panvel
Kedarclicks STUDIO,"sai Kunj CHS, adarsh housing Society, Old Panvel, Panvel, Maharashtra 410206, India",,Panvel,Panvel,Maharashtra,410206,9773397154,4.6,23,"point_of_interest, service, establishment",18.991308699999998,73.1028271,localisy024015,ChIJ28WKc2vo5zsRTPyDrpy3nBs,photos\localisy05928_1.jpg,,,,,Event Services,Photographers,Old Panvel
SM Studios,"Sukapur, New Panvel East, Panvel, Navi Mumbai, Palidevad, Maharashtra 410206, India",,Panvel,Panvel,Maharashtra,410206,,5,58,"point_of_interest, service, establishment",18.997396,73.1324783,localisy024016,ChIJzWEnVXPp5zsR_mmO8Ina5Rw,photos\localisy05929_1.jpg,,,,,Event Services,Photographers,Old Panvel
RajuAryan Photography,"Railway colony, Panvel Railway Station, Forest Colony, Panvel, Navi Mumbai, Panvel, Maharashtra 410206, India",,Panvel,Panvel,Maharashtra,410206,7021035193,5,19,"point_of_interest, service, establishment",18.9910197,73.12076119999999,localisy024017,ChIJv0MyK1Hp5zsRCg0CotD5gOU,photos\localisy05930_1.jpg,,,,,Event Services,Photographers,Old Panvel
Neo photography PANVEL Navi Mumbai,"Neo photography Institute of art, Banthia Gadi Karkhana, Old Panvel, Panvel, Navi Mumbai, Panvel, Maharashtra 410206, India",,Panvel,Panvel,Maharashtra,410206,,5,24,"point_of_interest, service, establishment",18.986285300000002,73.1081435,localisy024018,ChIJvdAfJ27p5zsRULSUMHup7-I,photos\localisy05931_1.jpg,,,,,Event Services,Photographers,Old Panvel
Unique Shoots Photography,"Savarkar Chowk, Manek Nagar, Old Panvel, Panvel, Maharashtra 410206, India",,Panvel,Panvel,Maharashtra,410206,8424904533,5,2,"point_of_interest, service, establishment",18.9915341,73.10968729999999,localisy024019,ChIJpZV8gYnp5zsRpV8R5ovMBYE,photos\localisy05932_1.jpg,,,,,Event Services,Photographers,Old Panvel
AS Production wedding photography,"NATH SADAN, 101, 201, FIRST AND SECOND FLOOR, PLOT A, 3/30, Sector 6, New Panvel East, Panvel, Mumbai, Panvel, Maharashtra 410206, India",,Panvel,Panvel,Maharashtra,410206,,4.9,134,"point_of_interest, service, establishment",19.008319699999998,73.1176474,localisy024020,ChIJ16RFsfHp5zsR9rTG6NBrwvo,photos\localisy05933_1.jpg,,,,,Event Services,Photographers,Old Panvel
AJ Photography & Film,"E1-16 C6, Sector 18, New Panvel East, Panvel, Maharashtra 410206, India",,Panvel,Panvel,Maharashtra,410206,6354634247,5,21,"point_of_interest, service, establishment",18.99456,73.122243,localisy024021,ChIJ060OJxTp5zsRFAfQ_V3fvoE,photos\localisy05936_1.jpg,,,,,Event Services,Photographers,Old Panvel
Akash Dhembare Photography,"Sai Prerana, Plot no:76, Flat no 306, Sector 2A, Karanjade, Panvel 410206, Panvel, Vadghar, Maharashtra 410206, India",,Panvel,Panvel,Maharashtra,410206,7977901699,4.9,17,"point_of_interest, service, establishment",18.9820739,73.0988132,localisy024022,ChIJR4nKEuLp5zsRwyOVcrv4PIA,photos\localisy05938_1.jpg,,,,,Event Services,Photographers,Old Panvel
Rtcommercialstudio,"First floor, Plot no.89, behind hirich, Sector-1, New Panvel East, Panvel, Maharashtra 410206, India",,Panvel,Panvel,Maharashtra,410206,7977836171,5,11,"manufacturer, point_of_interest, service, establishment",18.9963941,73.1172453,localisy024023,ChIJ82rcd2zp5zsR3xZWrRMc7jo,photos\localisy05940_1.jpg,,,,,Event Services,Photographers,Old Panvel
Manish Shinde Photography,"Indraprastha building, N104, near gavdevi mandir, Panvel, Adai, Maharashtra 410206, India",,Panvel,Panvel,Maharashtra,410206,7798211922,5,17,"point_of_interest, service, establishment",19.0078538,73.1277752,localisy024024,ChIJb0hzaz7p5zsRaz-ZFI91MLY,photos\localisy05941_1.jpg,,,,,Event Services,Photographers,Old Panvel
Twenty One Memories Photography,"Shop no. -7, Ganga Apartment, Swami Nityanand Rd, opp. Shree Lodge, near Manek Nagar, Manek Nagar, Old Panvel, Panvel, Maharashtra 410206, India",,Panvel,Panvel,Maharashtra,410206,9869615716,4.8,17,"electronics_store, home_goods_store, store, point_of_interest, service, establishment",18.9912389,73.1082505,localisy024025,ChIJvQ3ApHvp5zsR06s4ddvcyLU,photos\localisy05942_1.jpg,,,,,Event Services,Photographers,Old Panvel
BabyCastle studio,"Babycastle studio, soham bunglow, plot no.9, Road No. 4, near adai circle, Sector 11, New Panvel East, Panvel, Maharashtra 410206, India",,Panvel,Panvel,Maharashtra,410206,9321993132,5,9,"service, point_of_interest, establishment",18.9998556,73.1254634,localisy024026,ChIJVRc66oXp5zsRxugV1_GoRLk,photos\localisy05944_1.jpg,,,,,Event Services,Photographers,Old Panvel
Pranay Devkamble's Studio,"plot 5, devgiri, Rd Number 16, Sector 12, New Panvel East, Panvel, Maharashtra 410206, India",,Panvel,Panvel,Maharashtra,410206,7208043699,5,45,"service, point_of_interest, establishment",18.996853599999998,73.1246422,localisy024027,ChIJw5QhbIXp5zsR9y988-foRJA,photos\localisy05945_1.jpg,,,,,Event Services,Photographers,Old Panvel
Advait Sontakke Visual Solutions,"Amrapali CHS, 18, Sector 13, New Panvel East, Panvel, Maharashtra 410206, India",,Panvel,Panvel,Maharashtra,410206,8369008104,4.7,37,"service, point_of_interest, establishment",18.9974743,73.12768000000001,localisy024028,ChIJm0T5LdHp5zsR4vlSRvqnv8w,photos\localisy05946_1.jpg,,,,,Event Services,Photographers,Old Panvel
ClicksBy_Purva,"202, Tapovan, New Panvel East, Panvel, Mumbai, Panvel, Maharashtra 410206, India",,Panvel,Panvel,Maharashtra,410206,8104574813,4.9,12,"service, point_of_interest, establishment",19.0015736,73.12020799999999,localisy024029,ChIJPyZEwO7p5zsRMpr-6mG1Sl8,photos\localisy05947_1.jpg,,,,,Event Services,Photographers,Old Panvel
HRK PHOTOGRAPHY,"Shop No 17, YASHSHRI CHS, TILAK ROAD, Bhatankar Wada Rd, near BAPAT, Old Panvel, Panvel, Maharashtra 410206, India",,Panvel,Panvel,Maharashtra,410206,7977849986,5,1,"service, point_of_interest, establishment",18.9893374,73.1094517,localisy024030,ChIJm3YG_s7p5zsRU--eus4Y7uI,photos\localisy05948_1.jpg,,,,,Event Services,Photographers,Old Panvel
Ashish salunke photography,"Shivganga 12, 08 Atype, Sector 13, New Panvel East, Panvel, Maharashtra 410206, India",,Panvel,Panvel,Maharashtra,410206,,5,8,"service, point_of_interest, establishment",18.9960473,73.1264779,localisy024031,ChIJCaw3LATp5zsRKz1cjvBOgQE,photos\localisy05950_1.jpg,,,,,Event Services,Photographers,Old Panvel
PixelAura Studio,"Office No 503, The Corporate Business Centre, Banglow Society, Nityanand Nagar, Old Panvel, Panvel, Maharashtra 410206, India",,Panvel,Panvel,Maharashtra,410206,7796087796,,,"service, point_of_interest, establishment",18.9958114,73.1069993,localisy024032,ChIJP-6DznTp5zsRR3rEEORbrhI,photos\localisy05951_1.jpg,,,,,Event Services,Photographers,Old Panvel
Kavigraphy Studio,"PLOT NO.- 88, Centre Co-op Hsg Ltd, 37, Ambedkar Rd, Old Panvel, Panvel, Maharashtra 410206, India",,Panvel,Panvel,Maharashtra,410206,9324004044,4.4,5,"service, point_of_interest, establishment",18.988274999999998,73.1130474,localisy024033,ChIJ21NS6X_p5zsRvow7yXSzubg,photos\localisy05954_1.jpg,,,,,Event Services,Photographers,Old Panvel
Shivshakti Photo Studio And Video Shooting,"Shop Number 28 Panvel City Centre Ambedkar Road, Chhatrapati Shivaji Maharaj Chowk, Old Panvel, Panvel, Maharashtra 410206, India",,Panvel,Panvel,Maharashtra,410206,,5,4,"service, point_of_interest, establishment",18.9880955,73.11296759999999,localisy024034,ChIJpbhmrFbp5zsRHFY3CJ43sz0,photos\localisy05955_1.jpg,,,,,Event Services,Photographers,Old Panvel
Rang Digital Studio & Digital Colour Lab,"Sector 11, New Panvel East, Panvel, Maharashtra 410206, India",,Panvel,Panvel,Maharashtra,410206,9324705432,3.8,70,"service, point_of_interest, establishment",18.999234599999998,73.12290329999999,localisy024035,ChIJmylPq0To5zsRy_qe6RhIle8,photos\localisy05956_1.jpg,,,,,Event Services,Photographers,Old Panvel
Sagar Photography,"Shree Ganesh Krupa Society, B-201, Tembhode, Panvel, Maharashtra 410206, India",,Panvel,Panvel,Maharashtra,410206,9594808143,5,18,"electronics_store, home_goods_store, service, store, point_of_interest, establishment",19.0235462,73.12630949999999,localisy024036,ChIJ10wYZcEb2QARBQ4X5BkUaiI,photos\localisy05959_1.jpg,,,,,Event Services,Photographers,Old Panvel
Rt Photography Studio,"Meghmallhar society , shop no - 4, plot no - 218, 219, Sector 4, New Panvel East, Panvel, Maharashtra 410206, India",,Panvel,Panvel,Maharashtra,410206,8879422825,4.3,6,"service, point_of_interest, establishment",19.003221999999997,73.1207594,localisy024037,ChIJg-RQ_Bnp5zsRj1PZfYXtOB4,photos\localisy05961_1.jpg,,,,,Event Services,Photographers,Old Panvel
Siddhi Photos,"Shop no - 11, Eden Garden, sector -8 Khanda Colony, Sector - 8, New Panvel East, Panvel, Maharashtra 410206, India",,Panvel,Panvel,Maharashtra,410206,9224121944,3.8,33,"service, point_of_interest, establishment",19.006296499999998,73.11089179999999,localisy024038,ChIJcza21Dfo5zsRVjDM5_vPmec,photos\localisy05963_1.jpg,,,,,Event Services,Photographers,Old Panvel
POP DECORATORS - Pop Pvc contractor - False Ceiling Contractor. Gypsum PVC Contractor Panvel Navi Mumbai,"New panvel vimalwadi, shop no 5, 5A, E1/5-B6, Panchshil Nagar, New Panvel East, Panvel, Maharashtra 410206, India",,Panvel,Panvel,Maharashtra,410206,8080382838,5,22,"point_of_interest, service, establishment",18.993975499999998,73.1237809,localisy024039,ChIJQfw9Nwzp5zsR_31Men6wxx4,photos\localisy05964_1.jpg,,,,,Event Services,Decorators,Old Panvel
MALIK DECORATORS,"Shop No.01 Naresh Niwash 140 B, Panvel Uran Road Karanjade, opp. Sukhan Hospital, Old Panvel, Boudhvada, Karanjade, Maharashtra 410206, India",,Panvel,Panvel,Maharashtra,410206,9930184846,5,1,"general_contractor, point_of_interest, service, establishment",18.982190900000003,73.1045704,localisy024040,ChIJUyGO7fvp5zsRXVFFPxooT9c,,,,,,Event Services,Decorators,Old Panvel
Decoration house,"Shop no.1, chal no.55, sector -13, near Kali Mata mandir, A-type, New Panvel East, Panvel, Maharashtra 410206, India",,Panvel,Panvel,Maharashtra,410206,9321754683,4.2,10,"home_goods_store, store, point_of_interest, establishment",18.9954619,73.1268621,localisy024041,ChIJ9aBZCBjp5zsRROYV0RyvFjI,photos\localisy05983_1.jpg,,,,,Event Services,Decorators,Old Panvel
P.O.P WORK AHSAN,"CHICHPADA, R2 KARAZADE, Chauk, Old Panvel, Vadghar, Maharashtra 410206, India",,Panvel,Panvel,Maharashtra,410206,9161368360,5,3,"point_of_interest, service, establishment",18.982871199999998,73.091465,localisy024042,ChIJM0rwpo3p5zsRbQm4tE6DbJs,photos\localisy05992_1.jpg,,,,,Event Services,Decorators,Old Panvel
shiv sai interiors decorators,"shop no 21, surya gayatri building, sec 06, Sector 6, New Panvel East, Panvel, Maharashtra 410206, India",,Panvel,Panvel,Maharashtra,410206,9819890251,5,1,"home_goods_store, store, point_of_interest, establishment",19.010803799999998,73.1167835,localisy024043,ChIJucAxbCjp5zsRjYRF4WM2fvk,photos\localisy05995_1.jpg,,,,,Event Services,Decorators,Old Panvel
Kadam Mandap Decorators,"Ravji Bhimji Rangpariya Marg, Old Panvel, Panvel, Maharashtra 410206, India",,Panvel,Panvel,Maharashtra,410206,,,,"point_of_interest, establishment",18.984852999999998,73.108586,localisy024044,ChIJH7uqdRPo5zsRFlBz60QxS8w,,,,,,Event Services,Decorators,Old Panvel
P.O.P.&.GYPSUM. SHOP.,"Karanjade karanjade sector 3, Dombala college Rd, Panvel, Vadghar, Maharashtra 410206, India",,Panvel,Panvel,Maharashtra,410206,9224119918,4.9,33,"general_contractor, supplier, service, store, point_of_interest, establishment",18.979086499999998,73.0980723,localisy024045,ChIJa2okOjHp5zsR_rLscwgIBy4,photos\localisy06012_1.jpg,,,,,Event Services,Decorators,Old Panvel
Nikhil decorators,"X3PW+VH3, Vadghar, Maharashtra 410206, India",,Panvel,Panvel,Maharashtra,410206,,5,1,"service, point_of_interest, establishment",18.9871305,73.0964254,localisy024046,ChIJDY4WWADp5zsRkrOF9nFlTYE,,,,,,Event Services,Decorators,Old Panvel
BOARDMAKER SHREENATH GRAPHICS,"SHOP NO -1 & 2, AADITYA GURUKRUPA, near RUPALI CINEMA, Mominpada, Old Panvel, Panvel, Maharashtra 410206, India",,Panvel,Panvel,Maharashtra,410206,7900188088,4.8,202,"service, store, point_of_interest, establishment",18.984521,73.1118564,localisy024047,ChIJtVGL7hfp5zsROkyPyfqvVfg,photos\localisy06017_1.jpg,,,,,Event Services,Decorators,Old Panvel
Gagan Car Decors,"Opp National paradise, Vishrali naka, Panvel, near panchmukhi hanuman mandir. Panvel, Old Panvel, Panvel, Maharashtra 410206, India",,Panvel,Panvel,Maharashtra,410206,9833275695,4.6,328,"auto_parts_store, car_repair, electronics_store, service, store, point_of_interest, establishment",18.979673,73.115676,localisy024048,ChIJHXSUanLo5zsRAfJA1HjpgSE,photos\localisy06020_1.jpg,,,,,Event Services,Decorators,Old Panvel
Makkana - Modular Kitchen in Navi Mumbai / Modular Kitchen in Panvel,"Shop No 4, Vashin Building, opp. to Indian Bank, Sector 11, New Panvel East, Panvel, Maharashtra 410206, India",,Panvel,Panvel,Maharashtra,410206,9594802037,4.5,145,"general_contractor, furniture_store, home_improvement_store, manufacturer, home_goods_store, service, store, point_of_interest, establishment",18.998828200000002,73.12410679999999,localisy024049,ChIJP5BrbUXo5zsRkYWgeh-CLFA,photos\localisy06021_1.jpg,,,,,Event Services,Decorators,Old Panvel
U.S.DJ,"Sector 14, New Panvel East, Panvel, Maharashtra 410206, India",,Panvel,Panvel,Maharashtra,410206,,4.7,7,"point_of_interest, establishment",18.9943964,73.12511649999999,localisy024050,ChIJ5Rv9c6Pp5zsRXHqOl_5MdMU,photos\localisy06029_1.jpg,,,,,Event Services,DJs,Old Panvel
DjsOfPanvel,"Vihighar, Hanuman Temple, near Panvel, Panvel, Nere, Vihighar, Maharashtra 410206, India",,Panvel,Panvel,Maharashtra,410206,,4.5,22,"point_of_interest, service, establishment",19.001900799999998,73.16058230000002,localisy024051,ChIJiWPGXn_p5zsR5d2_0-RIMyg,photos\localisy06031_1.jpg,,,,,Event Services,DJs,Old Panvel
"ANVI SOUND,LIGHTS & EVENT PANVEL","SUVRNBHOOMI COMPLEX, B2C WING, FLAT NO- 101, Sukapur, New Panvel East, Panvel, Shilottar Raichur, Maharashtra 410206, India",,Panvel,Panvel,Maharashtra,410206,9867585926,,,"point_of_interest, establishment",19.0007251,73.1342229,localisy024052,ChIJyx9ezD_p5zsRX4oi1BTBnD4,photos\localisy06039_1.jpg,,,,,Event Services,DJs,Old Panvel
Smruti Sound,"Shree Chintamani CHS, Shop no -06, Plot no-08, Sector -07, Khanda Colony, Sector 7, New Panvel East, w, Panvel, Maharashtra 410206, India",,Panvel,Panvel,Maharashtra,410206,9987992959,5,5,"electronics_store, home_goods_store, store, point_of_interest, service, establishment",19.010856,73.1126086,localisy024053,ChIJ0aBuc0fp5zsRb9TasG5TKCI,photos\localisy06054_1.jpg,,,,,Event Services,DJs,Old Panvel
limbovectors studio + acoustics,"Siddhivinayak, Plot 3 Sector 14, near Khanda HDFC, Sector - 13, New Panvel East, Panvel, Maharashtra 410206, India",,Panvel,Panvel,Maharashtra,410206,8828426248,4.7,6,"electronics_store, home_goods_store, store, point_of_interest, consultant, service, establishment",19.005354699999998,73.10894119999999,localisy024054,ChIJa5mWw0fp5zsRkIp24Hhoqtc,photos\localisy06059_1.jpg,,,,,Event Services,DJs,Old Panvel
Digi1 New Panvel,"Leela Madhav Complex, Plot No 312, Mumbai - Pune Hwy, next to Orion Mall, New Panvel East, Panvel, Maharashtra 410206, India",,Panvel,Panvel,Maharashtra,410206,7208930715,4.8,2717,"electronics_store, cell_phone_store, home_goods_store, store, point_of_interest, establishment",18.9940476,73.11523129999999,localisy024055,ChIJm9ROA33p5zsRzMpTqN5hD8w,photos\localisy06060_1.jpg,,,,,Event Services,DJs,Old Panvel
Kashyap Hall,"Lokmanya Tilak Road, Old Panvel, Panvel, Maharashtra 410206, India",,Panvel,Panvel,Maharashtra,410206,,4,86,"banquet_hall, event_venue, point_of_interest, establishment",18.9892536,73.10930619999999,localisy024056,ChIJbwsH4xTo5zsRfO7bxLnaj4Y,photos\localisy06061_1.jpg,,,,,Event Services,DJs,Old Panvel
Sarvesh sound,"Tilak Rd, Old Panvel, Panvel, Maharashtra 410206, India",,Panvel,Panvel,Maharashtra,410206,9920104020,5,3,"electronics_store, home_goods_store, store, point_of_interest, service, establishment",18.9892507,73.1092508,localisy024057,ChIJZ09Altjp5zsRosUvkbAvREo,photos\localisy06066_1.jpg,,,,,Event Services,DJs,Old Panvel
Shree Banquets,"New Panvel East, Panvel, Maharashtra 410206, India",,Panvel,Panvel,Maharashtra,410206,9930760136,4.1,246,"banquet_hall, event_venue, point_of_interest, establishment",18.9998199,73.1166717,localisy024058,ChIJVQ55mEbo5zsRKc-GgOyQvno,photos\localisy06068_1.jpg,,,,,Event Services,DJs,Old Panvel
Dr Ajinkya,"Shivaji Rd, opp. ST Stand, Old Panvel, Panvel, Maharashtra 410206, India",,Panvel,Panvel,Maharashtra,410206,8779197485,5,668,"doctor, medical_clinic, health, point_of_interest, establishment",18.9910668,73.1152425,localisy024059,ChIJS7qnM43p5zsRXjYQrPAYeow,photos\localisy06071_1.jpg,,,,,Event Services,DJs,Old Panvel
Panvel koliwada,"Sai Nagar, B-1, Koliwada, Old Panvel, Panvel, Maharashtra 410206, India",,Panvel,Panvel,Maharashtra,410206,,4.7,24,"tourist_attraction, point_of_interest, establishment",18.9836769,73.1067582,localisy024060,ChIJM79dAMvp5zsRlNrAmFqHIzM,photos\localisy06076_1.jpg,,,,,Event Services,DJs,Old Panvel
Virupaksha Mangal Karyalay - Managed by Red Letters Events,"Ratnakar Shankar Khare Marg, opp. Ashok Baug, HOC Colony, Panvel, Navi Mumbai, Panvel, Maharashtra 410206, India",,Panvel,Panvel,Maharashtra,410206,9819466566,4.4,1013,"banquet_hall, wedding_venue, event_venue, point_of_interest, service, establishment",18.9956069,73.1102988,localisy024061,ChIJ_eXeJ_Dp5zsR9-Cco825h-I,photos\localisy06090_1.jpg,,,,,Event Services,Banquet Halls,Old Panvel
Banquets By Eazyvenue - Panvel,"above Bank of Maharashtra, behind MTNL, Sector 2, Old Panvel, Panvel, Maharashtra 410206, India",,Panvel,Panvel,Maharashtra,410206,9372091300,5,2,"banquet_hall, event_venue, point_of_interest, establishment",19.000195299999998,73.11820159999999,localisy024062,ChIJtwcHPN_p5zsRuG5Pd2WsKtw,photos\localisy06094_1.jpg,,,,,Event Services,Banquet Halls,Old Panvel
Gokhale Sabhagruh Mangal Karyalaya (AC),"Old Panvel, Panvel, Maharashtra 410206, India",,Panvel,Panvel,Maharashtra,410206,,4,143,"wedding_venue, banquet_hall, auditorium, event_venue, point_of_interest, service, establishment",18.9893125,73.10856249999999,localisy024063,ChIJXYpAUz7o5zsRfWIccT9CmAo,photos\localisy06099_1.jpg,,,,,Event Services,Banquet Halls,Old Panvel
Sagar Palace,"Sagar Palace, New, Panvel Matheran Rd, above Tushar Fitness, Akurli, Navi Mumbai, Maharashtra 410206, India",,Panvel,Panvel,Maharashtra,410206,,4.4,98,"wedding_venue, event_venue, point_of_interest, service, establishment",19.0017396,73.1405419,localisy024064,ChIJe1iYvu_p5zsRyVPOxo5aLJM,photos\localisy06101_1.jpg,,,,,Event Services,Banquet Halls,Old Panvel
Grandiose,"Plot no 462/3, market yard, Old Panvel, Panvel, Maharashtra 410206, India",,Panvel,Panvel,Maharashtra,410206,9294747474,4.3,66,"wedding_venue, event_venue, point_of_interest, service, establishment",18.980278,73.11292999999999,localisy024065,ChIJ04yiNIXp5zsR9HSfWGnBFjA,photos\localisy06102_1.jpg,,,,,Event Services,Banquet Halls,Old Panvel
Sharvil Banquet,"78, Rd Number 2, behind HDFC Bank, Sector-1/S, New Panvel East, Panvel, Maharashtra 410206, India",,Panvel,Panvel,Maharashtra,410206,,4.6,7,"banquet_hall, event_venue, point_of_interest, establishment",18.9970367,73.11798999999999,localisy024066,ChIJRbq44ujp5zsRfl2nSiDkUN0,photos\localisy06103_1.jpg,,,,,Event Services,Banquet Halls,Old Panvel
Phoenix Banquet Hall,"Phoenix Banquet Hall, Vaishnavi Height Plot 97/98, Sector 8, New Panvel East, Panvel, Mumbai, Panvel, Maharashtra 410206, India",,Panvel,Panvel,Maharashtra,410206,8976202044,3.6,180,"banquet_hall, wedding_venue, event_venue, point_of_interest, service, establishment",19.006409400000003,73.121895,localisy024067,ChIJTxL5V7Tp5zsRc6shTYM0cPo,photos\localisy06106_1.jpg,,,,,Event Services,Banquet Halls,Old Panvel
Shree Panvel Lohana Mahajan Wadi,"Ravji Bhimji Rangpariya Marg, Mirchi Galli, Old Panvel, Panvel, Maharashtra 410206, India",,Panvel,Panvel,Maharashtra,410206,,4.1,63,"banquet_hall, event_venue, point_of_interest, establishment",18.9847943,73.1086151,localisy024068,ChIJERIKdRPo5zsRsRxh1A-Lx40,photos\localisy06109_1.jpg,,,,,Event Services,Banquet Halls,Old Panvel
Karnataka Sangha,"242C+955, Sector 2, New Panvel East, Panvel, Maharashtra 410206, India",,Panvel,Panvel,Maharashtra,410206,,4.1,576,"community_center, event_venue, point_of_interest, service, establishment",19.0008765,73.1204976,localisy024069,ChIJzeNg90To5zsRjOS3rosFXAs,photos\localisy06110_1.jpg,,,,,Event Services,Banquet Halls,Old Panvel
Aangan Banquets,"Adai Circle, Panvel Matheran Rd, near Cidco Garden, New Panvel East, Panvel, Palidevad, Navi Mumbai, Maharashtra 410206, India",,Panvel,Panvel,Maharashtra,410206,,4.6,18,"restaurant, food, point_of_interest, establishment",18.9994256,73.1275965,localisy024070,ChIJDait80Hp5zsRkrjSKchob0o,photos\localisy06111_1.jpg,,,,,Event Services,Banquet Halls,Old Panvel
milton banquet hall,"MTNL Rd, next to Ashapuri Housing Society, Old Panvel, Panvel, Maharashtra 410206, India",,Panvel,Panvel,Maharashtra,410206,,3.7,6,"banquet_hall, wedding_venue, event_venue, point_of_interest, service, establishment",18.9826124,73.1133182,localisy024071,ChIJXUtHzxPp5zsR-QlLRoaxzCk,photos\localisy06114_1.jpg,,,,,Event Services,Banquet Halls,Old Panvel
Maharaja Banquet Hall,"plot no 112, MHARAJA BANQUETS, 116 sector 1s, New, New Panvel East, Panvel, Maharashtra 410206, India",,Panvel,Panvel,Maharashtra,410206,9819859099,4.2,27,"banquet_hall, event_venue, point_of_interest, establishment",18.999717699999998,73.11685469999999,localisy024072,ChIJRxq1E8rp5zsRfmCOSLJk-5A,photos\localisy06116_1.jpg,,,,,Event Services,Banquet Halls,Old Panvel
Andhra Kala Samiti,"242C+C56, Sector 2, New Panvel East, Panvel, Maharashtra 410206, India",,Panvel,Panvel,Maharashtra,410206,8976242884,4,114,"community_center, event_venue, association_or_organization, point_of_interest, service, establishment",19.00103,73.1203946,localisy024073,ChIJuY-u-UTo5zsRwv-vcBWvggc,photos\localisy06122_1.jpg,,,,,Event Services,Banquet Halls,Old Panvel
Pruthvi Hall,"410206, New Panvel, New Panvel East, Panvel, Maharashtra 410206, India",,Panvel,Panvel,Maharashtra,410206,9819859099,3.3,164,"banquet_hall, event_venue, point_of_interest, establishment",18.9996703,73.1169567,localisy024074,ChIJFw_fH0To5zsRGhaD9agoe-I,photos\localisy06123_1.jpg,,,,,Event Services,Banquet Halls,Old Panvel
Jeshth Nagaric Sangh Hall,"X4R4+7M2, Old Panvel, Panvel, Maharashtra 410206, India",,Panvel,Panvel,Maharashtra,410206,,3.9,384,"event_venue, point_of_interest, service, establishment",18.9906263,73.10665469999999,localisy024075,ChIJ8Qi76xXo5zsRszAt587fV8s,photos\localisy06125_1.jpg,,,,,Event Services,Banquet Halls,Old Panvel
Starlight Eventz Banquet Hall,"Kartikya part 2 building, 2nd floor,1, Ab Wing, Panvel, Adai, Maharashtra 410206, India",,Panvel,Panvel,Maharashtra,410206,9769797024,5,1,"banquet_hall, event_venue, point_of_interest, establishment",19.0111727,73.126673,localisy024076,ChIJ24hcgM3p5zsR_fP_gx_lwqE,photos\localisy06129_1.jpg,,,,,Event Services,Banquet Halls,Old Panvel
Govind Chintamani,"Plot No. 57/ 4, Near Taluka Police Station, Panvel, Navi Mumbai - 410206, Nityanand Nagar, HOC Colony, Panvel, Maharashtra 410206, India",,Panvel,Panvel,Maharashtra,410206,,3.6,159,"apartment_building, wedding_venue, event_venue, point_of_interest, service, establishment",18.9944775,73.1075062,localisy024077,ChIJWcE_nRXo5zsRe5M5nCUevmY,photos\localisy06130_1.jpg,,,,,Event Services,Banquet Halls,Old Panvel
Vrinda Banquet hall,"JK Plaza, 105, MTNL Rd, Old Panvel, Panvel, Maharashtra 410206, India",,Panvel,Panvel,Maharashtra,410206,,5,1,"banquet_hall, event_venue, point_of_interest, establishment",18.9866818,73.1123242,localisy024078,ChIJhXt26jnp5zsRJWdbTmkdqOA,,,,,,Event Services,Banquet Halls,Old Panvel
Vaishya Samaaj Hall,"X4M5+V6F, Old Panvel, Panvel, Maharashtra 410206, India",,Panvel,Panvel,Maharashtra,410206,,3.6,39,"banquet_hall, event_venue, point_of_interest, establishment",18.9846804,73.1080437,localisy024079,ChIJe-xMnxPo5zsRABW7R9l21CI,photos\localisy06132_1.jpg,,,,,Event Services,Banquet Halls,Old Panvel
Spice Wadi,"Bhagat Wadi, near Rajiv Gandhi Maidan, Yamuna Kunj, Sector 11, New Panvel East, Panvel, Palidevad, Maharashtra 410206, India",,Panvel,Panvel,Maharashtra,410206,8801105105,4,1561,"indian_restaurant, restaurant, food, point_of_interest, establishment",18.9998666,73.12795299999999,localisy024080,ChIJmTEAah3p5zsRz4bHpZoMImg,photos\localisy06136_1.jpg,,,,,Event Services,Banquet Halls,Old Panvel
Annapurna Catering Services,"Office No - 608, Belmac Riverside Terra Olive, Block-14, MATESHWARI COMPLEX, Panvel, Akurli, Maharashtra 410206, India",,Panvel,Panvel,Maharashtra,410206,8850317620,5,38,"food, point_of_interest, establishment",19.0007047,73.143504,localisy024081,ChIJQxcyazLp5zsRF3_L7mrvnik,photos\localisy06152_1.jpg,,,,,Event Services,Caterers,Old Panvel
5 Star caterers,"Shop 9, indraprastha society, west, opposite SBI bank, Sector 10, Khanda Colony, Panvel, Maharashtra 410206, India",,Panvel,Panvel,Maharashtra,410206,,5,4,"point_of_interest, food, establishment",19.0058333,73.11204289999999,localisy024082,ChIJUbr8hKzp5zsRm1M9dqnLcsY,photos\localisy06191_1.jpg,,,,,Event Services,Caterers,Old Panvel
Sameer apartment old Panvel,"Wazi mohalla, Sameer apartment, Mahmood Miya Patel Rd, Old Panvel, Panvel, Maharashtra 410206, India",,Panvel,Panvel,Maharashtra,410206,,,,"catering_service, food_delivery, service, point_of_interest, food, establishment",18.9847084,73.1066542,localisy024083,ChIJD8adNwDp5zsREZ5BSJVX7ew,,,,,,Event Services,Caterers,Old Panvel
K Caterers,"Bhoomi Apartment, Sector 5, New Panvel East, Panvel, Maharashtra 410206, India",,Panvel,Panvel,Maharashtra,410206,,4.8,6,"catering_service, food_delivery, service, point_of_interest, food, establishment",19.0048882,73.11903339999999,localisy024084,ChIJW0RZNkfp5zsRJlADbVjTfQg,photos\localisy06195_1.jpg,,,,,Event Services,Caterers,Old Panvel
Creative Event's,"Om balaji chs, Sector 6, New Panvel East, Panvel, Maharashtra 410206, India",,Panvel,Panvel,Maharashtra,410206,7039496696,5,2,"point_of_interest, establishment",19.007924,73.11703399999999,localisy024085,ChIJi-6wBz7p5zsRxdF5xt96rnM,,,,,,Event Services,Tent & Catering Equipment Rental,Old Panvel
Panvel balloon them Decoration,"Karan sector 2, A Panvel, Panvel, Karanjade, Maharashtra 410206, India",,Panvel,Panvel,Maharashtra,410206,,,,"point_of_interest, service, establishment",18.9726395,73.1095328,localisy024086,ChIJu5oLMd7p5zsR6m7RxPMKlNU,photos\localisy06276_1.jpg,,,,,Event Services,Balloon Decorators,Old Panvel
Digital Invitations Maker – Wedding Invitation Videos in Navi Mumbai,"Sector 8, New Panvel East, Panvel, Maharashtra 410206, India",,Panvel,Panvel,Maharashtra,410206,8108962903,4.9,42,"point_of_interest, service, establishment",19.0042998,73.12180719999999,localisy024087,ChIJx5LsTEKbEwcRbf0JjAEm9AE,photos\localisy06283_1.jpg,,,,,Event Services,Invitation Card Printers,Old Panvel
Laxmi Printers Panvel,"SHOP 04, Nityanandkrupa Building, opp. jankalyan Bank, Devdhar WADA, Old Panvel, Panvel, Maharashtra 410206, India",,Panvel,Panvel,Maharashtra,410206,9819145597,,,"store, point_of_interest, manufacturer, service, establishment",18.9890909,73.1110624,localisy024088,ChIJ400mxe_p5zsRCAXnUyY_vN0,photos\localisy06298_1.jpg,,,,,Event Services,Invitation Card Printers,Old Panvel
Tech Masters,"Shop number 16, ground floor, Railway Station, Forest Colony, Panvel, Maharashtra 410206, India",,Panvel,Panvel,Maharashtra,410206,9820250935,5,582,"point_of_interest, service, establishment",18.989252200000003,73.1188687,localisy024089,ChIJu2deImrp5zsRJO62AAM8BYs,photos\localisy06299_1.jpg,,,,,Repair & Maintenance,Mobile Repair,Old Panvel
Krishna Mobile Centre,"Shop No.3, Shivaji Rd, near S.T. Stand, Line Ali, Old Panvel, Panvel, Maharashtra 410206, India",,Panvel,Panvel,Maharashtra,410206,8879179615,4.3,512,"cell_phone_store, store, point_of_interest, establishment",18.9902379,73.113592,localisy024090,ChIJQw8W8Gro5zsRnPZp792XOKs,photos\localisy06301_1.jpg,,,,,Repair & Maintenance,Mobile Repair,Old Panvel
MOBILE STATION (PANVEL),"shop no 7, shree ganesh krupa, plot no 126 3/4, near Orion Mall, opp. matoshree dhamke hospital, Old Panvel, Panvel, Maharashtra 410206, India",,Panvel,Panvel,Maharashtra,410206,,4.8,25,"cell_phone_store, store, point_of_interest, establishment",18.9927413,73.11463049999999,localisy024091,ChIJ6wA9ysXp5zsRdDMcJ9oOvmk,photos\localisy06302_1.jpg,,,,,Repair & Maintenance,Mobile Repair,Old Panvel
PhoneFix,"Shop 5, PhoneFix, Hari Niwas Building, opposite Boot House, Line Ali, Old Panvel, Panvel, Maharashtra 410206, India",,Panvel,Panvel,Maharashtra,410206,9004069803,5,16,"point_of_interest, service, establishment",18.9901601,73.1134323,localisy024092,ChIJ5UGUCO3p5zsRX-IhiVpfaBM,photos\localisy06308_1.jpg,,,,,Repair & Maintenance,Mobile Repair,Old Panvel
Welcome mobile Center,"Welcome Mobile Center, Shop No. 25, Shiva Complex, Ganesh market, Sector 12, New Panvel East, Panvel, Maharashtra 410206, India",,Panvel,Panvel,Maharashtra,410206,9920441574,4.9,128,"point_of_interest, service, establishment",18.9984425,73.1227366,localisy024093,ChIJtyj_qhvp5zsRoZwPL_3cOis,photos\localisy06309_1.jpg,,,,,Repair & Maintenance,Mobile Repair,Old Panvel
Ayan mobile repairing,"4, Karanjade, Panvel, Mumbai, Karanjade, Maharashtra 410206, India",,Panvel,Panvel,Maharashtra,410206,7718939333,5,56,"point_of_interest, service, establishment",18.9778655,73.1044915,localisy024094,ChIJFb0EPQDp5zsRs2wBzslL2hE,photos\localisy06314_1.jpg,,,,,Repair & Maintenance,Mobile Repair,Old Panvel
Impact Mobile,"Shop No 18, Yasho Narayan Building CHS, CHS, Station Rd, Forest Colony, Panvel, Mumbai, Panvel, Maharashtra 410206, India",,Panvel,Panvel,Maharashtra,410206,9769105992,5,55,"point_of_interest, service, establishment",18.989209100000004,73.1189038,localisy024095,ChIJX34qUgDp5zsR1GMdMo3TTf0,photos\localisy06316_1.jpg,,,,,Repair & Maintenance,Mobile Repair,Old Panvel
Cell phone Doctor,"Cell phone doctor, Pandurang krupa building, Station Rd, Forest Colony, Panvel, Navi Mumbai, Panvel, Maharashtra 410206, India",,Panvel,Panvel,Maharashtra,410206,,5,12,"service, point_of_interest, establishment",18.987974400000002,73.118614,localisy024096,ChIJdcyrR2no5zsRrPLVpiKoJbw,photos\localisy06322_1.jpg,,,,,Repair & Maintenance,Mobile Repair,Old Panvel
STAR MOBILE CENTER,"K mall, Shop No.4, yamuna complex, Takka Rd, near sai mandir, Old Panvel, Panvel, Maharashtra 410206, India",,Panvel,Panvel,Maharashtra,410206,7977667133,5,4,"service, point_of_interest, establishment",18.9880908,73.119107,localisy024097,ChIJs-H_X6Tp5zsRT7kSm3bDbGs,photos\localisy06323_1.jpg,,,,,Repair & Maintenance,Mobile Repair,Old Panvel
MobyMan- All Brand Mobile and Computer Service Center,"Store-1/5/6/7, Shah Arcade, Plot-150, opposite malabar jwellery under NKGSB BANK, MCCH Society, Panvel, Navi Mumbai, Panvel, Maharashtra 410206, India",,Panvel,Panvel,Maharashtra,410206,8850933975,4.5,113,"service, point_of_interest, establishment",18.987647,73.1136471,localisy024098,ChIJYbGpXGnp5zsRLp4KuvqEOMQ,photos\localisy06324_1.jpg,,,,,Repair & Maintenance,Mobile Repair,Old Panvel
SWARAJYA MOBILE AND ELECTRONICS,"deepdevash building, Plot no-30, karanjade, Karanjade, Panvel, Vadghar, Maharashtra 410206, India",,Panvel,Panvel,Maharashtra,410206,,5,91,"service, point_of_interest, establishment",18.9802051,73.0941993,localisy024099,ChIJoRLEBQDp5zsRmSkL8bdGol0,photos\localisy06325_1.jpg,,,,,Repair & Maintenance,Mobile Repair,Old Panvel
Durga mobile,"Shop No.113, Sai Arcade, Shivaji Rd, Line Ali, Old Panvel, Panvel, Maharashtra 410206, India",,Panvel,Panvel,Maharashtra,410206,7666777198,5,2,"service, point_of_interest, establishment",18.9920583,73.11459599999999,localisy024100,ChIJJQH5xPjp5zsRXMCBvBZ_8_M,photos\localisy06326_1.jpg,,,,,Repair & Maintenance,Mobile Repair,Old Panvel
Maharashtra Mobile Centre,"Shree Shaya Honesty, 198 Stall, PLOT NO.- 88, 2, Chhatrapati Shivaji Maharaj Chowk, Old Panvel, Panvel, Maharashtra 410206, India",,Panvel,Panvel,Maharashtra,410206,9702447051,5,1,"service, point_of_interest, establishment",18.987855,73.113407,localisy024101,ChIJr2yUuDHp5zsR39Rs1ZltWA0,photos\localisy06327_1.jpg,,,,,Repair & Maintenance,Mobile Repair,Old Panvel
iMegaMind Inc.,"Dev-Darshan CHS, Shop No.3, V.K, Highschool Road, HOC Colony, Panvel, Maharashtra 410206, India",,Panvel,Panvel,Maharashtra,410206,9892957110,4.9,188,"cell_phone_store, service, store, point_of_interest, establishment",18.991800599999998,73.11064929999999,localisy024102,ChIJnQR2BxXo5zsR4XFUyNwBEdg,photos\localisy06330_1.jpg,,,,,Repair & Maintenance,Mobile Repair,Old Panvel
Krishna Mobile Repairing Training Institute,"1, Old Panvel, Panvel, Mumbai, Panvel, Maharashtra 410206, India",,Panvel,Panvel,Maharashtra,410206,8779645828,4.6,5,"service, point_of_interest, establishment",18.9930275,73.11420679999999,localisy024103,ChIJD1tqLUDo5zsRpzJjYdnuiB0,photos\localisy06331_1.jpg,,,,,Repair & Maintenance,Mobile Repair,Old Panvel
Best Mobile Service,"Shop no 25 Shree Ganesh Market, Opp Shiva Complex Sect 12 New Panvel, Sector 19, New Panvel East, Panvel, Maharashtra 410206, India",,Panvel,Panvel,Maharashtra,410206,9930920684,4.3,3,"service, point_of_interest, establishment",18.997916,73.123013,localisy024104,ChIJARyFTEPo5zsRFg6bXC4w4Oc,photos\localisy06336_1.jpg,,,,,Repair & Maintenance,Mobile Repair,Old Panvel
TM Technology,"Shop no.103, Sai Arcade, Plot no.141, Shivaji Maharaj Road, nr. Church, Line Ali, Old Panvel, Panvel, Maharashtra 410206, India",,Panvel,Panvel,Maharashtra,410206,8108103943,4.3,101,"electronics_store, service, furniture_store, home_improvement_store, home_goods_store, store, point_of_interest, establishment",18.9920796,73.11487919999999,localisy024105,ChIJY_XzlEPo5zsRTIXqlfIV2Mg,photos\localisy06337_1.jpg,,,,,Repair & Maintenance,Mobile Repair,Old Panvel
"Mi, Poco,Xiomi AUTHORISED SERVICE CENTER (TRINETRA INFOTEL) PANVEL","Shop No 01, Tejaswini arcade, Takka Rd, beside Unity small finance bank, near new bharat petroleum, Sector 21, Old Panvel, Panvel, Maharashtra 410206, India",,Panvel,Panvel,Maharashtra,410206,,4.4,19,"point_of_interest, service, establishment",18.9869509,73.1198495,localisy024106,ChIJDW4N1h_p5zsRQR_FgzOjKAY,photos\localisy06340_1.jpg,,,,,Repair & Maintenance,Mobile Repair,Old Panvel
SURAJ MOBILE REPAIR AND HARDWARE,"Shop No 7, RAGHUKANTA APARTMENT, Chhatrapati Shivaji Maharaj Chowk, near SURUCHI HOTEL, MCCH Society, Panvel, Maharashtra 410206, India",,Panvel,Panvel,Maharashtra,410206,9833899472,5,1,"point_of_interest, service, establishment",18.987662699999998,73.11400309999999,localisy024107,ChIJ29aTGKfp5zsR_OuhvnlXfZU,,,,,,Repair & Maintenance,Mobile Repair,Old Panvel
Saif Mobile,"Shop No 4, near Gune Hospital, Old Panvel, Panvel, Maharashtra 410206, India",,Panvel,Panvel,Maharashtra,410206,9146219059,5,2,"point_of_interest, service, establishment",18.9906594,73.114769,localisy024108,ChIJoze6-jfp5zsR6YQAObUycGI,photos\localisy06343_1.jpg,,,,,Repair & Maintenance,Mobile Repair,Old Panvel
SHADOWTECH,"Shop number 1, CHS plot, Amit Apartment, 157, Shivaji Rd, Old Panvel, Panvel, Maharashtra 410206, India",,Panvel,Panvel,Maharashtra,410206,8850594365,5,2,"point_of_interest, service, establishment",18.9909841,73.1144941,localisy024109,ChIJs1JMmIfp5zsRTKs-gZkttBI,photos\localisy06348_1.jpg,,,,,Repair & Maintenance,Mobile Repair,Old Panvel
Authorised Samsung Service Center - Laxmi Connect,"Shop No G15, Ground Floor, Orion Mall, Plot No 311, Forest Colony, Panvel, Navi Mumbai, Panvel, Maharashtra 410206, India",,Panvel,Panvel,Maharashtra,410206,9152929898,4.2,33,"point_of_interest, service, establishment",18.99299,73.1158742,localisy024110,ChIJG-4nyAPp5zsRLgJgOIYxufI,,,,,,Repair & Maintenance,Mobile Repair,Old Panvel
OPPO | OnePlus Authorized Service Center - Panvel,"Shop No. 7/8/9, Ground floor, Neel Sai Ganga building, opposite Shree Sai Mandir, Forest Colony, Panvel, Maharashtra 410206, India",,Panvel,Panvel,Maharashtra,410206,8657492939,4.7,674,"point_of_interest, service, establishment",18.987865199999998,73.1184107,localisy024111,ChIJz9zThLe_5zsREoA3czVE2Vo,photos\localisy06352_1.jpg,,,,,Repair & Maintenance,Mobile Repair,Old Panvel
S.R mobile repair center,"Sukapur, bus stop, New, Panvel Matheran Rd, Sukapur, Panvel, Shilottar Raichur, Maharashtra 410206, India",,Panvel,Panvel,Maharashtra,410206,8080329256,,,"point_of_interest, service, establishment",19.0007073,73.13324209999999,localisy024112,ChIJT_RqBQDp5zsRwVfjLO9buyY,photos\localisy06357_1.jpg,,,,,Repair & Maintenance,Mobile Repair,Old Panvel
Tirupati Computers And Service Center,"shop no. 8-9, Sai Krupa Building Building, plot no. 3, Panvel Matheran Rd, Sector-1, New Panvel East, Panvel, Maharashtra 410206, India",,Panvel,Panvel,Maharashtra,410206,,4.9,270,"electronics_store, store, point_of_interest, establishment",18.9979963,73.1216855,localisy024113,ChIJnwkjGO_p5zsRsCquAHYFQ70,photos\localisy06363_1.jpg,,,,,Repair & Maintenance,Laptop Repair,Old Panvel
LAXMIPRASAD COMPUTER REPAIRS,"Ground Floor, Flat No. 002, Gavdevi Co-Operative Housing Society, Plot no. 83-84, Sector-9, New Panvel East, Panvel, Maharashtra 410206, India",,Panvel,Panvel,Maharashtra,410206,9930072240,4.9,445,"point_of_interest, service, establishment",19.0033445,73.123423,localisy024114,ChIJccqBEv3p5zsRufm1ydLq_n4,photos\localisy06364_1.jpg,,,,,Repair & Maintenance,Laptop Repair,Old Panvel
Bharat Computers panvel,"Shop no 22, alt Plot, Yasho Narayan Building, 403 A, Railway Station, near navnath mandir, Forest Colony, Panvel, Maharashtra 410206, India",,Panvel,Panvel,Maharashtra,410206,9326464186,4.7,1077,"electronics_store, furniture_store, home_improvement_store, home_goods_store, store, point_of_interest, service, establishment",18.9890431,73.1189739,localisy024115,ChIJkdsne2ro5zsRHdwFRNZd8IA,photos\localisy06367_1.jpg,,,,,Repair & Maintenance,Laptop Repair,Old Panvel
Shah Infotech,"payal chs, plot no 15 d, Railway Station, opp. Karnala Bank, opp. New Panvel, Sector 17, New Panvel East, Panvel, Maharashtra 410206, India",,Panvel,Panvel,Maharashtra,410206,9321133587,5,58,"point_of_interest, service, establishment",18.9927682,73.12218539999999,localisy024116,ChIJ3zBDaorp5zsR2m07CXBndm0,photos\localisy06368_1.jpg,,,,,Repair & Maintenance,Laptop Repair,Old Panvel
Computer World Sales & Services,"Governments COLONY Plot Number 5,, SECTOR 2, Vijay Marg Road, NEAR Bharat Gas, Apposite Udhita Wines,, Shabhari Hotel Line, New Panvel, Sector 2, New Panvel East, Panvel, Maharashtra 410206, India",,Panvel,Panvel,Maharashtra,410206,9167484499,4.4,74,"electronics_store, store, point_of_interest, establishment",18.9993031,73.1182146,localisy024117,ChIJkTl8GUTo5zsR-UkdJcesoQg,photos\localisy06374_1.jpg,,,,,Repair & Maintenance,Laptop Repair,Old Panvel
Laptop world,"Yashonarayn Apt , Shop no - 24 , plot no - 403A near Panvel Railway Station &, panvel S.T, Bus Depo, Forest Colony, Panvel, Maharashtra 410206, India",,Panvel,Panvel,Maharashtra,410206,8070876543,4.3,27,"point_of_interest, service, establishment",18.9890695,73.119034,localisy024118,ChIJVRMZdefp5zsRM6Cvbm7yJJc,photos\localisy06375_1.jpg,,,,,Repair & Maintenance,Laptop Repair,Old Panvel
Laptop Repairing Panvel,"Shop no 7, Shree Laxmi Apt, opp. Godrej Plaza, near DNS Bank, Old Panvel, Panvel, Maharashtra 410206, India",,Panvel,Panvel,Maharashtra,410206,9969207572,4,1,"point_of_interest, service, establishment",18.990318,73.1097417,localisy024119,ChIJ69-zb9jp5zsRRyqVOj8s_kE,photos\localisy06376_1.jpg,,,,,Repair & Maintenance,Laptop Repair,Old Panvel
"AK COMPUTERS - TOP RATED FOR LAPTOP, COMPUTERS, CCTV & IT PERIPHERALS","Shop No. 38, Sector 11, New Panvel East, Panvel, Maharashtra 410206, India",,Panvel,Panvel,Maharashtra,410206,9619559013,4.8,46,"supplier, point_of_interest, service, establishment",18.998927899999998,73.1222538,localisy024120,ChIJX8_Gix7p5zsRpQ9Dy6FrCd8,photos\localisy06378_1.jpg,,,,,Repair & Maintenance,Laptop Repair,Old Panvel
AARAV COMPUTERS - Computer/Laptop Repair Services,"Shop no 32, Shiva Complex, Plot No. 6, Sector 19, New Panvel East, Panvel, Maharashtra 410206, India",,Panvel,Panvel,Maharashtra,410206,9967781805,5,6,"point_of_interest, service, establishment",18.997657200000003,73.1226629,localisy024121,ChIJtbOha8Lp5zsRvinKmA0u_Z0,photos\localisy06387_1.jpg,,,,,Repair & Maintenance,Laptop Repair,Old Panvel
Sunrise computers & mobile solution,"Paashine BUILDING SHOP, NO 2 PLOT NO 11, SECTOR 19, Matheran Rd, near KOTAK ATM, Sector 19, New Panvel East, Panvel, Maharashtra 410206, India",,Panvel,Panvel,Maharashtra,410206,9833682245,3.2,114,"point_of_interest, service, establishment",18.997089799999998,73.1203159,localisy024122,ChIJHWmnckPo5zsRTRZC2aKmA7Y,photos\localisy06389_1.jpg,,,,,Repair & Maintenance,Laptop Repair,Old Panvel
VISHAL SALES,"Shop no 2 gr floor, middle class society, plot no 161, near Shivaji Road, Old Panvel, Panvel, Maharashtra 410206, India",,Panvel,Panvel,Maharashtra,410206,9833556288,4.8,32,"cell_phone_store, electronics_store, store, point_of_interest, service, establishment",18.9878699,73.1142839,localisy024123,ChIJweMpEGbp5zsR0s694_-LDIs,photos\localisy06393_1.jpg,,,,,Repair & Maintenance,Laptop Repair,Old Panvel
वर्चुअल सिस्टम्स,"Shop-1, Sector 4, aaditya Shankar chs, plot-31, near Sbi bank, Karanjade, Panvel, Mumbai, Navi Mumbai, Maharashtra 410206, India",,Panvel,Panvel,Maharashtra,410206,9920437879,4,30,"electronics_store, store, point_of_interest, service, establishment",18.9765434,73.1037254,localisy024124,ChIJX1zpO8HD5zsRTHhHlMM3Pv4,photos\localisy06398_1.jpg,,,,,Repair & Maintenance,Laptop Repair,Old Panvel
MAITRI COMPUTERS,"Indra Aaagan CHS, Office, No -22, Khanda Colony, Sector 9, Khanda Colony, Panvel, Maharashtra 410206, India",,Panvel,Panvel,Maharashtra,410206,9221006969,4.2,53,"point_of_interest, establishment",19.0066257,73.11206949999999,localisy024125,ChIJmQJ3zkno5zsRi5ik5NRlsb8,photos\localisy06400_1.jpg,,,,,Repair & Maintenance,Laptop Repair,Old Panvel
HP World - New Panvel East,"Shop No 4, Ground Floor, S, Neel Empress, next to HDFC Bank, Sector-1, New Panvel East, Panvel, Maharashtra 410206, India",,Panvel,Panvel,Maharashtra,410206,8657568767,4.3,428,"electronics_store, store, point_of_interest, establishment",18.9969675,73.11875549999999,localisy024126,ChIJ____e0Po5zsRLBbGyRmBCfk,photos\localisy06402_1.jpg,,,,,Repair & Maintenance,Laptop Repair,Old Panvel
Mahavir Computer,"Shop Number 5 Plot Number 2 Sonai Residency Sector 5 A Karanjade, Sector 5, Old Panvel, Mumbai, Karanjade, Maharashtra 410206, India",,Panvel,Panvel,Maharashtra,410206,9768683209,4.9,22,"service, store, point_of_interest, establishment",18.9752288,73.1083731,localisy024127,ChIJVS4FNdDp5zsRmgepVBHGE0I,photos\localisy06403_1.jpg,,,,,Repair & Maintenance,Laptop Repair,Old Panvel
High voltage technologies,"b, shop, vrindavan, 21, Khanda Colony, Sector-9, Greater Khanda, Panvel, Maharashtra 410206, India",,Panvel,Panvel,Maharashtra,410206,9967060678,4.9,59,"service, point_of_interest, establishment",19.0087722,73.1133309,localisy024128,ChIJ2TMvTUjo5zsRc8qrOaaJWCk,photos\localisy06404_1.jpg,,,,,Repair & Maintenance,Laptop Repair,Old Panvel
Four Factors IT Solutions,"Shop No.04, Ground Floor, CHS Plot No, National Complex, B-11/12, Sector 06, New Panvel East, Panvel, Maharashtra 410206, India",,Panvel,Panvel,Maharashtra,410206,,5,8,"service, point_of_interest, establishment",19.0081828,73.1161731,localisy024129,ChIJC9FTvFrp5zsRhuHhriKcu-Y,photos\localisy06405_1.jpg,,,,,Repair & Maintenance,Laptop Repair,Old Panvel
Ganadhish Computers,"Shop No 23, Hong Kong Arcade, Sector 19, New Panvel East, Panvel, Maharashtra 410206, India",,Panvel,Panvel,Maharashtra,410206,9224660366,4.6,11,"point_of_interest, establishment",18.9973319,73.12290109999999,localisy024130,ChIJ_____0To5zsRvCOi6achjpE,photos\localisy06407_1.jpg,,,,,Repair & Maintenance,Laptop Repair,Old Panvel
BTECH COMPUTERS SALES AND SERVICES,"Shop No. 7, Brahmaputra Building, Sector R4, Plot No. 93, Vadghar, Panvel, Vadghar, Maharashtra 410206, India",,Panvel,Panvel,Maharashtra,410206,7738219032,5,23,"electronics_store, store, point_of_interest, establishment",18.9846924,73.09589079999999,localisy024131,ChIJoeCKwv7p5zsRwMDkSHnVL_E,photos\localisy06409_1.jpg,,,,,Repair & Maintenance,Laptop Repair,Old Panvel
OM Computers Sales & Services,"Shree Shradha bldg, New, near to gopinath Munde Garden, Sector 9, Khanda Colony, Panvel, Maharashtra 410206, India",,Panvel,Panvel,Maharashtra,410206,9112265602,5,18,"electronics_store, manufacturer, service, furniture_store, home_improvement_store, home_goods_store, wholesaler, store, point_of_interest, establishment",19.007567899999998,73.11443249999999,localisy024132,ChIJ8xG4g0no5zsRlyKteYWgmgY,photos\localisy06412_1.jpg,,,,,Repair & Maintenance,Laptop Repair,Old Panvel
SimpleTech Computer Repair & IT Solutions,"A72/1, plot, 3, Rd Number 1, Sector 13, New Panvel East, Panvel, Maharashtra 410206, India",,Panvel,Panvel,Maharashtra,410206,,4.9,13,"service, point_of_interest, establishment",18.9972797,73.126922,localisy024133,ChIJnXndGbvp5zsRkkvCdpOdG50,photos\localisy06413_1.jpg,,,,,Repair & Maintenance,Laptop Repair,Old Panvel
Computer Service center,"Shop No. 114, Old Panvel, Panvel, Maharashtra 410206, India",,Panvel,Panvel,Maharashtra,410206,8898988530,3.5,6,"service, point_of_interest, establishment",18.992184299999998,73.1151328,localisy024134,ChIJ1R16Hbbp5zsRE_A-1ANygzE,photos\localisy06414_1.jpg,,,,,Repair & Maintenance,Laptop Repair,Old Panvel
B PRASAD & COMPANY,"Mayur Apartment, P 6-7/6, P-6, Sector 15, New Panvel East, Panvel, Maharashtra 410206, India",,Panvel,Panvel,Maharashtra,410206,7021714343,4.9,23,"service, point_of_interest, establishment",18.99041,73.12418079999999,localisy024135,ChIJfe3uR2fP5zsRexV1ny7Xg6I,photos\localisy06415_1.jpg,,,,,Repair & Maintenance,Laptop Repair,Old Panvel
Prime TV Solutions,"Shop No. 1, Vignesh Apartment, Plot No. 141, Sector 4, Karanjade, Navi Mumbai, Karanjade, Maharashtra 410206, India",,Panvel,Panvel,Maharashtra,410206,9987815766,5,6,"service, point_of_interest, establishment",18.9758826,73.1047492,localisy024136,ChIJmeCLHr_p5zsRO8D-qse_ADk,photos\localisy06431_1.jpg,,,,,Repair & Maintenance,TV Repair,Old Panvel
Maa vaishno electronics,"Shop no.2, Pandurang krupa, near Sai Mandir, Forest Colony, Panvel, Maharashtra 410206, India",,Panvel,Panvel,Maharashtra,410206,8349007084,4.7,31,"electronics_store, store, service, point_of_interest, establishment",18.9880347,73.1185563,localisy024137,ChIJK8hMMjfp5zsRIOZAWstXYzc,photos\localisy06444_1.jpg,,,,,Repair & Maintenance,TV Repair,Old Panvel
Advance Electronics,"Shop No.05, channel elegence CHS Takka, Station Rd, near King Electronics, Sector 21, Panvel, Maharashtra 410206, India",,Panvel,Panvel,Maharashtra,410206,9324005357,4,11,"service, point_of_interest, establishment",18.986419599999998,73.1198622,localisy024138,ChIJj7w93G7o5zsRIZUilLo3cB0,photos\localisy06448_1.jpg,,,,,Repair & Maintenance,TV Repair,Old Panvel
Prince Electronics,"Shop No.39, Sector 12, New Panvel East, Panvel, Maharashtra 410206, India",,Panvel,Panvel,Maharashtra,410206,9930387809,3.9,12,"telecommunications_service_provider, point_of_interest, service, establishment",18.9953461,73.1251499,localisy024139,ChIJD9RhqhPD5zsROSuLX98IV84,photos\localisy06466_1.jpg,,,,,Repair & Maintenance,TV Repair,Old Panvel
Goodluck Electronics and Electricals,"Shop No.3, Siddivinayak Apartment, Plot No.18, Sector 7, Khanda Colony, Panvel, Maharashtra 410206, India",,Panvel,Panvel,Maharashtra,410206,9920090629,2.8,10,"store, point_of_interest, service, establishment",19.0097566,73.1120299,localisy024140,ChIJjUg2G0ro5zsRXwYzKZ4GFb0,photos\localisy06469_1.jpg,,,,,Repair & Maintenance,TV Repair,Old Panvel
dthindia Tata Sky Dth Sales Service office Universal Enterprise (Tata Play),"Shop No. 6, Sai Shakti Apt, plot no 33, behind D Mart City, Sector 5, New Panvel East, Panvel, Maharashtra 410206, India",,Panvel,Panvel,Maharashtra,410206,9833453223,4.6,221,"point_of_interest, service, establishment",19.003947999999998,73.11810609999999,localisy024141,ChIJu-jifWLp5zsReSoiQmImz-s,photos\localisy06475_1.jpg,,,,,Repair & Maintenance,TV Repair,Old Panvel
D.K. ELECTRONICS,"Shop No 2, Sector No 19, Rd Number 11, Sector 19, New Panvel East, Panvel, Navi Mumbai, Panvel, Maharashtra 410206, India",,Panvel,Panvel,Maharashtra,410206,9322008531,3,2,"point_of_interest, service, establishment",18.996156199999998,73.1218675,localisy024142,ChIJI9ObN0Po5zsRKTCZX6ZxTqI,photos\localisy06476_1.jpg,,,,,Repair & Maintenance,TV Repair,Old Panvel
The Tv Fixers,"Motha Khanda, Greater Khanda, Panvel, Maharashtra 410206, India",,Panvel,Panvel,Maharashtra,410206,7461815723,,,"point_of_interest, service, establishment",19.008405099999997,73.10435369999999,localisy024143,ChIJ5YMVdMnp5zsRi4P1Yjjik3s,photos\localisy06478_1.jpg,,,,,Repair & Maintenance,TV Repair,Old Panvel
CHAVAN REFRIGERATION,"Shop No 5, Malewadi stop, Panvel Matheran Rd, opposite JALARAM SUPER MARKET, Sukapur, Shilottar Raichur, Maharashtra 410206, India",,Panvel,Panvel,Maharashtra,410206,,4.8,34,"electronics_store, store, point_of_interest, establishment",19.001195,73.1389634,localisy024144,ChIJOfe7aEPo5zsRAAAAcMoGvwk,photos\localisy06503_1.jpg,,,,,Repair & Maintenance,Refrigerator Repair,Old Panvel
Star Cooling Service Center,"Mumbai - Pune Expressway, Devad, Shivnagar, X4WM+7GX, New Panvel East, Panvel, Navi Mumbai, Devad, Maharashtra 410206, India",,Panvel,Panvel,Maharashtra,410206,9029974270,4.2,5,"service, point_of_interest, establishment",18.995738199999998,73.1338486,localisy024145,ChIJFybm1Avp5zsRO0kcthaa-8U,,,,,,Repair & Maintenance,Refrigerator Repair,Old Panvel
Sheetal Sales Service,"Shop No.8, Kisan Market, near DAV School, Sector 3, New Panvel East, Panvel, Maharashtra 410206, India",,Panvel,Panvel,Maharashtra,410206,,5,33,"auto_parts_store, car_repair, service, store, point_of_interest, establishment",19.0026379,73.12124899999999,localisy024146,ChIJD5M5EUXo5zsRDaVdyaxASzU,photos\localisy06583_1.jpg,,,,,Repair & Maintenance,Washing Machine Repair,Old Panvel
JAVED CUSHION WORK,"Shop no 15, jayeshta nagarik hall Thane naka road, opposite jagdamba hotel, Old Panvel, Panvel, Maharashtra 410206, India",,Panvel,Panvel,Maharashtra,410206,9821148200,5,2,"service, point_of_interest, establishment",18.990343499999998,73.10664059999999,localisy024147,ChIJhbbK0rTp5zsRFSG2YTwMmM0,photos\localisy06612_1.jpg,,,,,Repair & Maintenance,Furniture Repair,Old Panvel
Mahika Traders,"Shop No. 1, Kishor Gajanan Patil, Matheran Rd, near Balaji Symphony, Sukapur, Panvel, Shilottar Raichur, Maharashtra 410206, India",,Panvel,Panvel,Maharashtra,410206,8452031167,4.9,15,"furniture_store, manufacturer, service, home_improvement_store, home_goods_store, store, point_of_interest, establishment",19.0010846,73.1345628,localisy024148,ChIJd6PKvVjo5zsRInrDSOg8Vfc,photos\localisy06615_1.jpg,,,,,Repair & Maintenance,Furniture Repair,Old Panvel
R.J.Sharma Enterprises,"Amar Doors plot No 131 sector 1(s, 4100206, behind shabari Hotel Shabari Hotel, New Panvel East, Panvel, Maharashtra 410206, India",,Panvel,Panvel,Maharashtra,410206,9833016496,5,1,"manufacturer, service, furniture_store, home_improvement_store, home_goods_store, store, point_of_interest, establishment",18.9994419,73.1163132,localisy024149,ChIJ_9zU0OTP5zsR7fWWeSwJflc,photos\localisy06616_1.jpg,,,,,Repair & Maintenance,Furniture Repair,Old Panvel
M.K. SHARMA FURNITURE,"Shop No 3, Plot No 56, Gayatri Pairadise, Sector 3, Karanjade, Panvel, Karanjade, Maharashtra 410206, India",,Panvel,Panvel,Maharashtra,410206,9820825164,5,1,"manufacturer, service, point_of_interest, establishment",18.9770479,73.1010928,localisy024150,ChIJl78sM-_p5zsR0990VwNJ0So,,,,,,Repair & Maintenance,Furniture Repair,Old Panvel
MS MODULAR KITCHEN,"VINAYAK SOLITARE, SHOP NO.05, PLOT NO.53, SECTOR 03, opposite RELIANCE SMART, Karanjade, Panvel, Karanjade, Maharashtra 410206, India",,Panvel,Panvel,Maharashtra,410206,9024480015,4.6,10,"point_of_interest, manufacturer, service, establishment",18.976732100000003,73.10131559999999,localisy024151,ChIJ5UFoOCzp5zsRcZoW56gjEsA,photos\localisy06640_1.jpg,,,,,Repair & Maintenance,Furniture Repair,Old Panvel
MANGO BLOSSOM BY VSCART INDIA PRIVATE LIMITED,"303, Pushpsargam, Ganga builders and developers, 4/6, near Road Number 1, opp. shreyash hospital, Sector 19, New Panvel East, Panvel, Maharashtra 410206, India",,Panvel,Panvel,Maharashtra,410206,9619423667,4.7,14,"general_contractor, supplier, wholesaler, store, point_of_interest, manufacturer, service, establishment",18.995431099999998,73.12008,localisy024152,ChIJA10YbQfp5zsRzo3McyrcAxA,photos\localisy06648_1.jpg,,,,,Repair & Maintenance,Furniture Repair,Old Panvel
Metro Watch Centre Sales & Services,"X4WF+X34 Panvel Matheran Rd,SC Road near Vijaya Bank - New Panvel Branch, Rd Number 16, Sector 19, New Panvel East, Panvel, Navi Mumbai, Panvel, Maharashtra 410206, India",,Panvel,Panvel,Maharashtra,410206,,4.7,15,"service, store, point_of_interest, establishment",18.9974398,73.12272209999999,localisy024153,ChIJ1U9ANkPo5zsRGnOxcFkp7eU,photos\localisy06663_1.jpg,,,,,Repair & Maintenance,Watch Repair,Old Panvel
Talwalkar Time,"Shree Laxmi Society, Lokmanya Tilak Road, Manek Nagar, Old Panvel, Panvel, Maharashtra 410206, India",,Panvel,Panvel,Maharashtra,410206,9969129159,4.3,7,"service, point_of_interest, establishment",18.9906062,73.109223,localisy024154,ChIJjbARbRXo5zsRcWaVcN8hDj8,photos\localisy06665_1.jpg,,,,,Repair & Maintenance,Watch Repair,Old Panvel
Best Watch Service,"Sri Ganesh Market, Shop No 33, Shiva Complex, Sector 12, New Panvel East, Panvel, Maharashtra 410206, India",,Panvel,Panvel,Maharashtra,410206,8369641265,4.3,3,"service, store, point_of_interest, establishment",19.0009396,73.122929,localisy024155,ChIJid75P-7p5zsRUAyjJyFHvMs,photos\localisy06666_1.jpg,,,,,Repair & Maintenance,Watch Repair,Old Panvel
Maharashtra Watch Company,"5A/198,Honesty House Vasudev Balavant Phadke Road, near shivaji square, Old Panvel, Panvel, Maharashtra 410206, India",,Panvel,Panvel,Maharashtra,410206,7021752250,4.1,44,"service, store, point_of_interest, establishment",18.9878917,73.1127539,localisy024156,ChIJRVR9ciHP5zsR0R_qZSMUfkY,photos\localisy06670_1.jpg,,,,,Repair & Maintenance,Watch Repair,Old Panvel
Shree Ganesh Watch,"1, Tapal Naka, Mominpada, Old Panvel, Panvel, Maharashtra 410206, India",,Panvel,Panvel,Maharashtra,410206,8369420042,5,8,"service, store, point_of_interest, establishment",18.9838609,73.1094794,localisy024157,ChIJ1Y_YRhPo5zsRBT_OHLyYFIw,photos\localisy06671_1.jpg,,,,,Repair & Maintenance,Watch Repair,Old Panvel
"Helios Watch Store - Orion Mall, Navi Mumbai","Ground Floor, Orion Mall, beside St Stand, East, Panvel, Maharashtra 410206, India",,Panvel,Panvel,Maharashtra,410206,8062703335,4.9,43,"service, store, point_of_interest, establishment",18.9933413,73.11563149999999,localisy024158,ChIJ-cTI0CXp5zsRqW_rOmdUuzk,photos\localisy06673_1.jpg,,,,,Repair & Maintenance,Watch Repair,Old Panvel
MF WATCH REPEAIRING CENTRE SALES & SERVICE,"Sector 11, New Panvel East, Panvel, Maharashtra 410206, India",,Panvel,Panvel,Maharashtra,410206,9819098875,,,"service, store, point_of_interest, establishment",18.999029,73.1233402,localisy024159,ChIJi_KyLgDp5zsRGslfA8CGkr0,photos\localisy06675_1.jpg,,,,,Repair & Maintenance,Watch Repair,Old Panvel
Just Watches by Timex Group,"No C1658, Shop No 3, Gr, Orion Mall, near ST Stand, Forest Colony, Panvel, Navi Mumbai, Panvel, Maharashtra 410206, India",,Panvel,Panvel,Maharashtra,410206,7506070498,3.7,30,"manufacturer, service, store, point_of_interest, establishment",18.99299,73.1158742,localisy024160,ChIJsQ-3wkHo5zsRO2FLwdGczaU,photos\localisy06676_1.jpg,,,,,Repair & Maintenance,Watch Repair,Old Panvel
Titan World,"Plot No 128, Shop No 4, Shree Sukhakarta, near Tanishq Jewellery, MCCH Society, Panvel, Maharashtra 410206, India",,Panvel,Panvel,Maharashtra,410206,8062914485,4.7,2898,"manufacturer, service, store, point_of_interest, establishment",18.9867506,73.1126787,localisy024161,ChIJ7aTSMXrO5zsRGf9sfB432FY,photos\localisy06678_1.jpg,,,,,Repair & Maintenance,Watch Repair,Old Panvel
Watch Avenue By Altamash,"X4VC+5RW, Sector 17, New Panvel East, Panvel, Maharashtra 410206, India",,Panvel,Panvel,Maharashtra,410206,,5,5,"store, service, point_of_interest, establishment",18.9929983,73.1220711,localisy024162,ChIJux-cOQDp5zsRwsQZ-3DW6PQ,photos\localisy06684_1.jpg,,,,,Repair & Maintenance,Watch Repair,Old Panvel
Mamta Nx,"Shop No 6, Old Panvel, Panvel, Maharashtra 410206, India",,Panvel,Panvel,Maharashtra,410206,7977770774,4.7,6,"store, service, point_of_interest, establishment",18.9859667,73.1102204,localisy024163,ChIJu54p15fp5zsRaUJ1JOK3Qe4,photos\localisy06685_1.jpg,,,,,Repair & Maintenance,Watch Repair,Old Panvel
"Fastrack store - Mumbai Pune Highway, Mumbai","F01B,1st Floor, Orion Mall, Bus Depot, Forest Colony, Panvel, Mumbai, Panvel, Maharashtra 410206, India",,Panvel,Panvel,Maharashtra,410206,9321879404,4.7,1066,"clothing_store, store, service, point_of_interest, establishment",18.993471,73.1158176,localisy024164,ChIJp4F_gcnp5zsRklNy9KmDJII,photos\localisy06691_1.jpg,,,,,Repair & Maintenance,Watch Repair,Old Panvel
"Apple Oasis – Apple iPhone, MacBook & iPad Service Center Panvel","Shop no14, shree surya kiran Chs, plot no5, opp. Gurudwara Road, Sector 5, New Panvel East, Panvel, Maharashtra 410206, India",,Panvel,Panvel,Maharashtra,410206,8180818072,4.9,194,"cell_phone_store, store, service, point_of_interest, establishment",19.0056019,73.11788059999999,localisy024165,ChIJl5ow70Tp5zsRkXzA2IrvAzk,photos\localisy06692_1.jpg,,,,,Repair & Maintenance,Watch Repair,Old Panvel
Padyatri,"Ajinkya building, Shop no 4,5,6, Shivaji chowk, Hirve Guruji marg, Old, Panvel, Maharashtra 410206, India",,Panvel,Panvel,Maharashtra,410206,,4.8,11,"shoe_store, store, point_of_interest, establishment",18.9883882,73.1123078,localisy024166,ChIJQZZBDQDp5zsRPY4rJFCfUX8,photos\localisy06709_1.jpg,,,,,Repair & Maintenance,Shoe Repair,Old Panvel
TATA AIG GENERAL INSURANCE COMANY LTD.,"Office No.209,2nd floor,Neelkanth Landmark Behind Orion Mall, Old Panvel, Panvel, Maharashtra 410206, India",,Panvel,Panvel,Maharashtra,410206,,3,6,"corporate_office, point_of_interest, establishment",18.994568299999997,73.11624259999999,localisy024167,ChIJp-Nn1Svp5zsR_qsznooE2h0,,,,,,Financial Services,Insurance,Old Panvel
IndusInd Nippon Life Insurance,"114 to 116 1st Floor NEELKANTH LANDMARK, old panvel, Panvel RAIGARH behind Orion mall, above, Fedex, Forest Colony, Panvel, Maharashtra 410206, India",,Panvel,Panvel,Maharashtra,410206,,3.7,31,"insurance_agency, service, point_of_interest, establishment",18.9944995,73.11609039999999,localisy024168,ChIJ1RnblkHo5zsR8JWpKAZsdsE,photos\localisy06733_1.jpg,,,,,Financial Services,Insurance,Old Panvel
Bajaj Allianz life insurance,"Neelkanth Landmark, behind Orion Mall, Forest Colony, Panvel, Maharashtra 410206, India",,Panvel,Panvel,Maharashtra,410206,8652210248,4.6,62,"consultant, finance, service, point_of_interest, establishment",18.99299,73.1158742,localisy024169,ChIJ8V-ZiSzp5zsRHwSOJuYKzAM,photos\localisy06737_1.jpg,,,,,Financial Services,Insurance,Old Panvel
Niva Bupa Health Insurance Company Limited,"No 118, 1st Floor, Neelkanth Landmark, ST Bus Depot, behind Orion Mall, Forest Colony, Panvel, Maharashtra 410206, India",,Panvel,Panvel,Maharashtra,410206,,3.1,32,"insurance_agency, service, health, point_of_interest, establishment",18.990747300000002,73.1166968,localisy024170,ChIJ6ymNpeHp5zsRQJHdX1ktwYM,photos\localisy06739_1.jpg,,,,,Financial Services,Insurance,Old Panvel
Kotak Life Insurance,"Unit No.1 to 4, 1st Floor, Sector No. 15A, Melody Tower, Plot No.19, Station Rd, Sector 15A, New Panvel East, Panvel, Mumbai, Panvel, Maharashtra 410206, India",,Panvel,Panvel,Maharashtra,410206,8828018619,3.7,58,"insurance_agency, service, point_of_interest, establishment",18.9915008,73.12450129999999,localisy024171,ChIJa5sfV0jo5zsRKzOqnAJon5U,photos\localisy06745_1.jpg,,,,,Financial Services,Insurance,Old Panvel
Aditya Birla Sun Life Insurance,"1st Floor, Bus Depot, 103 to 105, Uran Rd, opp. Panvel, Old Panvel, Panvel, Maharashtra 410206, India",,Panvel,Panvel,Maharashtra,410206,,,,"insurance_agency, consultant, finance, service, point_of_interest, establishment",18.9894826,73.1155114,localisy024172,ChIJT154XOnp5zsRbDr8SUlX9pA,photos\localisy06746_1.jpg,,,,,Financial Services,Insurance,Old Panvel
Aditya Birla Health Insurance Co. Limited,"2nd Floor, Office No.- 202, 203, 204, 205, 206 & 215, Munoth Empress, F. P. 189, behind Dr. Babasaheb Ambedkar Statue, Old Panvel, Panvel, Navi Mumbai, Panvel, Maharashtra 410206, India",,Panvel,Panvel,Maharashtra,410206,,,,"insurance_agency, consultant, finance, service, health, point_of_interest, establishment",18.9896101,73.1152572,localisy024173,ChIJbUGWk3Pp5zsRs5BTBqOKyHY,photos\localisy06747_1.jpg,,,,,Financial Services,Insurance,Old Panvel
ESIC DCBO Panvel office,"Shop No. 7,8Dudhe Vitewari, Sector 3A, Karanjade, Panvel, Karanjade, Maharashtra 410206, India",,Panvel,Panvel,Maharashtra,410206,,3.2,43,"government_office, point_of_interest, establishment",18.9814343,73.10313459999999,localisy024174,ChIJtRrzoHnp5zsRLHMJ2STpJhE,photos\localisy06754_1.jpg,,,,,Financial Services,Insurance,Old Panvel
Arthik Icchaa Purti,"Office no. 1, Shiv Complex, Swami Nityanand Rd, opp. Panvel Municipal Corporation, near Gokhale Hall, Old Panvel, Panvel, Navi Mumbai, Panvel, Maharashtra 410206, India",,Panvel,Panvel,Maharashtra,410206,9967857912,4.9,27,"insurance_agency, finance, point_of_interest, service, establishment",18.9890315,73.1087072,localisy024175,ChIJ8_s3mlrp5zsRap_qZxir0Q0,,,,,,Financial Services,Insurance,Old Panvel
Stocktick Capital,"Office no 303, 3rd Floor, Neel Solitaire, opp. Laxmi Narayan Mandir, near Shivaji Road, Old Panvel, Panvel, Maharashtra 410206, India",,Panvel,Panvel,Maharashtra,410206,8828306812,5,384,"insurance_agency, consultant, finance, point_of_interest, service, establishment",18.9887877,73.1121951,localisy024176,ChIJQ22m2EXB5zsRqaZK1ie43i4,photos\localisy06763_1.jpg,,,,,Financial Services,Insurance,Old Panvel
Shriram Finance Limited,"Neel Angan Building, No. 29/002, SC Rd, opp. Baby Steps, Sector 19, New Panvel East, Panvel, Maharashtra 410206, India",,Panvel,Panvel,Maharashtra,410206,,4.3,19,"bank, insurance_agency, finance, point_of_interest, service, establishment",18.9978046,73.12197770000002,localisy024177,ChIJz3rbKbjp5zsRRIzV8MQZZSY,photos\localisy06766_1.jpg,,,,,Financial Services,Insurance,Old Panvel
Aditya Birla Sun Life Mutual Fund,"2nd Floor, Munoth Empress, No. 202-206/215, Uran Rd, Old Panvel, Panvel, Navi Mumbai, Panvel, Maharashtra 410206, India",,Panvel,Panvel,Maharashtra,410206,,,,"finance, consultant, point_of_interest, service, establishment",18.9897481,73.1153072,localisy024178,ChIJ9ynCKozp5zsRE2TglgVORN4,photos\localisy06777_1.jpg,,,,,Financial Services,Mutual Funds,Old Panvel
Motilal Oswal Financial Services Limited,"No 503, 5th Flr, Neelkanth Landmark, Plot 365/1 & 2A/BH, near Orion Mall, Forest Colony, Panvel, Navi Mumbai, Panvel, Maharashtra 410206, India",,Panvel,Panvel,Maharashtra,410206,9535978799,2.9,8,"finance, consultant, point_of_interest, service, establishment",18.99299,73.1158742,localisy024179,ChIJq9tp5d_p5zsR_33RXXLanGs,photos\localisy06785_1.jpg,,,,,Financial Services,Mutual Funds,Old Panvel
Mirae Asset Sharekhan - Authorised Partner,"Flat No 204, Gupte Wada, near Old Prant Office, Old Panvel, Panvel, Navi Mumbai, Panvel, Maharashtra 410206, India",,Panvel,Panvel,Maharashtra,410206,8064171664,,,"finance, point_of_interest, establishment",18.9905462,73.11469970000002,localisy024180,ChIJoegaT1S55zsRsxjQiro7P-8,photos\localisy06793_1.jpg,,,,,Financial Services,Mutual Funds,Old Panvel
PL Capital - Prabhudas Lilladher,"Shop No 1,Ground Flr, Anandi Chs Society, Tilak Rd, near Mauli Apartment, Manek Nagar, Old Panvel, Panvel, Maharashtra 410206, India",,Panvel,Panvel,Maharashtra,410206,8657589812,,,"insurance_agency, consultant, finance, point_of_interest, service, establishment",18.9907018,73.1086579,localisy024181,ChIJuW05xCPp5zsRoPlJ0vh8XNk,photos\localisy06797_1.jpg,,,,,Financial Services,Mutual Funds,Old Panvel
Angel One Ltd. - Rajiv Ranjan,"Flat No 2, Shiv Shakti CHS, Plot No 14, near Anand Clinic, Sector 3, New Panvel East, Panvel, Navi Mumbai, Panvel, Maharashtra 410206, India",,Panvel,Panvel,Maharashtra,410206,8037603368,5,6,"consultant, finance, point_of_interest, service, establishment",19.0025118,73.1209884,localisy024182,ChIJa7mbMxDp5zsRFTzPjOJBK-s,photos\localisy06799_1.jpg,,,,,Financial Services,Mutual Funds,Old Panvel
Claravest Technologies Private Limited,"87, MCCH Society St, Old Panvel, Panvel, Mumbai, Panvel, Maharashtra 410206, India",,Panvel,Panvel,Maharashtra,410206,8591362783,5,2,"point_of_interest, establishment",18.9852416,73.1144613,localisy024183,ChIJfS6pimzo5zsRzz4qQd14aCo,,,,,,Financial Services,Mutual Funds,Old Panvel
Prudent Asset India Pvt Ltd,"Office No. 3, Ground Floor, Citi Avenue, Vijay Rd, near Shabri Hotel, New Panvel East, Panvel, Maharashtra 410206, India",,Panvel,Panvel,Maharashtra,410206,7796868684,,,"consultant, finance, point_of_interest, service, establishment",18.9995938,73.1178071,localisy024184,ChIJ5xoyyNPp5zsReRUeNcXGGmo,,,,,,Financial Services,Mutual Funds,Old Panvel
Mirae Asset Sharekhan - Authorised Partner,"Plot No 103/104, Sector 3, Sector 08, Panvel, Navi Mumbai, Panvel, Maharashtra 410206, India",,Panvel,Panvel,Maharashtra,410206,8062646184,1,1,"finance, point_of_interest, consultant, service, establishment",19.0014117,73.1178048,localisy024185,ChIJixcz00Xo5zsRQZePP2ZOCQ4,photos\localisy06819_1.jpg,,,,,Financial Services,Mutual Funds,Old Panvel
Standard Chartered Consultancy,"Kusum Sadan, Shop No.2, Pardeshi Ali, near Veer Sawarkar Chowk, Manek Nagar, HOC Colony, Panvel, Maharashtra 410206, India",,Panvel,Panvel,Maharashtra,410206,7796262753,4.9,23,"finance, point_of_interest, consultant, service, establishment",18.9917417,73.10930239999999,localisy024186,ChIJ364JxVzp5zsRch72CxW6GIQ,photos\localisy06824_1.jpg,,,,,Financial Services,Mutual Funds,Old Panvel
Sakhare Investments,"B-004, Gr Fl, Gods Grace, Plot 19, Sector 16, New Panvel East, Panvel, Maharashtra 410206, India",,Panvel,Panvel,Maharashtra,410206,9076052181,,,"insurance_agency, finance, health, point_of_interest, consultant, service, establishment",18.988791,73.128001,localisy024187,ChIJzw7_XH_p5zsRZUsirbDzxmM,photos\localisy06825_1.jpg,,,,,Financial Services,Mutual Funds,Old Panvel
MKA Financial Services,"001, Kartik Dreamland CHS, Plot no.189/190, Sector 4, New Panvel East, Panvel, Maharashtra 410206, India",,Panvel,Panvel,Maharashtra,410206,7045956471,5,10,"accounting, finance, consultant, point_of_interest, service, establishment",19.0036612,73.1202536,localisy024188,ChIJidc5aXTp5zsRCO_h9M6lbMw,photos\localisy06838_1.jpg,,,,,Financial Services,Investment Advisors,Old Panvel
INFINLO Financial Services,"office no. 102, first Floor, Tejaswini arcade, Plot No.413/2, Takka Rd, behind K Mall, Sector 21, Panvel, Maharashtra 410206, India",,Panvel,Panvel,Maharashtra,410206,9136622199,4.6,11,"consultant, finance, point_of_interest, service, establishment",18.9869284,73.1198738,localisy024189,ChIJve4_AmHp5zsR-gwgYlMVXPQ,photos\localisy06847_1.jpg,,,,,Financial Services,Investment Advisors,Old Panvel
Patel Trading Company,"MG Rd, Old Panvel, Panvel, Maharashtra 410206, India",,Panvel,Panvel,Maharashtra,410206,,,,"consultant, finance, point_of_interest, service, establishment",18.9870734,73.1071807,localisy024190,ChIJUUAqexTo5zsRdpGoDvH9roM,photos\localisy06849_1.jpg,,,,,Financial Services,Investment Advisors,Old Panvel
B.B. Banthia Finance,"Banthia Finance Pvt Ltd, B B, MG Rd, near Tapal Naka, Old Panvel, Panvel, Maharashtra 410206, India",,Panvel,Panvel,Maharashtra,410206,,4.9,675,"consultant, finance, point_of_interest, service, establishment",18.985791499999998,73.1091998,localisy024191,ChIJAdZZhb_p5zsRyARxkJTVPKs,photos\localisy06850_1.jpg,,,,,Financial Services,Investment Advisors,Old Panvel
Motilal Oswal Financial Services Limited,"Shop No 50, Sparsh Academy National Paradise Society, Takka Rd, beside IDBI ATM, Old Panvel, Panvel, Maharashtra 410206, India",,Panvel,Panvel,Maharashtra,410206,9731074016,,,"consultant, finance, point_of_interest, service, establishment",18.980065,73.1172601,localisy024192,ChIJv7Xgtb7p5zsRsODY-H7B-8c,photos\localisy06855_1.jpg,,,,,Financial Services,Investment Advisors,Old Panvel
Piramal Finance Limited,"Piramal Finance Limited, Shop No-1 to 5, Melody Tower, opp. Panvel Railway Station, Sector 15A, New Panvel East, Panvel, Maharashtra 410206, India",,Panvel,Panvel,Maharashtra,410206,,4.9,198,"consultant, finance, point_of_interest, service, establishment",18.990873999999998,73.1244955,localisy024193,ChIJHb2f9_zp5zsRIGxcklShrVU,photos\localisy06861_1.jpg,,,,,Financial Services,Investment Advisors,Old Panvel
FUNDING CARE,"Shop No, 001, Old Panvel, Panvel, Maharashtra 410206, India",,Panvel,Panvel,Maharashtra,410206,7977008838,5,6,"consultant, finance, point_of_interest, service, establishment",18.9892057,73.1157715,localisy024194,ChIJv6baqIXp5zsRp3-vemA_cMQ,photos\localisy06862_1.jpg,,,,,Financial Services,Investment Advisors,Old Panvel
Kartik Agarwal & Associates LLP Chartered Accountant (CA),"Room 01, Kartik dreamland CHS, Plot No. 189/190, Sector 4, New Panvel East, Panvel, Maharashtra 410206, India",,Panvel,Panvel,Maharashtra,410206,9029421074,4.9,183,"accounting, consultant, finance, point_of_interest, service, establishment",19.0037651,73.1201581,localisy024195,ChIJj7yigkXo5zsRbWWqSuZll-s,photos\localisy06866_1.jpg,,,,,Financial Services,Investment Advisors,Old Panvel
Panvelkars Kajari Finance Pvt. Ltd.,"831/5,5 Panvelkars, Kajari Finance Pvt. Ltd, Forest Colony, Panvel, Maharashtra 410206, India",,Panvel,Panvel,Maharashtra,410206,9702929025,5,1,"consultant, finance, point_of_interest, service, establishment",18.9893751,73.117603,localisy024196,ChIJ0-9eXADp5zsRecLHX_zGPmA,,,,,,Financial Services,Investment Advisors,Old Panvel
InfiTax Accounting Services LLP,"Office No. 1, KVK Xenia, Plot No. 53, Sector 4, Karanjade, Panvel, Karanjade, Maharashtra 410206, India",,Panvel,Panvel,Maharashtra,410206,9819746501,4.8,30,"accounting, consultant, finance, point_of_interest, service, establishment",18.976933,73.1057261,localisy024197,ChIJFZ5qEbvp5zsRhJjbumJwl14,photos\localisy06873_1.jpg,,,,,Financial Services,Investment Advisors,Old Panvel
N D Savla & Associates Chartered Accountant Panvel,"New, Shop no 7, Sector 17, Khandeshwar, Panvel, Maharashtra 410206, India",,Panvel,Panvel,Maharashtra,410206,,4.9,332,"lawyer, accounting, consultant, finance, point_of_interest, service, establishment",19.0082527,73.1062546,localisy024198,ChIJ47E1nlfp5zsR8mNqyhMjLr4,photos\localisy06874_1.jpg,,,,,Financial Services,Investment Advisors,Old Panvel
Cholamandalam Investment and Finance Company Limited,"Nilkanth Landmark, No.206 &207, Mumbai - Pune Expy, behind Orion Mall, Forest Colony, Panvel, Maharashtra 410206, India",,Panvel,Panvel,Maharashtra,410206,8044465086,4.5,28,"consultant, finance, point_of_interest, service, establishment",18.9946608,73.1166563,localisy024199,ChIJKaUUOdzp5zsRHg7YHH9jOWY,photos\localisy06875_1.jpg,,,,,Financial Services,Investment Advisors,Old Panvel
Hiranandani Financial Services,"Shop No 208, 2nd Floor, PLOT NO.- 88, 365/1, Mumbai - Pune Expy, behind Orion Mall, Panvel Co-op Housing Society, Old Panvel, Panvel, Maharashtra 410206, India",,Panvel,Panvel,Maharashtra,410206,,2.5,2,"finance, point_of_interest, establishment",18.9911572,73.1051548,localisy024200,ChIJtVRS1dXp5zsRMBMPt6eM3vY,photos\localisy06877_1.jpg,,,,,Financial Services,Investment Advisors,Old Panvel
GAPC & Co.,"Office No 109, 1st Floor, CHS, Plot No 7, Rd Number 18, Sector-1, New Panvel East, Panvel, Maharashtra 410206, India",,Panvel,Panvel,Maharashtra,410206,8652528231,4.9,59,"local_government_office, accounting, consultant, government_office, finance, point_of_interest, service, establishment",18.998927899999998,73.1222538,localisy024201,ChIJw9wj29Lp5zsRP25X_OjefQo,photos\localisy06879_1.jpg,,,,,Financial Services,Investment Advisors,Old Panvel
J K KALAL & ASSOCIATES CHARTERED ACCOUNTANT (C A),"Keshav complex, Middle class society, B 007, near Dattnath Mandir, MCCH Society, Panvel, Maharashtra 410206, India",,Panvel,Panvel,Maharashtra,410206,9828302191,5,122,"accounting, consultant, finance, point_of_interest, service, establishment",18.9840748,73.1155848,localisy024202,ChIJk-nlEY_p5zsREqB8LKUZN80,photos\localisy06883_1.jpg,,,,,Financial Services,Investment Advisors,Old Panvel
Muthoot Pappachan Chits India Pvt Ltd,"Ground Floor of, Balaji Shrushti CHS, RH 1 & RH 2, SC Rd, Sector 19, New Panvel East, Panvel, Maharashtra 410206, India",,Panvel,Panvel,Maharashtra,410206,8891455188,5,3,"consultant, finance, point_of_interest, service, establishment",18.9966382,73.1193818,localisy024203,ChIJ6wmaEFvp5zsRb_S3Tc6Okzk,photos\localisy06884_1.jpg,,,,,Financial Services,Investment Advisors,Old Panvel
Finsieger Pvt Ltd,"2nd floor, Rajas bunglow, opposite Pandurang Krupa, near Vrindavan lodge, Line Ali, Old Panvel, Panvel, Maharashtra 410206, India",,Panvel,Panvel,Maharashtra,410206,9870942210,4.8,9,"educational_institution, point_of_interest, establishment",18.9919376,73.11396839999999,localisy024204,ChIJ7WcKEjLo5zsRDqVQtjIibNY,photos\localisy06892_1.jpg,,,,,Financial Services,Stock Brokers,Old Panvel
Angel Broking,"1st Floor, Prabhu Ali, Plot No 1346/b/1, Tilak Rd, near Shah Plaza, Old Panvel, Panvel, Maharashtra 410206, India",,Panvel,Panvel,Maharashtra,410206,,,,"finance, point_of_interest, establishment",18.9892963,73.1113694,localisy024205,ChIJCxFO1Wro5zsRMZZVQxdn4ZE,,,,,,Financial Services,Stock Brokers,Old Panvel
Geojit Financial Services Ltd,"Shop No 7, Prajapati Ornate, near Lenskart & Croma, Sector-10, New Panvel East, Panvel, Maharashtra 410206, India",,Panvel,Panvel,Maharashtra,410206,9995804948,,,"finance, point_of_interest, establishment",19.001773000000004,73.125681,localisy024206,ChIJl-EEdNTp5zsRR0_krjvnE8M,,,,,,Financial Services,Stock Brokers,Old Panvel
Angel One Ltd. - Shraddha P Patil,"Ganga CHS, Plot No 13, near Pillai College, Sector 16, New Panvel East, Panvel, Navi Mumbai, Maharashtra 410206, India",,Panvel,Panvel,Maharashtra,410206,8044135247,,,"consultant, finance, point_of_interest, service, establishment",18.9896457,73.127067,localisy024207,ChIJOdoA4H_p5zsRBnV5gzBrrAQ,photos\localisy06910_1.jpg,,,,,Financial Services,Stock Brokers,Old Panvel
SGS ENTERPRISES - SGS CAPITAL AND REALTY,"Suryakant Adsul a-1/15, Mangal Murti CHS, Sector 06, Behind National Complex,, Nr. MTNL Exchange, Sector 6, New Panvel East, Panvel, Maharashtra 410206, India",,Panvel,Panvel,Maharashtra,410206,9867724665,5,1,"insurance_agency, finance, general_contractor, manufacturer, point_of_interest, service, establishment",19.008141,73.1172689,localisy024208,ChIJXxzkMkno5zsRBjAkNM-NYHs,photos\localisy06913_1.jpg,,,,,Financial Services,Stock Brokers,Old Panvel
Mahavir Traders Panvel,"Shop No.7, Plot, No.267, Uran Rd, near MSEB Office, Old Panvel, Panvel, Maharashtra 410206, India",,Panvel,Panvel,Maharashtra,410206,9324454420,4.2,31,"wholesaler, food, point_of_interest, establishment",18.9831392,73.10875109999999,localisy024209,ChIJWypphwjp5zsRLei3d78eByM,photos\localisy06924_1.jpg,,,,,Financial Services,Stock Brokers,Old Panvel
Integrated,"Shop No.29, Ground Floor, Maruti Corner, Pooja Complex CHS Ltd, near brijwasi sweets, Sector 17, New Panvel East, Panvel, Mumbai, Panvel, Maharashtra 410206, India",,Panvel,Panvel,Maharashtra,410206,8591303613,,,"consultant, finance, point_of_interest, service, establishment",18.99102,73.11797,localisy024210,ChIJQZQEZ6fp5zsRBPFizb-7rSM,photos\localisy06925_1.jpg,,,,,Financial Services,Stock Brokers,Old Panvel
Ratna Traders & Company,"shop no 19&20, Krishna tower, Khanda Colony, Sector 9, Greater Khanda, Panvel, Navi Mumbai, Panvel, Maharashtra 410206, India",,Panvel,Panvel,Maharashtra,410206,,4.5,45,"wholesaler, point_of_interest, establishment",19.0068393,73.1146164,localisy024211,ChIJWWdn9kjo5zsRYB7sU5xAN7s,photos\localisy06927_1.jpg,,,,,Financial Services,Stock Brokers,Old Panvel
Salman Traders,"shop number, 3, MG Rd, Muslman nakka, Old Panvel, Panvel, Maharashtra 410206, India",,Panvel,Panvel,Maharashtra,410206,9323551716,5,5,"manufacturer, point_of_interest, food, establishment",18.986902999999998,73.107643,localisy024212,ChIJB2OA6sXp5zsRWf4bOzsircc,photos\localisy06937_1.jpg,,,,,Financial Services,Stock Brokers,Old Panvel
Fedbank Financial Services Ltd,"No. 14, Geetanjali Beauty Tower, Mulla Hamid Rd, opp. Crown Plaza, Old Panvel, Panvel, Maharashtra 410206, India",,Panvel,Panvel,Maharashtra,410206,8069617066,2.3,3,"bank, finance, point_of_interest, establishment",18.9825351,73.10891980000001,localisy024213,ChIJf5TS6Lvp5zsRKQdNILkR1qw,photos\localisy06939_1.jpg,,,,,Financial Services,Stock Brokers,Old Panvel
Qazi Trading Co.,"Plot No.487, Market Yard Rd, Old Panvel, Panvel, Maharashtra 410206, India",,Panvel,Panvel,Maharashtra,410206,,4.5,96,"building_materials_store, store, point_of_interest, establishment",18.980829,73.10896369999999,localisy024214,ChIJ7W3wVm3o5zsRqjIBXik75yo,photos\localisy06940_1.jpg,,,,,Financial Services,Stock Brokers,Old Panvel
Jana Small Finance Bank Ltd.,"Shop No 5 to 8, 1st Floor, MTNL Rd, opposite MTNL Office, Old Panvel, Panvel, Maharashtra 410206, India",,Panvel,Panvel,Maharashtra,410206,9118002080,3.8,16,"bank, finance, point_of_interest, establishment",18.985180800000002,73.11262250000001,localisy024215,ChIJS008s2fp5zsR7i8lU8q4Dgg,,,,,,Financial Services,Microfinance Institutions,Old Panvel
Mahindra Finance - Panvel Branch,"No. 290/1, Ground Floor, National Paradise CHS LTD NH 48, Takka Colony, Panvel, Maharashtra 410206, India",,Panvel,Panvel,Maharashtra,410206,8069866288,2.7,26,"insurance_agency, consultant, finance, point_of_interest, service, establishment",18.9803837,73.11658229999999,localisy024216,ChIJDae_3i7p5zsRFANrw1rqW1w,photos\localisy06954_1.jpg,,,,,Financial Services,Microfinance Institutions,Old Panvel
Home First Finance Company,"Unit No, 2nd Floor, The Corporates”, Munot Vastu Exotica – Commercial, O-205, Old Thane Naka Rd, Banglow Society, Nityanand Nagar, Old Panvel, Panvel, Maharashtra 410206, India",,Panvel,Panvel,Maharashtra,410206,9699969514,5,7,"finance, point_of_interest, service, establishment",18.9956572,73.10700659999999,localisy024217,ChIJ60odNG_p5zsRSMQr5sl58o4,photos\localisy06956_1.jpg,,,,,Financial Services,Microfinance Institutions,Old Panvel
Bajaj Finance Branch,"X4R8+P3H, Old Panvel, Panvel, Navi Mumbai, Panvel, Maharashtra 410206, India",,Panvel,Panvel,Maharashtra,410206,,4.3,84,"finance, point_of_interest, service, establishment",18.991812499999998,73.11518749999999,localisy024218,ChIJKV9w6ULp5zsRCSJtOmZY7kg,photos\localisy06957_1.jpg,,,,,Financial Services,Microfinance Institutions,Old Panvel
National Co-operative Bank Ltd,"Plot No.8-C, Sector - 13, Greater Khanda, Panvel, Maharashtra 410206, India",,Panvel,Panvel,Maharashtra,410206,,4.3,17,"bank, finance, point_of_interest, establishment",19.0059045,73.1098938,localisy024219,ChIJb07eyTfo5zsRWboI56adiTs,photos\localisy06963_1.jpg,,,,,Financial Services,Microfinance Institutions,Old Panvel
Ameya Aquarium,"Shop No.1, Shruti Apt, RG Gadkari Rd, near Gavdevi Mandir, Old Panvel, Panvel, Maharashtra 410206, India",,Panvel,Panvel,Maharashtra,410206,9619148949,4.8,286,"pet_store, store, point_of_interest, establishment",18.9902764,73.1113333,localisy024220,ChIJV8PA7brp5zsRAYPhoja-vaA,photos\localisy06976_1.jpg,,,,,Pets & Animals,Pet Shops,Old Panvel
Seva pet Shop and dog trening center,"Nagniche medical, Matheran Rd, opposite sai Ram complex, Sector-10, New Panvel East, Panvel, Akurli, Panvel, Maharashtra 410206, India",,Panvel,Panvel,Maharashtra,410206,9011062930,5,1,"pet_store, store, point_of_interest, establishment",19.001285799999998,73.12410369999999,localisy024221,ChIJ3bPQl3Pp5zsR2uFvAMszF4A,photos\localisy06977_1.jpg,,,,,Pets & Animals,Pet Shops,Old Panvel
Pratham Aquarium,"Shop No 2, near CKT School, Sector 15A, New Panvel East, Panvel, Maharashtra 410206, India",,Panvel,Panvel,Maharashtra,410206,9892213715,3.8,115,"pet_store, store, point_of_interest, establishment",18.992585899999998,73.1254962,localisy024222,ChIJ6QNeYULo5zsRnKSxWfftdXY,photos\localisy06983_1.jpg,,,,,Pets & Animals,Pet Shops,Old Panvel
Sajai Aquarium,"shop no 33, Hong Kong Arcade, Sector 19, New Panvel East, Panvel, Maharashtra 410206, India",,Panvel,Panvel,Maharashtra,410206,9819016474,3.5,89,"pet_store, store, point_of_interest, establishment",18.9948571,73.1257534,localisy024223,ChIJs7cNNkPo5zsRaWO6oCKf334,photos\localisy07000_1.jpg,,,,,Pets & Animals,Pet Shops,Old Panvel
AQUA MACHINE - AQUARIUM DESIGN STUDIO,"Office no.1, first floor, near D-Mart, Sector 5, New Panvel East, Panvel, Maharashtra 410206, India",,Panvel,Panvel,Maharashtra,410206,8454064310,4.6,165,"pet_store, store, point_of_interest, establishment",19.0049663,73.1163583,localisy024224,ChIJ3RAQ2_bp5zsRAvXMazHXSOU,photos\localisy07007_1.jpg,,,,,Pets & Animals,Pet Shops,Old Panvel
In Defense Of Animals,"54A, Vichumbe Rd, next to Moksh Dham Hindu Crematorium, Sector 15, New Panvel East, Panvel, Maharashtra 410206, India",,Panvel,Panvel,Maharashtra,410206,9320056589,3.1,274,"non_profit_organization, veterinary_care, pet_care, association_or_organization, point_of_interest, service, establishment",18.987444,73.12778949999999,localisy024225,ChIJ5TAfGWTo5zsRqm0rFb9m25k,photos\localisy07008_1.jpg,,,,,Pets & Animals,Pet Shops,Old Panvel
KHODIYAR TRADERS MCBL,"Shop No 2, Parijat Apartment, URAN NAKA, near Crown Plaza, Old Panvel, Panvel, Maharashtra 410206, India",,Panvel,Panvel,Maharashtra,410206,9324860766,4.3,23,"store, pet_care, point_of_interest, establishment",18.9824835,73.1097419,localisy024226,ChIJ7er25RLo5zsRErV9zcBW9Zg,photos\localisy07009_1.jpg,,,,,Pets & Animals,Pet Shops,Old Panvel
DEEP AQUA Treasure,"Micron pride chs, shop number 1, Sector 1, Plot No. 26, Panvel, Karanjade, Panvel, Maharashtra 410206, India",,Panvel,Panvel,Maharashtra,410206,9137223241,4.9,53,"pet_store, store, point_of_interest, establishment",18.9798732,73.0949699,localisy024227,ChIJNwhdpJDp5zsRCH6qowpKk-s,photos\localisy07011_1.jpg,,,,,Pets & Animals,Pet Shops,Old Panvel
ZenZee Paws,"Shop No.08, Sai Arcade Society, Sector - 15/A, Plot No. 20, Sector 15A, New Panvel East, Panvel, Maharashtra 410206, India",,Panvel,Panvel,Maharashtra,410206,,5,4,"pet_care, pet_store, supplier, store, food, point_of_interest, service, establishment",18.991232099999998,73.1241129,localisy024228,ChIJT4AcrqLp5zsRvCgNqv_iptk,photos\localisy07012_1.jpg,,,,,Pets & Animals,Pet Shops,Old Panvel
Babji Pet Food Store,"Shop No.6, Hiba manzil, Market Yard Rd, Old Panvel, Panvel, Maharashtra 410206, India",,Panvel,Panvel,Maharashtra,410206,,,,"pet_store, store, point_of_interest, establishment",18.9819444,73.1129012,localisy024229,ChIJSyOMopHp5zsRZNJKRM4uYR8,photos\localisy07013_1.jpg,,,,,Pets & Animals,Pet Shops,Old Panvel
R_R cats Panvel,"Vadghar, Panvel, Vadghar, Maharashtra 410206, India",,Panvel,Panvel,Maharashtra,410206,,,,"pet_store, store, point_of_interest, establishment",18.9825429,73.10343859999999,localisy024230,ChIJhTaiUNfp5zsRdd3j-vyFPF0,photos\localisy07017_1.jpg,,,,,Pets & Animals,Pet Shops,Old Panvel
Burhani Aquarium & Pet Shop,"Shop No 2, Crown Eureka, Plot 62, Sector 4, Karanjade, Panvel, Karanjade, Maharashtra 410206, India",,Panvel,Panvel,Maharashtra,410206,9769122240,3,6,"pet_store, store, point_of_interest, establishment",18.976834399999998,73.1041894,localisy024231,ChIJ38uODd7p5zsRxnPu5CTr1Ww,photos\localisy07018_1.jpg,,,,,Pets & Animals,Pet Shops,Old Panvel
Nakhawa Fresh Fish & Frozen Mart new panvel,"Shop no 1, plot no 32, Hari om ma building, near pioneer hospital, Sector 3, New Panvel East, Panvel, Maharashtra 410206, India",,Panvel,Panvel,Maharashtra,410206,,4.8,9,"pet_store, ranch, farm, store, food, point_of_interest, service, establishment",19.0024576,73.1201963,localisy024232,ChIJvTiJzP3p5zsRds45MGPMpIk,photos\localisy07021_1.jpg,,,,,Pets & Animals,Pet Shops,Old Panvel
JALARAM ENTERPRISES,"SHOP NO.09/10/13, Abhideep Apartment, Plot No. 261, Uran Rd, Koliwada, Old Panvel, Panvel, Maharashtra 410206, India",,Panvel,Panvel,Maharashtra,410206,,3.8,840,"home_goods_store, wholesaler, manufacturer, supplier, store, point_of_interest, establishment",18.982890599999998,73.1076451,localisy024233,ChIJzwZnWxPo5zsR8mRHtJirsFY,photos\localisy07022_1.jpg,,,,,Pets & Animals,Pet Shops,Old Panvel
CHITRU CHICKEN AND PETS,"Shop No 1, MASTAN CHAWL, near AADIL TOWER, Kacchi Mohalla, Old Panvel, Panvel, Maharashtra 410206, India",,Panvel,Panvel,Maharashtra,410206,9930172232,4.6,13,"butcher_shop, manufacturer, food_store, store, food, point_of_interest, service, establishment",18.9888861,73.1051152,localisy024234,ChIJuaR95bXp5zsR51U2YIx_zFQ,photos\localisy07023_1.jpg,,,,,Pets & Animals,Pet Shops,Old Panvel
MINISTRY OF PETS ANIMAL CLINIC AND SURGERY CENTER,"SARVESHWAR BUILDING, PLOT NO 235, MTNL Rd, near IDBI BANK, Old Panvel, Panvel, Maharashtra 410206, India",,Panvel,Panvel,Maharashtra,410206,9004895954,4.8,24,"veterinary_care, pet_care, point_of_interest, establishment",18.9857631,73.1115281,localisy024235,ChIJo0mOve7p5zsR4PuG44M0vpY,photos\localisy07029_1.jpg,,,,,Pets & Animals,Veterinary Clinics,Old Panvel
Sai Malhar Veterinary Clinic and Pet Lodging Boarding,"Govt Servant CHS, 29/1, opposite Tulsi Residency Malewadi, Panvel, Akurli, Maharashtra 410206, India",,Panvel,Panvel,Maharashtra,410206,9702277341,3.9,85,"veterinary_care, pet_boarding_service, pet_care, child_care_agency, point_of_interest, service, establishment",19.0012501,73.14118309999999,localisy024236,ChIJ85xFUvHo5zsRpAMEj4Fa3ck,photos\localisy07035_1.jpg,,,,,Pets & Animals,Veterinary Clinics,Old Panvel
Government Veterinary Clinic,"257C+R9P, Panvel Matheran Rd, Nere, Nerepada, Maharashtra 410206, India",,Panvel,Panvel,Maharashtra,410206,,3.8,23,"veterinary_care, point_of_interest, establishment",19.014586599999998,73.1709618,localisy024237,ChIJPaaJrtDo5zsR33jBJp2YorU,photos\localisy07039_1.jpg,,,,,Pets & Animals,Veterinary Clinics,Old Panvel
Pet consultant,"101 wing B, yashodhara apt, Shivaji Rd, near hotel ketki, Line Ali, Old Panvel, Panvel, Maharashtra 410206, India",,Panvel,Panvel,Maharashtra,410206,9324387130,,,"veterinary_care, pet_care, point_of_interest, establishment",18.989706200000004,73.1128225,localisy024238,ChIJa5s4Yhrp5zsRxpREtD2Bn-c,photos\localisy07057_1.jpg,,,,,Pets & Animals,Veterinary Clinics,Old Panvel
Dog's Own Day care,"Room No 01 Ground Floor, Rachna CHS, near Jari Mari Mandir, Sukapur, New Panvel East, Panvel, Navi Mumbai, Palidevad, Maharashtra 410206, India",,Panvel,Panvel,Maharashtra,410206,9653397899,4.7,15,"pet_care, point_of_interest, establishment",18.99763,73.1295471,localisy024239,ChIJDWYSqM3p5zsRTL1z9WYpVvg,photos\localisy07128_1.jpg,,,,,Pets & Animals,Pet Boarding,Old Panvel
Arren Pet Motel,"Panvel Matheran Rd, Chiple, Maharashtra 410206, India",,Panvel,Panvel,Maharashtra,410206,9819744922,4.9,15,"pet_boarding_service, pet_care, point_of_interest, establishment",19.0062382,73.1553295,localisy024240,ChIJ6zp5O-bo5zsRAFQYyGyanpA,photos\localisy07145_1.jpg,,,,,Pets & Animals,Pet Boarding,Old Panvel
Dog Trainer - Sachin Sorte,"Nere Village, Panvel Matheran Road, P-6, Panchshil Nagar, New Panvel East, Panvel, Maharashtra 410206, India",,Panvel,Panvel,Maharashtra,410206,8828283311,5,126,"pet_care, service, point_of_interest, establishment",18.990073499999998,73.12474379999999,localisy024241,ChIJ_8rcL7bH5zsRrC0hBTg2ixI,photos\localisy07151_1.jpg,,,,,Pets & Animals,Pet Boarding,Old Panvel
Pets dreamland,"435H+v59, Dhansar, Panvel, Maharashtra 410210, India",,Kharghar,Panvel,Maharashtra,410210,9653487732,5,2,"pet_care, point_of_interest, establishment",19.1103614,73.07685219999999,localisy024242,ChIJj5qwSYLB5zsRSBHZFzt2whg,photos\localisy07158_1.jpg,,,,,Pets & Animals,Pet Boarding,Old Panvel
Romit Resins Pvt. Ltd.,"Plot No. 25, Gala No. 4 & 5, Community Building, Panvel Co-Operative Hsg Society, Bawan Bunglow, Panvel - 410206, Panvel Co-op Housing Society, Old Panvel, Panvel, Maharashtra 410206, India",,Panvel,Panvel,Maharashtra,410206,9820340472,4.5,12,"point_of_interest, manufacturer, establishment",18.991320599999998,73.10499829999999,localisy024243,ChIJaUdLwXLp5zsRngsvcqNIGLU,photos\localisy07175_1.jpg,,,,,Industrial & B2B,Manufacturers,Old Panvel
Patwekar Metals,"Tilak Road, Kapad Bazar, behind Jain Temple, Old Panvel, Panvel, Maharashtra 410206, India",,Panvel,Panvel,Maharashtra,410206,9920262266,5,13,"supplier, wholesaler, shipping_service, store, point_of_interest, service, establishment",18.9866495,73.108409,localisy024244,ChIJbb5ULF3p5zsRT91icoYyndo,photos\localisy07176_1.jpg,,,,,Industrial & B2B,Manufacturers,Old Panvel
Alfa Industrial Solutions,"Office no. 01, Swapnapurti, near Shah Plaza, Manek Nagar, Old Panvel, Panvel, Maharashtra 410206, India",,Panvel,Panvel,Maharashtra,410206,9987852119,4.6,21,"manufacturer, supplier, point_of_interest, service, establishment",18.9915178,73.10877409999999,localisy024245,ChIJ8YmNzd_p5zsR7WKuDutD8RU,photos\localisy07177_1.jpg,,,,,Industrial & B2B,Manufacturers,Old Panvel
Label Nirbhaya,"Sai Nagar, Old Panvel, Panvel, Maharashtra 410206, India",,Panvel,Panvel,Maharashtra,410206,,5,1,"manufacturer, point_of_interest, establishment",18.9933276,73.1033582,localisy024246,ChIJKfb-0u3p5zsRF6YaNzq9Uvw,photos\localisy07178_1.jpg,,,,,Industrial & B2B,Manufacturers,Old Panvel
GOODLUCK ENTERPRISES,"Shop No.2, Sai Sarang co-op society’s, MG Rd, Tapal Naka, Mominpada, Old Panvel, Panvel, Maharashtra 410206, India",,Panvel,Panvel,Maharashtra,410206,,5,2,"point_of_interest, manufacturer, establishment",18.983864,73.1114848,localisy024247,ChIJn-XoGmPp5zsRHqflB_Fwzm8,photos\localisy07179_1.jpg,,,,,Industrial & B2B,Manufacturers,Old Panvel
Platemate food Company(Papad Manufacturing),"Shop No 01 &2, Jankar Appartment, Devad, Panvel, Vichumbe, Panvel, Maharashtra 410206, India",,Panvel,Panvel,Maharashtra,410206,8097496089,,,"food, point_of_interest, manufacturer, establishment",18.9826043,73.1371399,localisy024248,ChIJvyZ0Xejp5zsRkMyOlfEsfdE,photos\localisy07180_1.jpg,,,,,Industrial & B2B,Manufacturers,Old Panvel
Rajendra Perfumery Products,"Tirthraj Apt, 101, Old Thane Naka Rd, near Taluka Police Station, Ugam Nagar, Panvel, Maharashtra 410206, India",,Panvel,Panvel,Maharashtra,410206,7506068971,5,18,"manufacturer, supplier, clothing_store, store, point_of_interest, establishment",18.9936448,73.1066698,localisy024249,ChIJRVR9ciHP5zsRWunmZR1GMSA,photos\localisy07181_1.jpg,,,,,Industrial & B2B,Manufacturers,Old Panvel
Pasio Consumer Goods Pvt Ltd,"Surya Kiran Row House, Vivah Mangal Karyala, 6A, Old Thane Naka Rd, next to Prakash, Ugam Nagar, HOC Colony, Panvel, Maharashtra 410206, India",,Panvel,Panvel,Maharashtra,410206,,5,30,"manufacturer, corporate_office, food, point_of_interest, establishment",18.991685699999998,73.1066483,localisy024250,ChIJq6qq6hfC5zsRo8d9LhCRvkw,photos\localisy07182_1.jpg,,,,,Industrial & B2B,Manufacturers,Old Panvel
Laxmi Metal Industriies,"Plot no.17/12 MIDC, Taloja Industrial Area – Village – Navade, Tal, Dist, Panvel, Maharashtra 410208, India",,Taloja,Panvel,Maharashtra,410208,9323212161,3,1,"manufacturer, point_of_interest, establishment",19.0573148,73.1149129,localisy024251,ChIJRydyEDfp5zsR4gy2g65AJoo,photos\localisy07184_1.jpg,,,,,Industrial & B2B,Manufacturers,Old Panvel
Linkwell Telecom Services,"1/4, Puranik Building, Near Old Post Office Panvel, Old Panvel, Panvel, Maharashtra 410206, India",,Panvel,Panvel,Maharashtra,410206,8048601199,4.8,4,"manufacturer, supplier, point_of_interest, establishment",18.990434,73.1103122,localisy024252,ChIJFQ17Sj7o5zsRiI8BmqPCFxw,,,,,,Industrial & B2B,Manufacturers,Old Panvel
Shri Mahila Griha Udyog Lijjat Papad,"28/A, Kalan Samaj Vyapari Sankul, Old Thane Naka Rd, Loknete D B Patil Nagar, Old Panvel, Panvel, Maharashtra 410206, India",,Panvel,Panvel,Maharashtra,410206,,4.9,14,"supplier, wholesaler, food, point_of_interest, manufacturer, establishment",18.9919488,73.1065667,localisy024253,ChIJZVqeHj7o5zsRzhv03i-w4Ps,photos\localisy07191_1.jpg,,,,,Industrial & B2B,Manufacturers,Old Panvel
SK Bhakri katta Panvel एस के भाकरी कट्टा पनवेल,"Janaki Niwas, Ground Floor, Prabhu Ali, RG Gadkari Rd, Old Panvel, Panvel, Maharashtra 410206, India",,Panvel,Panvel,Maharashtra,410206,9768020902,4.9,32,"food, point_of_interest, manufacturer, establishment",18.989490099999998,73.1117929,localisy024254,ChIJrxuNvJzp5zsR_Xh8diB8I2E,photos\localisy07193_1.jpg,,,,,Industrial & B2B,Manufacturers,Old Panvel
Maheshwari Sales Corporation,"Plot No. f482, Raigad Bazar Road,, Uran Naka, opp Pote Masala Factory, Old Panvel, Panvel, Old Panvel, Panvel, Maharashtra 410206, India",,Panvel,Panvel,Maharashtra,410206,9967642247,5,5,"government_office, general_contractor, furniture_store, home_improvement_store, home_goods_store, supplier, building_materials_store, health, store, manufacturer, point_of_interest, service, establishment",18.981189,73.10887199999999,localisy024255,ChIJWcE_nRXo5zsRLO-kfJV_MMg,photos\localisy07197_1.jpg,,,,,Industrial & B2B,Manufacturers,Old Panvel
Avighna Steel Pvt Ltd,"J-18, MIDC, Distt, Industrial Area, Taloja, Panvel, Maharashtra 410208, India",,Taloja,Panvel,Maharashtra,410208,9717817357,5,2,"manufacturer, point_of_interest, establishment",19.064072700000004,73.1237189,localisy024256,ChIJT4_RQ0Xr5zsRJyupk6TVtwA,photos\localisy07202_1.jpg,,,,,Industrial & B2B,Manufacturers,Old Panvel
Irfan malla building material suppliers,"Shop No.1, Ibrahim Manzil, Ismail Karim sahib Road, near Municipal Corporation, Old Panvel, Panvel, Maharashtra 410206, India",,Panvel,Panvel,Maharashtra,410206,9920678296,,,"wholesaler, point_of_interest, establishment",18.9874215,73.1075884,localisy024257,ChIJKXNvfj_p5zsREu12azmGS-U,,,,,,Industrial & B2B,Manufacturers,Old Panvel
SANVI LIGHT,"SHOP NO 4, OM SADNIKA BUILDING, opp. CROWN BANQUET URAN NAKA, Old Panvel, Panvel, Maharashtra 410206, India",,Panvel,Panvel,Maharashtra,410206,9829121077,4.7,7,"consultant, home_improvement_store, home_goods_store, wholesaler, store, point_of_interest, service, establishment",18.9917721,73.1098863,localisy024258,ChIJcd8qfMjp5zsRx5QTOJULum8,photos\localisy07204_1.jpg,,,,,Industrial & B2B,Manufacturers,Old Panvel
BASANT EXOTIC VEGETABLE SUPPLIERS.,"Shop no, Panvel Market, C 52 .A.PM.C, Old Panvel, Panvel, Maharashtra 410206, India",,Panvel,Panvel,Maharashtra,410206,,5,1,"market, point_of_interest, establishment",18.9835131,73.109189,localisy024259,ChIJgTx8Uejp5zsRnbYaypcT9NU,photos\localisy07205_1.jpg,,,,,Industrial & B2B,Manufacturers,Old Panvel
MIDC SE and RO office Panvel,"2434+VQJ, Sector 17, Khanda Colony, Panvel, Maharashtra 410206, India",,Panvel,Panvel,Maharashtra,410206,,4.3,81,"corporate_office, point_of_interest, establishment",19.004705299999998,73.1068825,localisy024260,ChIJAQAA0Dbo5zsRZDVbbbSL6W4,photos\localisy07209_1.jpg,,,,,Industrial & B2B,Manufacturers,Old Panvel
Neoshi Amusement and Gaming World,"301, Shah Plaza, RG Gadkari Rd, Old Panvel, Panvel, Maharashtra 410206, India",,Panvel,Panvel,Maharashtra,410206,9833668014,5,1,"resort_hotel, water_park, hotel, amusement_park, amusement_center, consultant, lodging, supplier, wholesaler, manufacturer, point_of_interest, service, establishment",18.9892251,73.1115923,localisy024261,ChIJ_eINKmvo5zsRinba7d8l5hw,photos\localisy07210_1.jpg,,,,,Industrial & B2B,Manufacturers,Old Panvel
SHREE ENTERPRISES,"no 2, Sai Park, near Panvel, Bhusar Mohalla, Old Panvel, Panvel, Mahanagarpalika, Panvel, Maharashtra 410206, India",,Panvel,Panvel,Maharashtra,410206,9322749711,4.3,3,"supplier, manufacturer, point_of_interest, service, establishment",18.9873644,73.10828339999999,localisy024262,ChIJO2c8fGno5zsReGI5yRHeT9M,photos\localisy07212_1.jpg,,,,,Industrial & B2B,Manufacturers,Old Panvel
Shree Samarth Kripa Flour Mill And General Store,"X4Q5+RPV, Tilak Rd, Old Panvel, Panvel, Maharashtra 410206, India",,Panvel,Panvel,Maharashtra,410206,9323640840,4.5,2,"general_store, food_store, store, manufacturer, food, point_of_interest, establishment",18.9896042,73.1092973,localisy024263,ChIJZUb8GhXo5zsRA5kxchGPzIw,photos\localisy07213_1.jpg,,,,,Industrial & B2B,Manufacturers,Old Panvel
Irfan Patel Building Material And Suppliers,"ShopNo 8, kalan samaj, Old Thane Naka Rd, Old Panvel, Panvel, Maharashtra 410206, India",,Panvel,Panvel,Maharashtra,410206,9819594952,5,1,"building_materials_store, store, point_of_interest, establishment",18.9920396,73.10681490000002,localisy024264,ChIJmxn2wxXo5zsRJ39A64GlBmc,photos\localisy07214_1.jpg,,,,,Industrial & B2B,Manufacturers,Old Panvel
Jay Parmar Sewing Machine,"Natraj apartment Tillak road Behind gold mark jewellers, opp. neel kamal jewellers, Old Panvel, Panvel, Maharashtra 410206, India",,Panvel,Panvel,Maharashtra,410206,9833044416,4.5,26,"manufacturer, supplier, store, point_of_interest, establishment",18.9875645,73.10933299999999,localisy024265,ChIJ3VRCkhTo5zsRKKZsJtiFqCc,photos\localisy07216_1.jpg,,,,,Industrial & B2B,Manufacturers,Old Panvel
Hari Om Suppliers,"Shop No 6, Geetanjali Building, Market Yard Road, Uran Naka, Market Yard Road, Old Panvel, Panvel, Maharashtra 410206, India",,Panvel,Panvel,Maharashtra,410206,,5,1,"employment_agency, building_materials_store, general_contractor, manufacturer, store, point_of_interest, service, establishment",18.9822478,73.1088932,localisy024266,ChIJG-po8RLo5zsRbgeEDDTAGOA,,,,,,Industrial & B2B,Manufacturers,Old Panvel
AT GLOBAL SETU,"FLAT NO 202, AASHIYANA CHS FINAL, PLOT NO 107/A, CUF NAGAR, Panvel, Maharashtra 410206, India",,Panvel,Panvel,Maharashtra,410206,,4.3,3,"health_food_store, wholesaler, manufacturer, grocery_store, food_store, store, health, food, point_of_interest, establishment",18.9899633,73.11077,localisy024267,ChIJsyUvD__p5zsRAjJkmHpUXBg,photos\localisy07220_1.jpg,,,,,Industrial & B2B,Manufacturers,Old Panvel
STAR CHICKEN CENTER STAR EGGS TRADING COMPANY,"Shop No 2, MG Rd, near KOKAN MERCANTILE BANK, Kacchi Mohalla, Old Panvel, Panvel, Maharashtra 410206, India",,Panvel,Panvel,Maharashtra,410206,8425986786,4.7,23,"butcher_shop, manufacturer, food_store, store, food, point_of_interest, service, establishment",18.9882491,73.1058766,localisy024268,ChIJGRSaVdLp5zsR9DoQSTZo-Xk,,,,,,Industrial & B2B,Manufacturers,Old Panvel
MONARCH Designing Printings & Interior,"Shop No- 06, Radha Hari Niwas, Sankul, Lokmanya Tilak Road, Old Panvel, Panvel, Maharashtra 410206, India",,Panvel,Panvel,Maharashtra,410206,8369522139,5,5,"general_contractor, manufacturer, store, point_of_interest, service, establishment",18.989436599999998,73.1092819,localisy024269,ChIJMdToyPvp5zsRxnzRdrPqvAQ,photos\localisy07226_1.jpg,,,,,Industrial & B2B,Manufacturers,Old Panvel
NILESH PRINTER,"Old Panvel, Panvel, Maharashtra 410206, India",,Panvel,Panvel,Maharashtra,410206,,5,2,"manufacturer, store, point_of_interest, service, establishment",18.9893029,73.1093308,localisy024270,ChIJ9-gfaZrp5zsRB6M3eQEmn9A,photos\localisy07227_1.jpg,,,,,Industrial & B2B,Manufacturers,Old Panvel
NEXUUS INFRA RMC (C) LLP,"Office No - 303, Munot Vastu Exotica Commercial, Old Thane Naka Rd, near Panvel Crime Branch Police Station, Banglow Society, Nityanand Nagar, Old Panvel, Panvel, Maharashtra 410206, India",,Panvel,Panvel,Maharashtra,410206,,5,2,"general_contractor, manufacturer, point_of_interest, service, establishment",18.995809599999998,73.1067995,localisy024271,ChIJl8zBIgHp5zsR9lDGC8Yd9FY,photos\localisy07229_1.jpg,,,,,Industrial & B2B,Manufacturers,Old Panvel
AFFAN MUTTON SHOP,"Shop No 1, SHAIKH MANZIL, MG Rd, near IMAGE TAILOR, Old Panvel, Panvel, Maharashtra 410206, India",,Panvel,Panvel,Maharashtra,410206,9321326714,3.9,10,"butcher_shop, manufacturer, food_store, store, food, point_of_interest, service, establishment",18.987381199999998,73.1068142,localisy024272,ChIJP3VvUwvp5zsRi1kmc4VmrAE,,,,,,Industrial & B2B,Manufacturers,Old Panvel
Aashian labs,"A201, Sushil Garden-1 PL 523/29/6, near New Tahesil, Kacchi Mohalla, Old Panvel, Panvel, Maharashtra 410206, India",,Panvel,Panvel,Maharashtra,410206,7709630288,5,1,"research_institute, health, point_of_interest, establishment",18.990458699999998,73.1042605,localisy024273,ChIJZb9ODvrp5zsRnVO9633l9vg,,,,,,Industrial & B2B,Manufacturers,Old Panvel
SHREE DISTRIBUTORS,"Shop no 2, 267, Uran Naka, near MSEB Office, Old Panvel, Panvel, Maharashtra 410206, India",,Panvel,Panvel,Maharashtra,410206,,4.4,5,"wholesaler, point_of_interest, establishment",18.983118299999997,73.1087263,localisy024274,ChIJsTmH_xLo5zsRKQvlGC59eIQ,photos\localisy07241_1.jpg,,,,,Industrial & B2B,Suppliers,Old Panvel
Agraj Food Processors (Sheetal Enterprises),"Shivaji road Shop 2 Sliver Apartment, near virupaksha mandir, Old Panvel, Panvel, Maharashtra 410206, India",,Panvel,Panvel,Maharashtra,410206,,4.9,42,"manufacturer, wholesaler, supplier, point_of_interest, food, establishment",18.9881741,73.1100306,localisy024275,ChIJS2DLfWzp5zsRykOXNTFLjbQ,photos\localisy07242_1.jpg,,,,,Industrial & B2B,Suppliers,Old Panvel
STAR SUPPLIERS,"Near PANCHRATNA HOTEL, Shop No 4, RUSHDA APARTMENT, Market Yard Rd, Old Panvel, Panvel, Maharashtra 410206, India",,Panvel,Panvel,Maharashtra,410206,9321210022,3.7,7,"store, general_contractor, service, point_of_interest, establishment",18.9807891,73.1118604,localisy024276,ChIJvQML8Jvp5zsR78thNONe1jQ,,,,,,Industrial & B2B,Suppliers,Old Panvel
Bhawani Enterprises panvel,"Mulla Hamid Rd, Old Panvel, Panvel, Maharashtra 410206, India",,Panvel,Panvel,Maharashtra,410206,7619782179,5,11,"manufacturer, supplier, point_of_interest, establishment",18.9824499,73.1101588,localisy024277,ChIJtT2teY_p5zsR_g9pIBfGlGY,photos\localisy07244_1.jpg,,,,,Industrial & B2B,Suppliers,Old Panvel
LABAIDERS - Laboratory Equipment Supplier-Navi Mumbai,"02, Srinath Society, behind MTNL Building, near YES Bank, Old Panvel, Panvel, Maharashtra 410206, India",,Panvel,Panvel,Maharashtra,410206,9769233537,4.9,33,"manufacturer, store, wholesaler, supplier, health, service, point_of_interest, establishment",18.9853603,73.1118474,localisy024278,ChIJX2mGwNrp5zsRjS8Yul6Ksco,,,,,,Industrial & B2B,Suppliers,Old Panvel
Gautam Distributors,"C7 C J, Munot Nagar, Old Panvel, Panvel, Maharashtra 410206, India",,Panvel,Panvel,Maharashtra,410206,9326413904,5,2,"wholesaler, point_of_interest, establishment",18.989844599999998,73.1104876,localisy024279,ChIJPS3i0RLp5zsR9XZa2rV6KIc,photos\localisy07250_1.jpg,,,,,Industrial & B2B,Suppliers,Old Panvel
MOJO REO .(M .N.ENTERPRISES),"shop no 11, Sai Ratansi, Bundar Road, beside Highway king hotel, Kacchi Mohalla, Old Panvel, Panvel, Navi Mumbai, Panvel, Maharashtra 410206, India",,Panvel,Panvel,Maharashtra,410206,9768808837,5,2,"point_of_interest, establishment",18.989430499999997,73.10467260000001,localisy024280,ChIJS_YHsMLp5zsR6pYturoaiP4,photos\localisy07252_1.jpg,,,,,Industrial & B2B,Suppliers,Old Panvel
Panvel Timber Supplier (Byculla Timber Depot),"Byculla Timber Depot, X4J8+886, Service Rd, near B.M.C Bank, Old Panvel, Panvel, Maharashtra 410206, India",,Panvel,Panvel,Maharashtra,410206,9920211275,3.7,3,"building_materials_store, store, point_of_interest, establishment",18.980799599999997,73.1157559,localisy024281,ChIJ1907XdPp5zsRZAoA_ivwRH8,photos\localisy07261_1.jpg,,,,,Industrial & B2B,Suppliers,Old Panvel
Central Traders,"Shop no 7, aditya vihar, Mahatma Phule Rd, near old post office, Old Panvel, Panvel, Maharashtra 410206, India",,Panvel,Panvel,Maharashtra,410206,9930019795,5,6,"supplier, point_of_interest, establishment",18.990526499999998,73.1105249,localisy024282,ChIJb0pEo2rp5zsRnhigncXXQb0,,,,,,Industrial & B2B,Suppliers,Old Panvel
"Studio Merino - Shiv Timbers, Old Panvel, Navi Mumbai","488, Market Yard Rd, near Qazi Trading Company, Old Panvel, Panvel, Navi Mumbai, Panvel, Maharashtra 410206, India",,Panvel,Panvel,Maharashtra,410206,8424836161,5,1,"store, point_of_interest, establishment",18.980624499999998,73.1091986,localisy024283,ChIJ1f5uvUXp5zsRC_9B4_Y7eno,photos\localisy07271_1.jpg,,,,,Industrial & B2B,Suppliers,Old Panvel
Bisleri,"Neel Enterprises,Shop no.:2,Yamuna Complex,Panvel Railway station road, near Shree Sai Baba Temple Panvel, Forest Colony, Panvel, Maharashtra 410206, India",,Panvel,Panvel,Maharashtra,410206,,5,1,"supplier, wholesaler, food, point_of_interest, establishment",18.9879817,73.1193613,localisy024284,ChIJITUbOmno5zsRMX07ZBdX4LM,photos\localisy07282_1.jpg,,,,,Industrial & B2B,Suppliers,Old Panvel
Thakkar Ply,"Shree Duttaraj, Shop No 5 & 6, Near City Police Station, L U L U Dedhiya Marg Panvel Navi Mumbai Maharashtra 410206 IN, Lakshmi Narayan Rd, Old Panvel, Panvel, Maharashtra 410206, India",,Panvel,Panvel,Maharashtra,410206,9987080702,4.4,17,"general_contractor, point_of_interest, service, establishment",18.9874522,73.1101254,localisy024285,ChIJb6k-QWvo5zsRnCwLDpcQ3TQ,photos\localisy07284_1.jpg,,,,,Industrial & B2B,Suppliers,Old Panvel
Satguru Health Care,"Tulja bhavani CHS, near Dr. rajiv bhutkar clinic, behind Ashoka Gardens, Old Panvel, Panvel, Maharashtra 410206, India",,Panvel,Panvel,Maharashtra,410206,,4.5,14,"health, point_of_interest, establishment",18.9909498,73.1103679,localisy024286,ChIJdbO8MLvp5zsRagFkug6PjOo,photos\localisy07291_1.jpg,,,,,Industrial & B2B,Suppliers,Old Panvel
Aai Pharma Pharmaceuticals Distributors,"First Floor, Future Heights, Uran Naka, Old Panvel, Future Heights Building Near Uran Naka, Shop No. 7, Market Yard Road, Navi, Old Panvel, Panvel, Mumbai, Panvel, Maharashtra 410206, India",,Panvel,Panvel,Maharashtra,410206,8657194322,4.8,8,"pharmacy, health, store, point_of_interest, establishment",18.9815336,73.1086819,localisy024287,ChIJVVWVixLo5zsR_2P5XvSyziM,photos\localisy07294_1.jpg,,,,,Industrial & B2B,Suppliers,Old Panvel
ULTRASENSE PACKAGING SOLUTIONS,"Shop no 03, tulasi mangalam, plot no 53, sector 5A, Karanjade, Panvel, Karanjade, Maharashtra 410206, India",,Panvel,Panvel,Maharashtra,410206,9833295651,5,127,"manufacturer, service, point_of_interest, establishment",18.976663,73.1081124,localisy024288,ChIJ67hRkqDp5zsRtCzDZJdAoN0,photos\localisy07299_1.jpg,,,,,Industrial & B2B,Packaging,Old Panvel
V N ENTERPRISES,"Shop no 2, DISTRICT HOSPITAL, Mauli Apartment, Tilak Rd, opposite PANVEL, Manek Nagar, Old Panvel, Panvel, Maharashtra 410206, India",,Panvel,Panvel,Maharashtra,410206,8866813883,5,3,"store, point_of_interest, establishment",18.990624399999998,73.1087488,localisy024289,ChIJ2dKSOGjp5zsRTwt-W5MXg2E,,,,,,Industrial & B2B,Packaging,Old Panvel
Gurudeo Packaging And Printing pvt ltd,"28, Panvel Industrial Co-Op Estate Rd, Sector 15, Panvel Industrial Estate, Panvel, Maharashtra 410206, India",,Panvel,Panvel,Maharashtra,410206,,,,"point_of_interest, manufacturer, establishment",18.9988969,73.1109815,localisy024290,ChIJwQ3aMrrp5zsRlmBuJqKmWPM,,,,,,Industrial & B2B,Packaging,Old Panvel
Naresh Traders,"Shop no 8/10, Ratan plaza, Sant Rohidas Marg, near Karnala bank, Tapal Naka, Mominpada, Old Panvel, Panvel, wada, Panvel, Maharashtra 410206, India",,Panvel,Panvel,Maharashtra,410206,9594102000,,,"store, point_of_interest, establishment",18.9838056,73.1097295,localisy024291,ChIJa_mpVjHp5zsR1b7N5FVhCqs,photos\localisy07327_1.jpg,,,,,Industrial & B2B,Packaging,Old Panvel
A.K. Tech Instruments,"Shop no. 4, Neel Sai Ganga Plot, 408, Railway Station, opp. Sai Baba Mandir, Old Panvel, Panvel, Maharashtra 410206, India",,Panvel,Panvel,Maharashtra,410206,9833041444,4.9,40,"manufacturer, supplier, point_of_interest, establishment",18.987850599999998,73.11836269999999,localisy024292,ChIJkRqdO2no5zsR-ejIb4UEBfI,photos\localisy07341_1.jpg,,,,,Industrial & B2B,Packaging,Old Panvel
Raj Collection & Plastic,"Shop No.01 Dawodi Bldg Bhora Masjid Opp.Bank Of Baroda Tapal Naka, Old Panvel, Kacchi Mohalla, Old Panvel, Panvel, Maharashtra 410206, India",,Panvel,Panvel,Maharashtra,410206,,,,"transportation_service, point_of_interest, establishment",18.990375999999998,73.104165,localisy024293,ChIJ0XCAFhbo5zsR1Y0jyxYCdo0,,,,,,Industrial & B2B,Packaging,Old Panvel
Bhau Korde Masale,"Plot No. 45A, Market, Sahakar Nagar, 45B, Panvel, Maharashtra 410206, India",,Panvel,Panvel,Maharashtra,410206,8080758157,4.9,103,"wholesaler, store, point_of_interest, establishment",18.9796565,73.1126197,localisy024294,ChIJEX5RvHLo5zsRJMrbPPwgl1A,photos\localisy07350_1.jpg,,,,,Industrial & B2B,Packaging,Old Panvel
Printify 3D Hub : 3D printing solutions,"Neelkanth Residency, 301, DB Patil road, opp. lions club garden, Old Panvel, Panvel, Maharashtra 410206, India",,Panvel,Panvel,Maharashtra,410206,9326901935,5,7,"point_of_interest, service, establishment",18.9899433,73.1058694,localisy024295,ChIJd2YFw5_p5zsRMRCZXrHxzdw,photos\localisy07353_1.jpg,,,,,Industrial & B2B,Packaging,Old Panvel
Alizah Multimedia Solutions,"Om Sadanika CHS, C - 304, Mulla Hamid Rd, above TIPL Office, Old Panvel, Panvel, Maharashtra 410206, India",,Panvel,Panvel,Maharashtra,410206,9076095352,5,4,"clothing_store, store, point_of_interest, service, establishment",18.982593899999998,73.1107329,localisy024296,ChIJtTsSw73p5zsRGC_PpU8GVBA,photos\localisy07354_1.jpg,,,,,Industrial & B2B,Packaging,Old Panvel
BKC LOGISTICS,"Mansarovar Complex, 9/B-605, Sector 34, Kamothe, Panvel, Maharashtra 410209, India",,Kamothe,Panvel,Maharashtra,410209,9321011784,5,4,"point_of_interest, establishment",19.018084200000004,73.08678069999999,localisy024297,ChIJLzZ1Fz-JbqIRfWsrnKLfeuo,photos\localisy07360_1.jpg,,,,,Industrial & B2B,Logistics,Old Panvel
Ratan Logistics,"Shop No 1, Old Panvel, Panvel, Mumbai, Panvel, Maharashtra 410206, India",,Panvel,Panvel,Maharashtra,410206,9820768635,,,"courier_service, shipping_service, service, point_of_interest, establishment",18.991050700000002,73.11054829999999,localisy024298,ChIJzcr3RRXo5zsR_Nf0qsuycEg,,,,,,Industrial & B2B,Logistics,Old Panvel
S.N.P.S. Logistics LLP,"Krishna Building, 4D-82, KALPATARU RIVERSIDE, Takka Rd, near SBI Panvel, Old Panvel, Panvel, Maharashtra 410206, India",,Panvel,Panvel,Maharashtra,410206,,5,10,"point_of_interest, establishment",18.9784825,73.114442,localisy024299,ChIJ8Y3SO7Dp5zsRWykURXNQMBc,photos\localisy07363_1.jpg,,,,,Industrial & B2B,Logistics,Old Panvel
Exzone Logistics,"Office No.1,2,3, Ground, Nikki Tower, opp. Israily Talav, MCCH Society, Panvel, Maharashtra 410206, India",,Panvel,Panvel,Maharashtra,410206,,2.9,32,"transportation_service, point_of_interest, establishment",18.9825008,73.1155471,localisy024300,ChIJ1xkzlG3o5zsRN4R7kSwgvfI,photos\localisy07365_1.jpg,,,,,Industrial & B2B,Logistics,Old Panvel
Tirupati Courier Services Pvt. Ltd,"No. 1483/A, Shivaji Rd, Line Ali, Old Panvel, Panvel, Maharashtra 410206, India",,Panvel,Panvel,Maharashtra,410206,,1.9,45,"courier_service, shipping_service, service, point_of_interest, establishment",18.9902978,73.11358229999999,localisy024301,ChIJZUlP7mro5zsRvkryFc3Pjd8,photos\localisy07376_1.jpg,,,,,Industrial & B2B,Logistics,Old Panvel
Charang Baba Logistics,"1, Khanda Colony, Sector 9, Greater Khanda, Panvel, Mumbai, Panvel, Maharashtra 410206, India",,Panvel,Panvel,Maharashtra,410206,9076156890,,,"transportation_service, point_of_interest, establishment",19.0066636,73.1145138,localisy024302,ChIJx-FN_kjo5zsRWlxcv_Nd8z8,,,,,,Industrial & B2B,Logistics,Old Panvel
COINSECO Head Ofiice Panvel,"Bandar Rd, Old Panvel, Panvel, Navi Mumbai, Panvel, Maharashtra 410206, India",,Panvel,Panvel,Maharashtra,410206,,5,1,"storage, point_of_interest, establishment",18.9887975,73.1036151,localisy024303,ChIJe-a1mJTp5zsRcihzFnyBpOg,,,,,,Industrial & B2B,Logistics,Old Panvel
Prosperity Logistics Solution,"5, Sadguru Universal, Sector 17, Greater Khanda, Panvel, Mumbai, Panvel, Maharashtra 410206, India",,Panvel,Panvel,Maharashtra,410206,9322626167,,,"transportation_service, point_of_interest, establishment",19.0090197,73.1056389,localisy024304,ChIJq6qqATTo5zsRQp2HdJjbmmQ,,,,,,Industrial & B2B,Logistics,Old Panvel
AllShip Global,"STEEL CHAMBER COMPLEX, Office No.: C 711 , 1ST Floor, PLOT NO.- 88, 514, Panvel Co-op Housing Society, Kalamboli, Panvel, Maharashtra 410206, India",,Panvel,Panvel,Maharashtra,410206,9987288800,5,1,"transportation_service, point_of_interest, establishment",18.9911572,73.1051548,localisy024305,ChIJAQAw6FLC5zsRBBe23bJhzXg,photos\localisy07412_1.jpg,,,,,Industrial & B2B,Logistics,Old Panvel
"SHREE SWAMI MACHINERY, PANVEL","SURVEY NO 77/1, NOORI MARKET, Palaspe Phata, Panvel, Kolkhe, Maharashtra 410206, India",,Panvel,Panvel,Maharashtra,410206,8446880919,5,10,"point_of_interest, establishment",18.9653714,73.1319659,localisy024306,ChIJV0dJcu3n5zsRLChNP9a0baI,photos\localisy07415_1.jpg,,,,,Industrial & B2B,Machinery,Old Panvel
SHUBHAM MACHINERY HOUSE,"Masjid Complex, Near, MG Rd, near Pancharatna circle, Mominpada, Old Panvel, Panvel, Navi Mumbai, Panvel, Maharashtra 410206, India",,Panvel,Panvel,Maharashtra,410206,9322398929,5,2,"car_repair, point_of_interest, service, establishment",18.9832224,73.1120918,localisy024307,ChIJZ7Ot7UDo5zsRnEJeM8SGWLQ,photos\localisy07417_1.jpg,,,,,Industrial & B2B,Machinery,Old Panvel
Sarvoday Agro And Machinery,"Market Yard Rd, Old Panvel, Panvel, Maharashtra 410206, India",,Panvel,Panvel,Maharashtra,410206,9920371552,4,9,"supplier, food, point_of_interest, establishment",18.9808575,73.11434,localisy024308,ChIJaQP7f3Lo5zsRma_04f4x1rQ,photos\localisy07418_1.jpg,,,,,Industrial & B2B,Machinery,Old Panvel
Famous Machine Tools,"Plot No 52, KMK House, Panvel Industrial Co-operative Estate, Old, Mumbai Pune Highway, opp. Amardham Mortuary, Panvel Industrial Estate, Panvel, Maharashtra 410206, India",,Panvel,Panvel,Maharashtra,410206,,5,1,"manufacturer, point_of_interest, establishment",18.9973685,73.1131734,localisy024309,ChIJo6QOi03p5zsRoOCP0jeNzUk,,,,,,Industrial & B2B,Machinery,Old Panvel
Durga Sewing Machine,"JK Plaza Building, Shop No. 3, Opposite Durgamata Mandir, Near Arcee Electronics, Shivaji Chowk, MTNL Rd, Old Panvel, Panvel, Maharashtra 410206, India",,Panvel,Panvel,Maharashtra,410206,9867155416,4.9,398,"manufacturer, supplier, store, point_of_interest, service, establishment",18.9866818,73.1123242,localisy024310,ChIJv9G0Xmvo5zsRNPo3Gic4eJk,photos\localisy07420_1.jpg,,,,,Industrial & B2B,Machinery,Old Panvel
Yashwant Enterprises,"SHOP NO. 6, opp. NADKARNI Hospital, Old Panvel, Panvel, Maharashtra 410206, India",,Panvel,Panvel,Maharashtra,410206,8422912625,4.6,54,"manufacturer, food, point_of_interest, establishment",18.9931286,73.1142904,localisy024311,ChIJtblGvGro5zsRuz8tlwUCvyI,photos\localisy07422_1.jpg,,,,,Industrial & B2B,Machinery,Old Panvel
WELCOME POWER TOOLS & MACHINE,"Karnjade, Sector 3, Dombala, Panvel, Vadghar, Maharashtra 410206, India",,Panvel,Panvel,Maharashtra,410206,7400278876,4.5,8,"italian_restaurant, manufacturer, restaurant, food, point_of_interest, service, establishment",18.9791405,73.0981584,localisy024312,ChIJX6H21z_p5zsR06cNRVx9udE,photos\localisy07423_1.jpg,,,,,Industrial & B2B,Machinery,Old Panvel
Technopet Machineries,"A, Cidco Industrial Sector, Plot no 40, Rd Number 3, Sector-1, New Panvel East, Panvel, Maharashtra 410206, India",,Panvel,Panvel,Maharashtra,410206,9821040637,4.8,48,"manufacturer, consultant, point_of_interest, service, establishment",18.997763199999998,73.1179223,localisy024313,ChIJj1wyoOC25zsRHemXDkQHCfA,photos\localisy07425_1.jpg,,,,,Industrial & B2B,Machinery,Old Panvel
National Machine Tools,"1, Forest Colony, Panvel, Maharashtra 410206, India",,Panvel,Panvel,Maharashtra,410206,9819065513,5,1,"manufacturer, point_of_interest, establishment",18.9947563,73.1153685,localisy024314,ChIJKVy5WCrp5zsRukQkSGy_0bw,photos\localisy07426_1.jpg,,,,,Industrial & B2B,Machinery,Old Panvel
National Machinery,"Shop 03, MG Rd, Mominpada, Old Panvel, Panvel, Maharashtra 410206, India",,Panvel,Panvel,Maharashtra,410206,8080805015,4.8,4,"car_repair, store, point_of_interest, service, establishment",18.9832693,73.112107,localisy024315,ChIJHagA5frp5zsRy9GuDbh4lPs,photos\localisy07428_1.jpg,,,,,Industrial & B2B,Machinery,Old Panvel
A To Z Sewing Machine Sale & Service,"Municipal Complex, Uran Rd, Old Panvel, Panvel, Maharashtra 410206, India",,Panvel,Panvel,Maharashtra,410206,9820374870,4.6,34,"point_of_interest, service, establishment",18.987100899999998,73.1114893,localisy024316,ChIJy825rBTo5zsRfO3ze-d-aW4,photos\localisy07432_1.jpg,,,,,Industrial & B2B,Machinery,Old Panvel
PNG GOLD FLOUR & MACHINERY,"SHOP NO 6 NEEL ENSPIRE CHS OPP NADKARNI HOSPITAL V.K, HIGHSCHOOL ROAD, Old Panvel, Panvel, Maharashtra 410206, India",,Panvel,Panvel,Maharashtra,410206,8291246565,,,"manufacturer, food, point_of_interest, establishment",18.9930929,73.1143297,localisy024317,ChIJuWuMC-Dp5zsRAVJBBgB6wWY,photos\localisy07435_1.jpg,,,,,Industrial & B2B,Machinery,Old Panvel
A vinod sewing machine,"Chhatrapati Shivaji Maharaj Chowk, Old Panvel, Panvel, Maharashtra 410206, India",,Panvel,Panvel,Maharashtra,410206,9022142018,5,2,"point_of_interest, service, establishment",18.986829,73.1112584,localisy024318,ChIJCwkVZhXo5zsRHy_ie7hR6B4,photos\localisy07436_1.jpg,,,,,Industrial & B2B,Machinery,Old Panvel
Borewell metro,"Datta chhaya Apartment, shop-3, Old Panvel, Near Hotel Garden, Nityanand Nagar, Old Panvel, Panvel, Mumbai, Panvel, Maharashtra 410206, India",,Panvel,Panvel,Maharashtra,410206,9224586559,4.9,18,"general_contractor, manufacturer, supplier, point_of_interest, service, establishment",18.997021699999998,73.1088846,localisy024319,ChIJu8iQwynp5zsRLWtTHngjyts,photos\localisy07437_1.jpg,,,,,Industrial & B2B,Machinery,Old Panvel
Star Shilai Machine,"1, Panvel, Yashasvi Apartment, Shivaji Rd, Old Panvel, Navi, Mumbai, Panvel, Maharashtra 410206, India",,Panvel,Panvel,Maharashtra,410206,9324390560,5,3,"point_of_interest, service, establishment",18.9899056,73.1124394,localisy024320,ChIJ__9722ro5zsR29B7c_vG2Xw,,,,,,Industrial & B2B,Machinery,Old Panvel
Star Shilai Machine,"MCCH Society, Vasudev Balwant Phadke Rd, Old Panvel, Panvel, Maharashtra 410206, India",,Panvel,Panvel,Maharashtra,410206,9324390560,1,1,"manufacturer, supplier, store, point_of_interest, establishment",18.987862099999997,73.11393,localisy024321,ChIJK90Wa2vo5zsReyBQA_ICAl4,photos\localisy07444_1.jpg,,,,,Industrial & B2B,Machinery,Old Panvel
Shilai (Sewing)Machine repairing and Spares,"Mahatma School Road Trimurti Society, Sector-8 Khanda Colony, Sector - 8, New Panvel East, Panvel, Maharashtra 410206, India",,Panvel,Panvel,Maharashtra,410206,9503640708,3,2,"point_of_interest, service, establishment",19.0087592,73.111682,localisy024322,ChIJIaCYI3fp5zsRy56hEYvNGJ8,photos\localisy07448_1.jpg,,,,,Industrial & B2B,Machinery,Old Panvel
Manoj (Shilai) Sewing Machine,"Balaram Paradise, Flat no 303, sector R1, Karanjade, near SGT School, Vadghar, Panvel, Vadghar, Maharashtra 410206, India",,Panvel,Panvel,Maharashtra,410206,,,,"point_of_interest, service, establishment",18.9818535,73.0967506,localisy024323,ChIJK_cD8ezp5zsRiGnAj5ctoSA,photos\localisy07450_1.jpg,,,,,Industrial & B2B,Machinery,Old Panvel
SHRI SAI SHRADHA SILAI MACHINE,"Shop No 28,29, HONGKONG MARKET, near POST OFFICE, Sector 19, New Panvel East, Panvel, Maharashtra 410206, India",,Panvel,Panvel,Maharashtra,410206,9167068602,,,"tailor, point_of_interest, service, establishment",18.998022499999998,73.12260549999999,localisy024324,ChIJn9VANkPo5zsRNrXkVhLlHgM,,,,,,Industrial & B2B,Machinery,Old Panvel
Nice Digital Prints,"Neel empress shop no-24/25/26 plot no-92&93 sector-1s, Panvel Matheran Rd, near HDFC Bank, Sector 1A, New Panvel East, Panvel, Maharashtra 410206, India",,Panvel,Panvel,Maharashtra,410206,7506325566,4.4,51,"point_of_interest, service, establishment",18.996741999999998,73.118709,localisy024325,ChIJyfVTx0Po5zsRCUkqWmCtXJQ,photos\localisy07479_1.jpg,,,,,Industrial & B2B,Printing Press,Old Panvel
Shailesh Printing Press,"156, ""Durga Prasad"", M.C.C.H Society, Vasudev Balwant Phadke Rd, Old Panvel, Panvel, Maharashtra 410206, India",,Panvel,Panvel,Maharashtra,410206,9820848873,3.2,5,"manufacturer, store, point_of_interest, service, establishment",18.9878733,73.1134494,localisy024326,ChIJ1QtwbWvo5zsRm8w3M5cKmcM,photos\localisy07482_1.jpg,,,,,Industrial & B2B,Printing Press,Old Panvel
Aum Printers ओम प्रिंटर्स,"Office No. 06, Nityanand Krupa Building, Devdhar Wada, Old Prabhu Ali, opp. Jankalyan Bank, Old Panvel, Panvel, Maharashtra 410206, India",,Panvel,Panvel,Maharashtra,410206,8898564703,5,2,"manufacturer, store, point_of_interest, service, establishment",18.989119799999997,73.1111343,localisy024327,ChIJdQNJPvfp5zsRKGYhwl-9xmo,photos\localisy07491_1.jpg,,,,,Industrial & B2B,Printing Press,Old Panvel
Shree Mudra Commercial Art Printers,"X4Q5+RQG, Tilak Rd, Old Panvel, Panvel, Maharashtra 410206, India",,Panvel,Panvel,Maharashtra,410206,9820544925,5,1,"point_of_interest, establishment",18.9895526,73.1094431,localisy024328,ChIJ2d_FGxXo5zsRlVxOs7ecSJU,,,,,,Industrial & B2B,Printing Press,Old Panvel
Sigma Prints,"SHOP NO-8, ANAND NAGAR COMPLEX, near Chhatrapati Shivaji Maharaj Chowk, Old Panvel, Panvel, Maharashtra 410206, India",,Panvel,Panvel,Maharashtra,410206,9372957454,3.7,3,"clothing_store, store, point_of_interest, manufacturer, service, establishment",18.987959999999998,73.11203139999999,localisy024329,ChIJ8VDFOkHp5zsRYzvncLWeXso,photos\localisy07505_1.jpg,,,,,Industrial & B2B,Printing Press,Old Panvel
qralink,"COMP. BLDG NO-12, Sai Raj Paradise, 403, Sai Nagar, Old Panvel, Panvel, Maharashtra 410206, India",,Panvel,Panvel,Maharashtra,410206,9158119158,5,2,"point_of_interest, establishment",18.992934700000003,73.0994145,localisy024330,ChIJ-UY29th76DsRWkNNReMXlRY,photos\localisy07508_1.jpg,,,,,Industrial & B2B,Printing Press,Old Panvel
San Graphics,"Shop No. 16, Cidco Complex, Plot No. 9, behind Raigad Bank, Sector-1, New Panvel East, Panvel, Maharashtra 410206, India",,Panvel,Panvel,Maharashtra,410206,9930597629,5,1,"store, point_of_interest, manufacturer, service, establishment",18.9986695,73.12247800000002,localisy024331,ChIJ8zlzV0Po5zsRVpouHhQM18A,photos\localisy07511_1.jpg,,,,,Industrial & B2B,Printing Press,Old Panvel
Om Digital Prints,"Shop no 2 plot no 37, arihant CHS, 16, Sector 16, New Panvel East, Panvel, Maharashtra 410206, India",,Panvel,Panvel,Maharashtra,410206,,,,"store, point_of_interest, manufacturer, service, establishment",18.990298799999998,73.12520839999999,localisy024332,ChIJ6wFUTGbo5zsR20jRkVJAW7w,photos\localisy07513_1.jpg,,,,,Industrial & B2B,Printing Press,Old Panvel
Avishkar 3D Printing Services,"C Wing, Shakshi Park, Sukapur Rd, near Adai circle, behind Aangan hotel, New Panvel East, Panvel, Navi Mumbai, Palidevad, Maharashtra 410206, India",,Panvel,Panvel,Maharashtra,410206,,5,3,"point_of_interest, service, establishment",18.9987305,73.12846689999999,localisy024333,ChIJXVK8vSDp5zsRvEjVH_6RWdk,photos\localisy07515_1.jpg,,,,,Industrial & B2B,Printing Press,Old Panvel
VAISHNAVI SCREEN & OFFSET,"Shop No 5, DATTA DIGAMBAR CHS, near HANUMAN MANDIR, Line Ali, Old Panvel, Panvel, Maharashtra 410206, India",,Panvel,Panvel,Maharashtra,410206,9769698344,5,3,"store, point_of_interest, manufacturer, service, establishment",18.9898339,73.112864,localisy024334,ChIJL6ffizDp5zsRvrM3uyDKE1g,photos\localisy07516_1.jpg,,,,,Industrial & B2B,Printing Press,Old Panvel
VP DIGITAL,"1st Floor , Shop No 108, Vp Digital, opp. Karnala Bank, Tapal Naka, Old Panvel, Panvel, Maharashtra 410206, India",,Panvel,Panvel,Maharashtra,410206,,4.7,3,"point_of_interest, service, establishment",18.9842375,73.10941799999999,localisy024335,ChIJl2RjNmjp5zsRp2fGMX2_VEQ,,,,,,Industrial & B2B,Printing Press,Old Panvel
Archana Art’s Graphics – Customised Printing & Gifting,"Shop No - 7, Ashapura Apartment, Plot No - 14, Sector 9, Khanda Colony, Panvel, Maharashtra 410206, India",,Panvel,Panvel,Maharashtra,410206,8108458429,5,26,"gift_shop, supplier, store, point_of_interest, manufacturer, service, establishment",19.0071355,73.1135813,localisy024336,ChIJI5KImIfp5zsRhW-68jKNc6o,photos\localisy07521_1.jpg,,,,,Industrial & B2B,Printing Press,Old Panvel
Shree Ganesha Printing and Gifts,"Shop no 16, Shiva Complex, New, Ganesh market, Sector 19, New Panvel East, Panvel, Maharashtra 410206, India",,Panvel,Panvel,Maharashtra,410206,9172613830,5,5,"store, point_of_interest, manufacturer, service, establishment",18.9965256,73.12354909999999,localisy024337,ChIJ0-bvUEzp5zsRAaZ8V1hqkMs,photos\localisy07522_1.jpg,,,,,Industrial & B2B,Printing Press,Old Panvel
"Ronak Graphics, New Panvel","Twinkal CHSm, Shop No.6, Plot No.1&2, near Shantiniketan School, Sector-1, New Panvel East, Panvel, Maharashtra 410206, India",,Panvel,Panvel,Maharashtra,410206,,5,1,"point_of_interest, service, establishment",18.9991377,73.119254,localisy024338,ChIJIzDVcgDp5zsRNG7NdjI1u2k,photos\localisy07524_1.jpg,,,,,Industrial & B2B,Printing Press,Old Panvel
The Print Shop,"Shop No. 9, Ground Floor, Karnala Sports Complex, Panvel, Karnala Sports Academy, X4X3+R82, Old Panvel, Navi, Old Panvel, Panvel, Mumbai, Panvel, Maharashtra 410206, India",,Panvel,Panvel,Maharashtra,410206,9372145670,,,"store, point_of_interest, manufacturer, service, establishment",18.999531599999997,73.10330859999999,localisy024339,ChIJD-frsTvo5zsRnzv678zKs3A,,,,,,Industrial & B2B,Printing Press,Old Panvel
Alfa Printer,"Natya Gruh, Aba Saheb Panhale Marg, near Vasudev Balwant Phadke Road, Old Panvel, Panvel, Maharashtra 410206, India",,Panvel,Panvel,Maharashtra,410206,9987997701,,,"store, point_of_interest, manufacturer, service, establishment",18.9871387,73.1100953,localisy024340,ChIJy-LAvRTo5zsRlWMcNrum3yE,photos\localisy07530_1.jpg,,,,,Industrial & B2B,Printing Press,Old Panvel
SNS Global Traders,"Gulab CHS, 3C-102, Mahalaxmi Nagar, Sector 9, Panvel, Nere, Maharashtra 410206, India",,Panvel,Panvel,Maharashtra,410206,,5,1,"point_of_interest, service, establishment",19.009543999999998,73.1705193,localisy024341,ChIJVyRApAjp5zsRfjf4DoxdTp8,photos\localisy07537_1.jpg,,,,,Industrial & B2B,Import Export Agents,Old Panvel
Arnav Enterprises,"Kanak Sarovar Co-operative Housing Society, Old Thane Naka Rd, Banglow Society, Nityanand Nagar, HOC Colony, Panvel, Maharashtra 410206, India",,Panvel,Panvel,Maharashtra,410206,9224152067,4.7,11,"local_government_office, government_office, point_of_interest, establishment",18.994724599999998,73.1068555,localisy024342,ChIJBV7xQ5Hp5zsRv0nWHxiTuTc,photos\localisy07558_1.jpg,,,,,Industrial & B2B,Import Export Agents,Old Panvel
AAOPEN Global,"One World CHS, Plot 1&2, Sector 7, Khanda Colony, Panvel, Maharashtra 410206, India",,Panvel,Panvel,Maharashtra,410206,,,,"point_of_interest, service, establishment",19.011950199999998,73.1122565,localisy024343,ChIJ1wOO1GXp5zsRBYMTQdlslig,,,,,,Industrial & B2B,Import Export Agents,Old Panvel
Perfect Fly World Private Limited,"Flat No.-4,Sector-11 Opp. Vashi Plaza, Sector-10, New Panvel East, Panvel, Maharashtra 410206, India",,Panvel,Panvel,Maharashtra,410206,,,,"transportation_service, shipping_service, point_of_interest, service, establishment",19.001075999999998,73.1259615,localisy024344,ChIJ1S2FCVvo5zsRM8vMrjjyjXA,,,,,,Industrial & B2B,Import Export Agents,Old Panvel
Unique International Trader,"D-5088 5th FLOOR, BIMA COMPLEX, near STEEL MARKET, KALAMBOLI, Sector AWC, Kalamboli, Panvel, Maharashtra 410218, India",,Roadpali,Panvel,Maharashtra,410218,9987457271,,,"corporate_office, point_of_interest, establishment",19.035771999999998,73.1091429,localisy024345,ChIJAQAAUMDp5zsRUWVnfvA9XZQ,,,,,,Industrial & B2B,Import Export Agents,Old Panvel
Bhumi Equipments,"13, National Paradise, Plot No 290/1, Takka, Dist, Takka Colony, Panvel, Mumbai, Panvel, Maharashtra 410206, India",,Panvel,Panvel,Maharashtra,410206,9167632596,4,1,"point_of_interest, establishment",18.980076699999998,73.1164659,localisy024346,ChIJc23L02vp5zsRGa68Rwbu8Pg,photos\localisy07608_1.jpg,,,,,Industrial & B2B,Industrial Equipment Rental,Old Panvel
Imperial Cabins,"NH 48, Rohinjan, Panvel, Maharashtra 410208, India",,Taloja,Panvel,Maharashtra,410208,8043048247,3.9,11,"general_contractor, supplier, manufacturer, service, point_of_interest, establishment",19.090099,73.0781434,localisy024347,ChIJwSXRKtHB5zsR3siGZy8UZW4,photos\localisy07641_1.jpg,,,,,Industrial & B2B,Industrial Equipment Rental,Old Panvel
ONKAAR SERVICES,"03 OFFICE, AMRUT GARDAN, Motha Khanda, Greater Khanda, Panvel, Maharashtra 410206, India",,Panvel,Panvel,Maharashtra,410206,,,,"general_contractor, service, point_of_interest, establishment",19.009652799999998,73.1043609,localisy024348,ChIJOaxKFBzp5zsRa5N6NOpV0ws,,,,,,Industrial & B2B,Industrial Equipment Rental,Old Panvel
Shreenath Constructions,"Pandurang Niwas, 002, MG Rd, Tapal Naka, Old Panvel, Panvel, Maharashtra 410206, India",,Panvel,Panvel,Maharashtra,410206,8169219931,,,"general_contractor, service, point_of_interest, establishment",18.9848341,73.10999319999999,localisy024349,ChIJFbYZNwDp5zsRXEoV2yv8tws,photos\localisy07651_1.jpg,,,,,Industrial & B2B,Industrial Equipment Rental,Old Panvel
Ismail scrap centre,"Panvel Station Rd, near navnath temple, Forest Colony, Panvel, Maharashtra 410206, India",,Panvel,Panvel,Maharashtra,410206,8433840159,,,"point_of_interest, establishment",18.9895818,73.1190755,localisy024350,ChIJo1ub2bHp5zsRDCujUzitIrw,,,,,,Industrial & B2B,Scrap Dealers,Old Panvel
Jameer ScrapWala Panvel,"102 Babaji Landmark, Shop No A1, Ground Floor, Takka Gao, Takka Rd, Sector 21, Old Panvel, Panvel, Maharashtra 410206, India",,Panvel,Panvel,Maharashtra,410206,9324183433,4.2,5,"point_of_interest, service, establishment",18.984810700000004,73.1198976,localisy024351,ChIJmbrNqbHp5zsRUVzstFioxpI,photos\localisy07667_1.jpg,,,,,Industrial & B2B,Scrap Dealers,Old Panvel
Pradeep raj scrap karnjade,"Sector-2A, Panvel, Vadghar, Maharashtra 410206, India",,Panvel,Panvel,Maharashtra,410206,7525891095,,,"auto_parts_store, car_repair, service, store, point_of_interest, establishment",18.9812531,73.099668,localisy024352,ChIJ6V4OgyTp5zsRcgvlomJxuZs,photos\localisy07682_1.jpg,,,,,Industrial & B2B,Scrap Dealers,Old Panvel
Balaji old paper mart,"X3PV+452, Vadghar, Panvel, Navi Mumbai, Vadghar, Maharashtra 410206, India",,Panvel,Panvel,Maharashtra,410206,,,,"auto_parts_store, car_repair, service, store, point_of_interest, establishment",18.9846354,73.0926354,localisy024353,ChIJ-2w9MPfp5zsRywC4RdCkMU4,,,,,,Industrial & B2B,Scrap Dealers,Old Panvel
Scrap wala,"Mumbai - Goa Hwy, Palaspa, Panvel, Navi Mumbai, Palaspe, Maharashtra 410206, India",,Panvel,Panvel,Maharashtra,410206,,,,"point_of_interest, establishment",18.9490594,73.1303752,localisy024354,ChIJ7bP4ySbn5zsRE_CLizztrVs,photos\localisy07690_1.jpg,,,,,Industrial & B2B,Scrap Dealers,Old Panvel
THE BLOOM & GROW NURSARY,"the bloom & grow nursary, Dr Babasaheb Ambedkar road, opposite side of patvardhan hospital, in gujarati ground, Old Panvel, Panvel, Maharashtra 410206, India",,Panvel,Panvel,Maharashtra,410206,9137399903,,,"farm, wholesaler, point_of_interest, service, establishment",18.9887274,73.113415,localisy024355,ChIJMwqrY9Xp5zsRsWsdSeb-uqI,photos\localisy07721_1.jpg,,,,,Agriculture,Plant Nurseries,Old Panvel
Nature Nest,"X4Q5+HG7, Old Panvel, Panvel, Maharashtra 410206, India",,Panvel,Panvel,Maharashtra,410206,,5,1,"farm, wholesaler, point_of_interest, service, establishment",18.9889008,73.1087907,localisy024356,ChIJ1STaFgDp5zsRIeUfZ9jh7Ig,photos\localisy07722_1.jpg,,,,,Agriculture,Plant Nurseries,Old Panvel
RAIGAD POTS,"Shop No 1, ROSE VILLA, opposite AXIS BANK, SECTOR 3, Karanjade, Panvel, Mumbai, Karanjade, Maharashtra 410206, India",,Panvel,Panvel,Maharashtra,410206,8369360053,5,4,"farm, wholesaler, point_of_interest, service, establishment",18.9812852,73.1018079,localisy024357,ChIJ8wY19jvp5zsRG5NDT1hxUOs,,,,,,Agriculture,Plant Nurseries,Old Panvel
"Sanas Wholesale Nursery – Chouk Fata, Panvel","Chouk Fata, Junction, Mumbai–Pune Highway, Panvel, Vavandal, Maharashtra 410206, India",,Panvel,Panvel,Maharashtra,410206,9090401616,4.2,31,"wholesaler, point_of_interest, establishment",18.8918669,73.26013999999999,localisy024358,ChIJyaFhiWrl5zsRzBI7dHPxmPI,photos\localisy07735_1.jpg,,,,,Agriculture,Plant Nurseries,Old Panvel
Sunil rose nursery plant ☘️,"78/1, Panvel Matheran Rd, near Kakaji ni wadi, AT, Panvel, Akurli, Maharashtra 410206, India",,Panvel,Panvel,Maharashtra,410206,,,,"wholesaler, point_of_interest, establishment",19.002678,73.143013,localisy024359,ChIJufbdXgDp5zsRBfg2O67ZF7U,,,,,,Agriculture,Plant Nurseries,Old Panvel
Mahadev rose nursery,"Naya Nagar, Forest Colony, Panvel, Maharashtra 410206, India",,Panvel,Panvel,Maharashtra,410206,7045180148,,,"farm, wholesaler, point_of_interest, service, establishment",18.9894007,73.1175162,localisy024360,ChIJy118q0Pp5zsRzeC_A4u9d70,,,,,,Agriculture,Plant Nurseries,Old Panvel
Harla ceramic pots - by sadabahar nursery,"Sadabahar nursery college road sec3A karanjade, Old Panvel, Karanjade, Maharashtra 410206, India",,Panvel,Panvel,Maharashtra,410206,,3.5,2,"store, point_of_interest, establishment",18.9813655,73.10183119999999,localisy024361,ChIJzz71WErp5zsRO_9ISP7snGc,photos\localisy07749_1.jpg,,,,,Agriculture,Plant Nurseries,Old Panvel
Vikram Nurseri,"Shop No 1, near by Khanda Bus Stop, Sector 7, Khanda Colony, Panvel, Maharashtra 410206, India",,Panvel,Panvel,Maharashtra,410206,9835006745,,,"farm, wholesaler, point_of_interest, service, establishment",19.0091017,73.11193759999999,localisy024362,ChIJK-GDcz7p5zsRgy4memZqbbY,,,,,,Agriculture,Plant Nurseries,Old Panvel
Kanges VegBox,"1, Apmc Market, Old Panvel, Panvel, Maharashtra 410206, India",,Panvel,Panvel,Maharashtra,410206,9768438642,4.8,4,"grocery_store, market, farm, food_store, wholesaler, store, food, point_of_interest, service, establishment",18.9804866,73.1115001,localisy024363,ChIJ78KRxvLp5zsRJYAZIt_KJLk,photos\localisy07760_1.jpg,,,,,Agriculture,Plant Nurseries,Old Panvel
Swadeshi Farms Herbals,"Fortune Symphony CHS, A-02, Dist, next to Central Bank of India, Panvel, Harigram, Navi Mumbai, Maharashtra 410206, India",,Panvel,Panvel,Maharashtra,410206,9766637655,4.5,15,"farm, supplier, wholesaler, health, store, food, point_of_interest, service, establishment",19.022479099999998,73.154894,localisy024364,ChIJ6X7CMITp5zsRzRoySyEqTE0,photos\localisy07764_1.jpg,,,,,Agriculture,Plant Nurseries,Old Panvel
BRIJKISHORE SHAH,"Shop No 1 Vivhumbhe Gav, Sector 16, New Panvel East, Panvel, Maharashtra 410206, India",,Panvel,Panvel,Maharashtra,410206,9137613932,,,"farm, wholesaler, point_of_interest, service, establishment",18.9873798,73.1290077,localisy024365,ChIJuzapdGvp5zsR1R5FN5R3TEE,,,,,,Agriculture,Plant Nurseries,Old Panvel
Adya Krantiveer Vasudev Balwant Phadke Auditorium,"Doctor Babasaheb, Ambedkar Rd, near Rotary Garden, Old Panvel, Panvel, Maharashtra 410206, India",,Panvel,Panvel,Maharashtra,410206,9137835934,4.3,4189,"auditorium, performing_arts_theater, event_venue, point_of_interest, establishment",18.987291799999998,73.1107002,localisy024366,ChIJ1VebuhTo5zsRYm9PzfLtwIM,photos\localisy07779_1.jpg,,,,,Entertainment & Leisure,Movie Theaters,Old Panvel
RUDRA GAMING ZONE,"Vignaharta plot no 187, Sector R4, near ambika mata mandir, Vadghar, Panvel, Karanjade, Vadghar, Maharashtra 410206, India",,Panvel,Panvel,Maharashtra,410206,9076129555,5,21,"cafe, food, point_of_interest, establishment",18.9847093,73.0988897,localisy024367,ChIJT_yQ09jp5zsRpHOaT4rU7lA,photos\localisy07785_1.jpg,,,,,Entertainment & Leisure,Gaming Zones,Old Panvel
INFINITY ZONE,"Kalash Residency, Sector 4, Karanjade, Panvel, Mumbai, Karanjade, Maharashtra 410206, India",,Panvel,Panvel,Maharashtra,410206,8104553200,4.8,13,"store, point_of_interest, establishment",18.977643999999998,73.102514,localisy024368,ChIJPdVZeADp5zsRHSkU1xymD-k,photos\localisy07798_1.jpg,,,,,Entertainment & Leisure,Gaming Zones,Old Panvel
BREAKROOM,"3rd floor, Trimurti sadan, Plot no-30, Sector - 8, Khanda Colony, Panvel, Maharashtra 410206, India",,Panvel,Panvel,Maharashtra,410206,9137294841,5,44,"cafe, sports_club, food, point_of_interest, association_or_organization, establishment",19.0074351,73.1110005,localisy024369,ChIJ3yJOWy7p5zsRirZMmuZpmz4,photos\localisy07804_1.jpg,,,,,Entertainment & Leisure,Gaming Zones,Old Panvel
Zozila.com,"Plot/Survey No: 768,768/1,Urmila Kunj-1st Floor,MG Road, Kapad Bazar, Mirchi Galli Naka, Old Panvel, Panvel, Maharashtra 410206, India",,Panvel,Panvel,Maharashtra,410206,7021013352,4.6,612,"store, point_of_interest, establishment",18.9860339,73.1088182,localisy024370,ChIJCyjfiCzp5zsRPOBWFTRQvtY,photos\localisy07819_1.jpg,,,,,Entertainment & Leisure,Gaming Zones,Old Panvel
Vedic Tree Wonderland,"Amrut darshan, Plot no. 24, Sector 4, Karanjade, Maharashtra 410206, India",,Panvel,Panvel,Maharashtra,410206,9320067800,5,45,"indoor_playground, playground, point_of_interest, establishment",18.9771698,73.1032688,localisy024371,ChIJEwm9Dtjp5zsR-jUiZAIj83s,photos\localisy07821_1.jpg,,,,,Entertainment & Leisure,Gaming Zones,Old Panvel
Ground Zero Turf,"Neelkanth Landmark, behind Orion Mall, Forest Colony, Panvel, Maharashtra 410206, India",,Panvel,Panvel,Maharashtra,410206,9321234007,4.4,167,"sports_complex, sports_activity_location, point_of_interest, establishment",18.9943939,73.1160914,localisy024372,ChIJYxvhDLLp5zsRC_JbHp6ecsY,photos\localisy07831_1.jpg,,,,,Entertainment & Leisure,Gaming Zones,Old Panvel
MCCH Society Ground,"114, MTNL Rd, MCCH Society, Panvel, Maharashtra 410206, India",,Panvel,Panvel,Maharashtra,410206,,4.3,814,"playground, point_of_interest, establishment",18.9856685,73.11415079999999,localisy024373,ChIJBzZShmzo5zsRAfOQF11brqk,photos\localisy07836_1.jpg,,,,,Entertainment & Leisure,Gaming Zones,Old Panvel
Game of Flame Family Restaurant,"Shop no. 6, Shiv Kamal Bldg, Sector 4, Karanjade, Panvel, Karanjade, Maharashtra 410206, India",,Panvel,Panvel,Maharashtra,410206,8928399106,4.1,415,"restaurant, family_restaurant, chinese_restaurant, food, point_of_interest, establishment",18.9765977,73.10157389999999,localisy024374,ChIJ7XtVJSXp5zsRZsO1OcHTnsU,photos\localisy07837_1.jpg,,,,,Entertainment & Leisure,Gaming Zones,Old Panvel
Taluka Krida Sankul,"X4W4+X7P, Road, HOC Colony, Panvel, Maharashtra 410206, India",,Panvel,Panvel,Maharashtra,410206,,4.2,48,"sports_complex, sports_activity_location, point_of_interest, establishment",18.9974645,73.10571089999999,localisy024375,ChIJ_3FQBDLp5zsRCdL4M5xHU9M,photos\localisy07860_1.jpg,,,,,Entertainment & Leisure,Sports Clubs,Old Panvel
RAINBOW SPORTS & CULTURAL ASSOCIATION,"Sector 18,Cidco Community Centre,New Panvel, Navi Mumbai, Sector 18, New Panvel East, Panvel, Maharashtra 410206, India",,Panvel,Panvel,Maharashtra,410206,,4.7,3,"sports_club, association_or_organization, point_of_interest, establishment",18.994690900000002,73.1238635,localisy024376,ChIJzSgQuUTo5zsRBA7HsSnuxf8,photos\localisy07864_1.jpg,,,,,Entertainment & Leisure,Sports Clubs,Old Panvel
"Turfit Football & Cricket Turf - Best turf in Panvel, Navi Mumbai","Taluka Krida Sankul, Old Panvel, Panvel, Maharashtra 410206, India",,Panvel,Panvel,Maharashtra,410206,,3.9,94,"sports_complex, sports_activity_location, point_of_interest, establishment",18.9981883,73.10533769999999,localisy024377,ChIJHzQ9pO_p5zsRq2MlrK0LCio,photos\localisy07866_1.jpg,,,,,Entertainment & Leisure,Sports Clubs,Old Panvel
Karde Table Tennis Sports Academy,"2nd Floor, Kalan Samaj Hall, Old Thane Naka Rd, Loknete D B Patil Nagar, Old Panvel, Panvel, Maharashtra 410206, India",,Panvel,Panvel,Maharashtra,410206,,,,"sports_club, association_or_organization, point_of_interest, establishment",18.9918551,73.1064597,localisy024378,ChIJB5LUXVPp5zsRmm7uL4CrTmQ,,,,,,Entertainment & Leisure,Sports Clubs,Old Panvel
Venom Sports Football Academy Panvel,"Ground Zero Turf, behind Orion Mall, Forest Colony, Panvel, Maharashtra 410206, India",,Panvel,Panvel,Maharashtra,410206,7208247872,4.2,10,"sports_club, association_or_organization, point_of_interest, establishment",18.9944,73.1160953,localisy024379,ChIJE-VqRuvp5zsRnXIMbAAR2u4,photos\localisy07870_1.jpg,,,,,Entertainment & Leisure,Sports Clubs,Old Panvel
LAKSHYA SHOOTING CLUB,"Karnala Sports Academy Shooting Ranges, behind HOC Colony, Sector 16, Greater Khanda, Panvel, Maharashtra 410206, India",,Panvel,Panvel,Maharashtra,410206,8591892858,4.7,78,"sports_school, sports_complex, sports_activity_location, point_of_interest, establishment",18.998621,73.1040395,localisy024380,ChIJRyEe9zvo5zsRVjwq2vgkVFs,photos\localisy07873_1.jpg,,,,,Entertainment & Leisure,Sports Clubs,Old Panvel
Navi Mumbai Sports & SVM Table Tennis Academy (RDTTA),"CIDCO community Centre, 2nd Floor, near Banthiya School, Sector 18, New Panvel East, Panvel, Maharashtra 410206, India",,Panvel,Panvel,Maharashtra,410206,9322932218,4.4,31,"association_or_organization, point_of_interest, establishment",18.9945345,73.12389069999999,localisy024381,ChIJgdt6SF3o5zsRT1IbwA4h_K8,photos\localisy07874_1.jpg,,,,,Entertainment & Leisure,Sports Clubs,Old Panvel
Drona Archery Academy,"Drona Archery Academy, academy New, Karnala Sports Complex, Old Panvel, Panvel, Maharashtra 410206, India",,Panvel,Panvel,Maharashtra,410206,9699414848,4.8,45,"sports_club, association_or_organization, point_of_interest, establishment",18.9977063,73.1042346,localisy024382,ChIJ--dxoDLp5zsRvHzSYz7q1v0,photos\localisy07878_1.jpg,,,,,Entertainment & Leisure,Sports Clubs,Old Panvel
Jacob’s Turf,"78/2, Inside st.Thomas English Medium School, new, Panvel, Akurli, Maharashtra 410206, India",,Panvel,Panvel,Maharashtra,410206,,4.5,140,"playground, point_of_interest, establishment",19.003246200000003,73.14377710000001,localisy024383,ChIJP6QnGrzp5zsRrPW8Ofbtp4w,photos\localisy07879_1.jpg,,,,,Entertainment & Leisure,Sports Clubs,Old Panvel
Soccer City turf Panvel,"45/4, Soccer City, Panvel Matheran Rd, Matoshri Nagar Cooperative Housing Society, Sukapur, Panvel, Shilottar Raichur, Maharashtra 410206, India",,Panvel,Panvel,Maharashtra,410206,8097839635,4.4,219,"athletic_field, sports_activity_location, point_of_interest, establishment",19.001160199999998,73.1366865,localisy024384,ChIJw1u042Tp5zsRF1XjZTysyZ0,photos\localisy07881_1.jpg,,,,,Entertainment & Leisure,Sports Clubs,Old Panvel
Naik Brothers Sports Association,"Sector 8, New Panvel East, Panvel, Maharashtra 410206, India",,Panvel,Panvel,Maharashtra,410206,9004224555,5,2,"sports_club, association_or_organization, point_of_interest, establishment",19.0052377,73.1209456,localisy024385,ChIJPeqio6vp5zsRnFRIZc9eq0E,photos\localisy07885_1.jpg,,,,,Entertainment & Leisure,Sports Clubs,Old Panvel
Mandeep Singh's Shuttle Star Badminton Academy Karnala Sports Academy Panvel,"HOC Colony, Panvel, Maharashtra 410206, India",,Panvel,Panvel,Maharashtra,410206,8655957505,2.8,8,"athletic_field, sports_activity_location, point_of_interest, establishment",18.9985028,73.1040067,localisy024386,ChIJgUrpsXfp5zsRaXpKdnc2jPE,photos\localisy07887_1.jpg,,,,,Entertainment & Leisure,Sports Clubs,Old Panvel
Panvel Badminton coaching Association,"gymkhana,52bunglowsociety, Kacchi Mohalla, Old Panvel, Panvel, Maharashtra 410206, India",,Panvel,Panvel,Maharashtra,410206,9820176744,4,22,"athletic_field, sports_activity_location, point_of_interest, establishment",18.990472399999998,73.1041829,localisy024387,ChIJlYoZGxbo5zsRIKAKE6MnmcU,photos\localisy07893_1.jpg,,,,,Entertainment & Leisure,Sports Clubs,Old Panvel
Cricket Academy of Pathans Panvel,"Shop No.3, behind HOC Colony, Sector 16, Old Panvel, Panvel, Maharashtra 410206, India",,Panvel,Panvel,Maharashtra,410206,8097842193,3.8,12,"sports_club, association_or_organization, point_of_interest, establishment",18.9994037,73.10389959999999,localisy024388,ChIJ11wB_Ifp5zsRB24VmwinW04,photos\localisy07896_1.jpg,,,,,Entertainment & Leisure,Sports Clubs,Old Panvel
Cycle ride club,"NEEL orchid, Sector 10, Khanda Colony, Panvel, Maharashtra 410206, India",,Panvel,Panvel,Maharashtra,410206,,4.8,13,"sports_club, association_or_organization, point_of_interest, establishment",19.0047632,73.114516,localisy024389,ChIJV0c1-n_p5zsRewHIrqGMmuM,photos\localisy07897_1.jpg,,,,,Entertainment & Leisure,Sports Clubs,Old Panvel
Sakar Turf Ground,"Dr. Babasaheb Ambedkar chowk, Karanjade, Panvel, Karanjade, Maharashtra 410206, India",,Panvel,Panvel,Maharashtra,410206,7208490599,4.3,34,"playground, point_of_interest, establishment",18.982043,73.10320540000001,localisy024390,ChIJO7kvlPTp5zsR4n5SdM23LHQ,photos\localisy07900_1.jpg,,,,,Entertainment & Leisure,Sports Clubs,Old Panvel
JD TECH SOLUTION,"Radiance Apartment, karanjade sec R2, plot no 13, Old Panvel, Vadghar, Maharashtra 410206, India",,Panvel,Panvel,Maharashtra,410206,8655264454,4.7,184,"point_of_interest, establishment",18.9835428,73.0953227,localisy024391,ChIJZR-KJJbp5zsRWk1NQwtDRQo,photos\localisy07946_1.jpg,,,,,Digital & Technology,Software Companies,Old Panvel
SkyQ Tech Private Limited,"A5, Yashodarshan Apartment, Shivaji Rd, near Virupaksha Mandir, Old Panvel, Panvel, Maharashtra 410206, India",,Panvel,Panvel,Maharashtra,410206,8097578727,4.4,23,"service, point_of_interest, establishment",18.9884578,73.1104108,localisy024392,ChIJIYcr2xTo5zsRLtizS4XwaFQ,photos\localisy07947_1.jpg,,,,,Digital & Technology,Software Companies,Old Panvel
Data Feed Guru Infotech LLP,"No 106, Aashiyana Avenue, Plot no 6 and 7, Sector 3, Karanjade, Panvel, Karanjade, Maharashtra 410206, India",,Panvel,Panvel,Maharashtra,410206,8104086709,5,207,"service, point_of_interest, establishment",18.9728326,73.10999249999999,localisy024393,ChIJJ1mXKwSZ-DkRkaWJFfc0tVY,photos\localisy07948_1.jpg,,,,,Digital & Technology,Software Companies,Old Panvel
Blitzar Tech Private Limited,"Nandanvan Tower, 701, Mumbai - Pune Expy, Old Panvel, Panvel, Maharashtra 410206, India",,Panvel,Panvel,Maharashtra,410206,9820521094,5,5,"corporate_office, point_of_interest, establishment",18.9955411,73.1128774,localisy024394,ChIJLaZVAovp5zsRM015KlsuyE0,photos\localisy07951_1.jpg,,,,,Digital & Technology,Software Companies,Old Panvel
Bytevora Tech | Website Design Company,"Panvel, Poyanje, Maharashtra 410206, India",,Panvel,Panvel,Maharashtra,410206,8668398960,5,2,"point_of_interest, service, establishment",18.940595899999998,73.2003931,localisy024395,ChIJGVHTG6_lq0QRGaWMcvE2ysk,,,,,,Digital & Technology,Web Development,Old Panvel
HighTechBirds,"Sector 7, New Panvel East, Panvel, Maharashtra 410206, India",,Panvel,Panvel,Maharashtra,410206,8652166361,4.9,42,"marketing_consultant, consultant, point_of_interest, service, establishment",19.006797199999998,73.1208966,localisy024396,ChIJrYEdA0Hp5zsRDGhoDOmHV7k,photos\localisy07970_1.jpg,,,,,Digital & Technology,Web Development,Old Panvel
Setupnew Infotech,"Kalpataru Arcade, B-102, Vijay Rd, Sector 4, New Panvel East, Panvel, Maharashtra 410206, India",,Panvel,Panvel,Maharashtra,410206,9987269396,5,10,"point_of_interest, service, establishment",19.0025513,73.1171669,localisy024397,ChIJN2G1DODp5zsRY02UqxPj5QI,photos\localisy07977_1.jpg,,,,,Digital & Technology,Web Development,Old Panvel
Grabodo,"Shop No -25, Maruti Sadan, Plot No -43, New, Sector 10, Khanda Colony, Panvel, Navi Mumbai, Panvel, Maharashtra 410206, India",,Panvel,Panvel,Maharashtra,410206,7977808166,4.8,27,"marketing_consultant, consultant, point_of_interest, service, establishment",19.005616399999997,73.1142588,localisy024398,ChIJj0jEvt_p5zsRuyx1vR-Nlxk,photos\localisy07978_1.jpg,,,,,Digital & Technology,Web Development,Old Panvel
UDtech Consultants,"Neelsidhi Orbit, Sector 11, Khanda Colony, near Ckt College Road, Sector 12, Greater Khanda, Panvel, Maharashtra 410206, India",,Panvel,Panvel,Maharashtra,410206,8928901651,5,5,"point_of_interest, service, establishment",19.002568099999998,73.1144592,localisy024399,ChIJzTIkFtXp5zsRdRGMEpauv_8,photos\localisy07981_1.jpg,,,,,Digital & Technology,Web Development,Old Panvel
CSOCIETY,"Dudhe Vitewari CHS, A205, Sector 3A, Karanjade, Panvel, Mumbai, Karanjade, Maharashtra 410206, India",,Panvel,Panvel,Maharashtra,410206,8898650659,5,30,"point_of_interest, service, establishment",18.981370899999998,73.1031793,localisy024400,ChIJtffCLX7p5zsR2KI2w9SI_CM,photos\localisy07987_1.jpg,,,,,Digital & Technology,Web Development,Old Panvel
Chitra Factory: Design Studio,"Shop No. 3, Keshav Vasant, A-103, near Vasudev Balwant Phadke Road, opposite Tehsildar Office, Natyagruh, Panvel, Maharashtra 410206, India",,Panvel,Panvel,Maharashtra,410206,8879747147,4.9,17,"point_of_interest, establishment",18.9873868,73.1102267,localisy024401,ChIJnZ-99tnp5zsRI_ix-IXAFmI,photos\localisy07995_1.jpg,,,,,Digital & Technology,Web Development,Old Panvel
Boundaryz,"Deep darshan apartment, Apex Address, plot no 221, Uran - Panvel Rd, Vadghar, Maharashtra 410206, India",,Panvel,Panvel,Maharashtra,410206,9987726922,5,1,"point_of_interest, service, establishment",18.9845576,73.0985118,localisy024402,ChIJ9xglYwDp5zsRpVZ7Cjdg3a8,photos\localisy08002_1.jpg,,,,,Digital & Technology,Web Development,Old Panvel
Hirachand Technologies,"B/5, Srushti CHS, Patel Park Bldg. No. 4, Pardeshi Ali, Swami Nityanand Rd, HOC Colony, Panvel, Maharashtra 410206, India",,Panvel,Panvel,Maharashtra,410206,9869502292,5,1,"point_of_interest, service, establishment",18.9922134,73.1088152,localisy024403,ChIJzd0L3Rnp5zsR5zyodQ8Wwe8,,,,,,Digital & Technology,Web Development,Old Panvel
FunnelRivers,"Shop no. 10, Mauli Krupa, MG Rd, Forest Colony, Panvel, Maharashtra 410206, India",,Panvel,Panvel,Maharashtra,410206,9923707569,5,18,"point_of_interest, service, establishment",18.9885915,73.1179662,localisy024404,ChIJ0eO5Eznp5zsRDpxfFalkxl0,,,,,,Digital & Technology,Web Development,Old Panvel
Sparksnap Advertising,"303 Plot No. 43, Vinayak Anmol, Sector 3, Karanjade, Panvel, Maharashtra 410206, India",,Panvel,Panvel,Maharashtra,410206,9511757088,5,13,"service, point_of_interest, establishment",18.9860562,73.1071592,localisy024405,ChIJNwHroZHp5zsREaaRHy02mhc,photos\localisy08018_1.jpg,,,,,Digital & Technology,Web Development,Old Panvel
Grey Matter,"402, Blue Orchid Sector 8, Plot No.38 Khanda Colony, Sector - 8, New Panvel East, Panvel, Maharashtra 410206, India",,Panvel,Panvel,Maharashtra,410206,9819490929,4.9,190,"point_of_interest, service, establishment",19.0075443,73.1113872,localisy024406,ChIJAQDkxVro5zsR10q3u0uZPVk,photos\localisy08024_1.jpg,,,,,Digital & Technology,Digital Marketing,Old Panvel
Khan Advertising & Promoting | Digital Marketing Agency Navi Mumbai,"Mauli Kirpa, Peth Gaon, Peth, Taluka, Panvel, Kolkhepeth, Maharashtra 410206, India",,Panvel,Panvel,Maharashtra,410206,,4.7,7,"point_of_interest, service, establishment",18.971547299999997,73.1325785,localisy024407,ChIJgdbsE_fp5zsRuGB_dwVOa3Q,photos\localisy08026_1.jpg,,,,,Digital & Technology,Digital Marketing,Old Panvel
Abstract Digital,"Shop no.114, A wing, Sai Arcade, Panvel, behind Life Line Hospital, Old Panvel, Panvel, Maharashtra 410206, India",,Panvel,Panvel,Maharashtra,410206,8097183304,5,6,"point_of_interest, service, establishment",18.991966899999998,73.1149947,localisy024408,ChIJDfo4-Erp5zsRFW9BUaovS-o,photos\localisy08029_1.jpg,,,,,Digital & Technology,Digital Marketing,Old Panvel
"Digi Infini - Digital Marketing Agency in Panvel, Navi Mumbai","B202 / Ganesh Plaza, Plot No A109, Sec 06, Karanjade, Panvel, Karanjade, Maharashtra 410206, India",,Panvel,Panvel,Maharashtra,410206,9326336403,5,12,"point_of_interest, service, establishment",18.972778899999998,73.1113622,localisy024409,ChIJCyZkwQvp5zsR2zQZhlrjYlU,,,,,,Digital & Technology,Digital Marketing,Old Panvel
MINI CREATIVES | ADVERTISING & DIGITAL MARKETING AGENCY,"B wing - office number 103 Sec 04, Krishna arcade, plot no 83 / 84, Sector 4, New Panvel East, Panvel, Maharashtra 410206, India",,Panvel,Panvel,Maharashtra,410206,8591188591,4.3,8,"service, point_of_interest, establishment",19.003632,73.1181129,localisy024410,ChIJMWB-AbHp5zsRP4TQ4mUEJs4,photos\localisy08040_1.jpg,,,,,Digital & Technology,Digital Marketing,Old Panvel
Plasma Ads.,"10.Jk plaza.1st floor. shivaji chowk., Old Panvel, Panvel, Maharashtra 410206, India",,Panvel,Panvel,Maharashtra,410206,9820136726,4,9,"service, point_of_interest, establishment",18.986903599999998,73.1123916,localisy024411,ChIJadyCG93D5zsRwJjzYbM6MVE,photos\localisy08055_1.jpg,,,,,Digital & Technology,Digital Marketing,Old Panvel
Digixspark,"Vadghar, Karanjade, Panvel, Vadghar, Maharashtra 410206, India",,Panvel,Panvel,Maharashtra,410206,7900165048,5,1,"service, point_of_interest, establishment",18.983819,73.1035544,localisy024412,ChIJq5CszMDp5zsRABLxyJKqBKw,photos\localisy08059_1.jpg,,,,,Digital & Technology,Digital Marketing,Old Panvel
7vowsmedia,"Neel Plaza, Sector 03, New Panvel East, Panvel, Maharashtra 410206, India",,Panvel,Panvel,Maharashtra,410206,9867384288,5,1,"service, point_of_interest, establishment",19.001573,73.1208249,localisy024413,ChIJ0T2B9cPp5zsRjy5xyqMoGGE,photos\localisy08066_1.jpg,,,,,Digital & Technology,Digital Marketing,Old Panvel
addLit advertising pvt ltd,"Bungalow No 470, Plot 6, Prem Nagari II, Sukapur, Panvel, Palidevad, Maharashtra 410206, India",,Panvel,Panvel,Maharashtra,410206,9833923811,4,5,"consultant, service, point_of_interest, establishment",19.0017329,73.131113,localisy024414,ChIJK-56NX2w5zsRPuCmoD_slOw,photos\localisy08068_1.jpg,,,,,Digital & Technology,Digital Marketing,Old Panvel
Mark Digital,"Shop No. 7, Aaditya gurukrupa Building, near Rupali Cinema, Mominpada, Old Panvel, Panvel, Maharashtra 410206, India",,Panvel,Panvel,Maharashtra,410206,,4,3,"service, point_of_interest, establishment",18.9845526,73.1117508,localisy024415,ChIJqbn-acDp5zsRL0caP4X0REQ,photos\localisy08070_1.jpg,,,,,Digital & Technology,Digital Marketing,Old Panvel
panvel computer services,"SAI ARCADE PLOT NO 141, SHOP NO 101, behind SPARSH HOSPITAL, Old Panvel, Panvel, RAIGAD, Panvel, Maharashtra 410206, India",,Panvel,Panvel,Maharashtra,410206,,4.5,2,"service, point_of_interest, establishment",18.9922204,73.1148044,localisy024416,ChIJuw9d8PPp5zsRYngQgTuQoao,,,,,,Digital & Technology,IT Services,Old Panvel
IT Service,"Railway Station, Khandeshwar, Panvel, Maharashtra 410206, India",,Panvel,Panvel,Maharashtra,410206,,,,"point_of_interest, service, establishment",19.010091100000004,73.09582759999999,localisy024417,ChIJa2L3q1Xp5zsRKF3ZlBtMKGM,,,,,,Digital & Technology,IT Services,Old Panvel
My Computer Services,"X4V4+RMP, Sai Nagar Rd, Banglow Society, Nityanand Nagar, HOC Colony, Panvel, Maharashtra 410206, India",,Panvel,Panvel,Maharashtra,410206,,5,1,"point_of_interest, establishment",18.9945774,73.1067082,localisy024418,ChIJPZh5ij7o5zsRJRup7MqNk3M,,,,,,Digital & Technology,IT Services,Old Panvel
Trimurti Infotech,"C-11, Manik Nagar, Pardeshi Ali Pardeshi Ali, Panvel, Manek Nagar, Old Panvel, Panvel, Maharashtra 410206, India",,Panvel,Panvel,Maharashtra,410206,7710010908,2.7,24,"internet_cafe, point_of_interest, service, establishment",18.9914846,73.10850409999999,localisy024419,ChIJizyqfhXo5zsRuQ9cSArI-WE,,,,,,Digital & Technology,IT Services,Old Panvel
TECHNOTRIX,"1182, Mankame Niwas, Mirchi Galli, Ravji Bhimji Rangpariya Marg, Old Panvel, Panvel, Maharashtra 410206, India",,Panvel,Panvel,Maharashtra,410206,9224182455,,,"point_of_interest, service, establishment",18.9842634,73.1083953,localisy024420,ChIJJTQbNgfp5zsRF96RdjmIaVI,photos\localisy08113_1.jpg,,,,,Digital & Technology,IT Services,Old Panvel
RISING IT,"A-101, Vaikunth CHS, Plot number 73-74-75, Sector 19, Kamothe, Sector 19, New Panvel East, Panvel, Maharashtra 410209, India",,Kamothe,Panvel,Maharashtra,410209,9152429792,4.8,24,"point_of_interest, service, establishment",19.013402799999998,73.0923766,localisy024421,ChIJaefwqknp5zsRSxYW9HJAUo4,photos\localisy08117_1.jpg,,,,,Digital & Technology,IT Services,Old Panvel
COMPUTER CITY PANVEL,"BL-120/FL-05, Sahakar Dwaraka Building, New Panvel East, Morbe, Navi Mumbai, Maharashtra 410208, India",,Taloja,Panvel,Maharashtra,410208,9773800533,5,153,"point_of_interest, establishment",19.0580929,73.182531,localisy024422,ChIJ9fo_C2fv5zsRCRWt7Xq8wAs,,,,,,Digital & Technology,IT Services,Old Panvel
Ashtavinayak Infotech Sales & Services,"Shop No-14, Suraj Residency, Sector 19, Kamothe, Panvel, Maharashtra 410209, India",,Kamothe,Panvel,Maharashtra,410209,9167197784,5,8,"electronics_store, store, point_of_interest, establishment",19.013757599999998,73.09109579999999,localisy024423,ChIJnaeCKNfp5zsRMNNN3eB8DGo,photos\localisy08121_1.jpg,,,,,Digital & Technology,IT Services,Old Panvel
Sairaj internet broadband services,"303, City Center, near Old City Post Office, Kacchi Mohalla, Old Panvel, Panvel, Maharashtra 410206, India",,Panvel,Panvel,Maharashtra,410206,,1,1,"service, point_of_interest, establishment",18.9904527,73.104261,localisy024424,ChIJq0_OsTLp5zsRhVFp8FD9V2o,photos\localisy08126_1.jpg,,,,,Digital & Technology,IT Services,Old Panvel
Bismillah Marine Inspections And Survey Services,"1st Floor, Konark Plaza A Wing, 14, Bunder Road, above Gazi Caterers, opp. Adil Tower, Kacchi Mohalla, Old Panvel, Panvel, Maharashtra 410206, India",,Panvel,Panvel,Maharashtra,410206,,5,20,"point_of_interest, establishment",18.9895238,73.10461959999999,localisy024425,ChIJwcJ_Lcfp5zsRv2QDtkyhUmQ,photos\localisy08127_1.jpg,,,,,Digital & Technology,IT Services,Old Panvel
Sahil Park,"X4Q3+H89, Old Panvel, Panvel, Maharashtra 410206, India",,Panvel,Panvel,Maharashtra,410206,,5,4,"apartment_building, service, point_of_interest, establishment",18.9889163,73.1033492,localisy024426,ChIJHZBIO3Lp5zsR4zOrjH4W9xU,photos\localisy08128_1.jpg,,,,,Digital & Technology,IT Services,Old Panvel
Sai Adarsh,"Panvel Co-op Housing Society, Old Panvel, Panvel, Maharashtra 410206, India",,Panvel,Panvel,Maharashtra,410206,,4.3,4,"association_or_organization, service, point_of_interest, establishment",18.990313800000003,73.1034796,localisy024427,ChIJ02_k8arp5zsRZi7TC_Mv5Kw,photos\localisy08130_1.jpg,,,,,Digital & Technology,IT Services,Old Panvel
Future Enclave,"479/6-7B, HOC Colony, Panvel, Maharashtra 410206, India",,Panvel,Panvel,Maharashtra,410206,,4.7,9,"apartment_building, service, point_of_interest, establishment",18.993112,73.103482,localisy024428,ChIJcfu0AADp5zsRhX2f-V3l3ao,,,,,,Digital & Technology,IT Services,Old Panvel
Sirvi complex,"Karanjade, Kacchi Mohalla, Sector 1, Old Panvel, Panvel, Navi Mumbai, Panvel, Maharashtra 410206, India",,Panvel,Panvel,Maharashtra,410206,,4.2,9,"housing_complex, condominium_complex, service, point_of_interest, establishment",18.9903129,73.1044697,localisy024429,ChIJbaKCXwDp5zsR-A_5nIUFM70,photos\localisy08135_1.jpg,,,,,Digital & Technology,IT Services,Old Panvel
Patkar Wada,"X4Q4+PF6, Old Panvel, Panvel, Maharashtra 410206, India",,Panvel,Panvel,Maharashtra,410206,,4.4,7,"condominium_complex, service, point_of_interest, establishment",18.9892853,73.1061287,localisy024430,ChIJx_b1__jp5zsR7faOg9aYNd4,photos\localisy08136_1.jpg,,,,,Digital & Technology,IT Services,Old Panvel
Pathan House,"X4Q3+R87, Old Panvel Bhaji Market, Old Panvel, Panvel, Maharashtra 410206, India",,Panvel,Panvel,Maharashtra,410206,,5,1,"housing_complex, service, point_of_interest, establishment",18.989543899999997,73.1033115,localisy024431,ChIJt3rcVczp5zsRMVORNEl-1I0,,,,,,Digital & Technology,IT Services,Old Panvel
Khwaja Nagar,"Bandar Rd, Kacchi Mohalla, Old Panvel, Panvel, Maharashtra 410206, India",,Panvel,Panvel,Maharashtra,410206,,5,1,"association_or_organization, service, point_of_interest, establishment",18.989207699999998,73.10497029999999,localisy024432,ChIJTSoLKc3p5zsR1C_ofMziIf0,,,,,,Digital & Technology,IT Services,Old Panvel
The Shades,"A, Shiv Krupa APT, 8/11, P-6, Sector-1, New Panvel East, Panvel, Navi Mumbai, Panvel, Maharashtra 410206, India",,Panvel,Panvel,Maharashtra,410206,8082010034,5,43,"art_studio, manufacturer, service, point_of_interest, supplier, establishment",18.9975323,73.1189549,localisy024433,ChIJRUN3iDbo5zsRow_S0faQZS4,photos\localisy08143_1.jpg,,,,,Digital & Technology,Graphic Design Studios,Old Panvel
Gargee's Graphics,"Office No.402, Neelkanth Landmark, Plot No. 365/1, Panvel Station Rd, behind Orion Mall, Forest Colony, Panvel, Maharashtra 410206, India",,Panvel,Panvel,Maharashtra,410206,9930931357,4.4,25,"service, point_of_interest, establishment",18.9944129,73.11614019999999,localisy024434,ChIJU6daKWvo5zsR_JjiUCOqI0Q,photos\localisy08147_1.jpg,,,,,Digital & Technology,Graphic Design Studios,Old Panvel
A M Design,"Shop no. 6, Yashochandra Co-operative Housing Society, Lokmanya Tilak Road, Old Panvel, Panvel, Maharashtra 410206, India",,Panvel,Panvel,Maharashtra,410206,9833057337,4.5,2,"service, point_of_interest, establishment",18.9900693,73.1092845,localisy024435,ChIJsdDxqMXp5zsRmvJ7IXMD3u8,photos\localisy08150_1.jpg,,,,,Digital & Technology,Graphic Design Studios,Old Panvel
"THE CREATIVE HUB, Panvel","SHOP NO. 05 , JP LANDMARK BEHIND LIFECARE HOSPITAL VICHUMBE, Sector 8, New Panvel East, Panvel, Maharashtra 410206, India",,Panvel,Panvel,Maharashtra,410206,8108127428,5,5,"service, store, point_of_interest, establishment",19.005635599999998,73.12218779999999,localisy024436,ChIJvWYdpA_p5zsRlAd1s1sgvZ8,photos\localisy08154_1.jpg,,,,,Digital & Technology,Graphic Design Studios,Old Panvel
G.G.GRAPHICS & Photo Studio,"Divine Group Building, Plot No. 112, Sec. 01, Panvel, Mumbai, Vadghar, Maharashtra 410206, India",,Panvel,Panvel,Maharashtra,410206,9372528140,5,5,"service, point_of_interest, establishment",18.9776479,73.09121669999999,localisy024437,ChIJyyw1zGPp5zsRj026WEeWNck,photos\localisy08161_1.jpg,,,,,Digital & Technology,Graphic Design Studios,Old Panvel
Berakah Studios,"Shreenath society, Plot no 29, Sector 3, New Panvel East, Panvel, Maharashtra 410206, India",,Panvel,Panvel,Maharashtra,410206,9594248952,4,2,"service, point_of_interest, establishment",19.001751600000002,73.12037289999999,localisy024438,ChIJRdhyyNzp5zsRGo7CuHzox3A,photos\localisy08162_1.jpg,,,,,Digital & Technology,Graphic Design Studios,Old Panvel
"ARENA ANIMATION PANVEL, NAVIMUMBAI/ ANIMATION COURSES/GAME DESIGN COURSES IN NAVIMUMBAI","184 B-Wing, 3rd Floor, Sai Arcade, Bus Depot, 306-308, opposite Panvel, adjacent to Life Line Hospital, Old Panvel, Panvel, Maharashtra 410206, India",,Panvel,Panvel,Maharashtra,410206,8045134985,4.6,148,"point_of_interest, establishment",18.9918636,73.1151519,localisy024439,ChIJ1XYWfn_C5zsRSpndRH-GDao,photos\localisy08163_1.jpg,,,,,Digital & Technology,Graphic Design Studios,Old Panvel
mdesigns,"Room no.01, Pardeshi Ali, C wing, Maharana Pratap Road, Manek Nagar, HOC Colony, Panvel, NAVI MUMBAI, Panvel, Maharashtra 410206, India",,Panvel,Panvel,Maharashtra,410206,,,,"service, point_of_interest, establishment",18.9917245,73.1080933,localisy024440,ChIJGenhSRLp5zsRf7YT-nlcQpg,photos\localisy08169_1.jpg,,,,,Digital & Technology,Graphic Design Studios,Old Panvel
Om Sai Ram Graphics,"Balaji Sadan, Panvel Matheran Rd, Sarvoday Nagar, Panvel, Nere, Nerepada, Maharashtra 410206, India",,Panvel,Panvel,Maharashtra,410206,8779185353,5,3,"manufacturer, store, service, point_of_interest, establishment",19.012795699999998,73.1669599,localisy024441,ChIJV0aa2zTp5zsRFGAqgzGYdHE,photos\localisy08171_1.jpg,,,,,Digital & Technology,Graphic Design Studios,Old Panvel
Design Welt,"room 302, karupa sagar sankul, h.no 212./214, Devad, New Panvel East, shivnagar, Navi Mumbai, Devad, Maharashtra 410206, India",,Panvel,Panvel,Maharashtra,410206,8850392232,5,3,"service, point_of_interest, establishment",18.996242499999997,73.1353161,localisy024442,ChIJezbtPGDo5zsRUHLfoicHMEY,photos\localisy08173_1.jpg,,,,,Digital & Technology,Graphic Design Studios,Old Panvel
Janvi's art,"303, 3rd Ganesh chs, Dr.patwardhan road, nr. old post office, Old Panvel, Panvel, Maharashtra 410206, India",,Panvel,Panvel,Maharashtra,410206,9082786101,,,"service, point_of_interest, establishment",18.9895405,73.1102406,localisy024443,ChIJF28E2jfp5zsRijhiLxVErwY,photos\localisy08180_1.jpg,,,,,Digital & Technology,Graphic Design Studios,Old Panvel
REVCREW VIDEO EDITOR | Video Editing & Social Media Services,"Sector-9, New Panvel East, Panvel, Maharashtra 410206, India",,Panvel,Panvel,Maharashtra,410206,9967033195,5,35,"consultant, service, point_of_interest, establishment",19.003313,73.1234293,localisy024444,ChIJt03LWpLp5zsRjxc_X7u4S2w,photos\localisy08188_1.jpg,,,,,Digital & Technology,Graphic Design Studios,Old Panvel
Ketki Photo Studio and events,"Shop no-2, Arihant Niwas, Rd Number 17, opp. Post Office, Sector 19, New Panvel East, Panvel, Maharashtra 410206, India",,Panvel,Panvel,Maharashtra,410206,9892861719,5,5,"service, point_of_interest, establishment",18.9962566,73.1227766,localisy024445,ChIJT-Soa_Hp5zsRpEmuy2jmBhE,photos\localisy08191_1.jpg,,,,,Digital & Technology,Graphic Design Studios,Old Panvel
Creonox Technologies,"Shop No 2, Forest Colony Rd, near Sai Baba Temple, Forest Colony, Panvel, Maharashtra 410206, India",,Panvel,Panvel,Maharashtra,410206,,4.8,4,"point_of_interest, establishment",18.9876839,73.11845869999999,localisy024446,ChIJf28q3RUA-IcRdSX9KbH1q98,,,,,,Digital & Technology,App Development,Old Panvel
VPN Digital Service Pvt. Ltd – Cyber Crime Experts & Cybersecurity Consulting Mumbai Navi Mumbai,"Office No. 1, Samtaji Society, Plot No 32B, near Pillai College, Sector 16, New Panvel East, Panvel, Maharashtra 410206, India",,Panvel,Panvel,Maharashtra,410206,8432003083,5,52,"consultant, service, point_of_interest, establishment",18.989480999999998,73.1266046,localisy024447,ChIJ99M9FYfp5zsRlYvLen-wsS4,photos\localisy08246_1.jpg,,,,,Digital & Technology,App Development,Old Panvel
Equitable IT Services,"Mangalmurti Krupa Society, Office No 104, 1st Floor Pardeshi Aali, Maharana Pratap Road, Manek Nagar, Old Panvel, Panvel, Maharashtra 410206, India",,Panvel,Panvel,Maharashtra,410206,8104541428,5,7,"service, point_of_interest, establishment",18.991609,73.109212,localisy024448,ChIJ4TgpEZHp5zsREpWTS08VBfE,photos\localisy08256_1.jpg,,,,,Digital & Technology,App Development,Old Panvel
"Ministry of labour & employment, govt of india (esic office Panvel)","Shop no. 25/26, Neelkanth Darshan, near Nadkarni Hospital, Old Panvel, Panvel, Maharashtra 410206, India",,Panvel,Panvel,Maharashtra,410206,,5,1,"government_office, point_of_interest, establishment",18.993514899999997,73.1139373,localisy024449,ChIJP9ISSgDp5zsR99_Ss6dyYZs,,,,,,Government & Public Services,Government Offices,Old Panvel
PWD office Panvel,"X4Q3+PC8, Old Panvel, Panvel, Maharashtra 410206, India",,Panvel,Panvel,Maharashtra,410206,,4,1,"government_office, point_of_interest, establishment",18.9893438,73.1036158,localisy024450,ChIJwRB7PgDp5zsRFZgn2jHtwYA,photos\localisy08263_1.jpg,,,,,Government & Public Services,Government Offices,Old Panvel
Talathi Office Panvel,"1444, Chatrapati Shivaji Maharaj Marg, Line Ali, Old Panvel, Panvel, Maharashtra 410206, India",,Panvel,Panvel,Maharashtra,410206,,3.5,10,"government_office, point_of_interest, establishment",18.9907275,73.1136305,localisy024451,ChIJf5xJ8mro5zsRhnsGCsiRMko,photos\localisy08264_1.jpg,,,,,Government & Public Services,Government Offices,Old Panvel
CIDCO Office,"CIDCO Office, Vijay Rd, Sector 1A, New Panvel East, Panvel, Maharashtra 410206, India",,Panvel,Panvel,Maharashtra,410206,,3.2,13,"local_government_office, government_office, point_of_interest, establishment",18.9975508,73.1184487,localisy024452,ChIJ17g_7EPo5zsR_tFWBs3ij_Y,photos\localisy08265_1.jpg,,,,,Government & Public Services,Government Offices,Old Panvel
Panvel city sub post office,"Overhead Water Tank, Uran Rd, Old Panvel, Panvel, Maharashtra 410206, India",,Panvel,Panvel,Maharashtra,410206,,2.9,14,"government_office, point_of_interest, establishment",18.9867405,73.1119511,localisy024453,ChIJOYWUdlHp5zsRzmB5gEB3DZ0,photos\localisy08266_1.jpg,,,,,Government & Public Services,Government Offices,Old Panvel
Sub Register Office Panvel-1,"Prashaskiya Bhavan, Old Panvel, Panvel, Maharashtra 410206, India",,Panvel,Panvel,Maharashtra,410206,,3.4,9,"government_office, point_of_interest, establishment",18.987692900000003,73.11064379999999,localisy024454,ChIJh6uAAQDp5zsRoDSyTAku1Jo,photos\localisy08270_1.jpg,,,,,Government & Public Services,Government Offices,Old Panvel
Ration Card Office Panvel,"410206, Banglow Society, Old Panvel, Panvel, Maharashtra 410206, India",,Panvel,Panvel,Maharashtra,410206,,2.7,31,"local_government_office, government_office, point_of_interest, establishment",18.9949573,73.10573470000001,localisy024455,ChIJV8KXgz7o5zsR9P5qQmROAmI,photos\localisy08271_1.jpg,,,,,Government & Public Services,Government Offices,Old Panvel
"Old tehsil office, panvel","vasudev balavant, fadke natyagrih, near aadya krantikarak, Old Panvel, Panvel, Maharashtra 410206, India",,Panvel,Panvel,Maharashtra,410206,,4,1,"government_office, point_of_interest, establishment",18.9875762,73.1104561,localisy024456,ChIJEyiXfgDp5zsR1u5BbM-4H44,,,,,,Government & Public Services,Government Offices,Old Panvel
Joint Sub Registrar Office Panvel 4,"X4W7+P8F, Panvel Industrial Estate, Panvel, Maharashtra 410206, India",,Panvel,Panvel,Maharashtra,410206,,3.6,393,"association_or_organization, point_of_interest, establishment",18.9968185,73.1132868,localisy024457,ChIJi5SQw0Do5zsRS-7HQyBa888,photos\localisy08274_1.jpg,,,,,Government & Public Services,Government Offices,Old Panvel
Maharashtra State Electricity Distribution Company,"Panvel Market, Mulla Hamid Rd, Old Panvel, Panvel, Maharashtra 410206, India",,Panvel,Panvel,Maharashtra,410206,,1.3,229,"point_of_interest, establishment",18.9835131,73.109189,localisy024458,ChIJm_LOHBPo5zsRgJFCx_0FIBI,photos\localisy08275_1.jpg,,,,,Government & Public Services,Government Offices,Old Panvel
Khar Jamin Sanshodhan Kendra,"X4Q2+WR5, Bandar Rd, Panvel Co-op Housing Society, Old Panvel, Panvel, Maharashtra 410206, India",,Panvel,Panvel,Maharashtra,410206,,4.5,15,"government_office, point_of_interest, establishment",18.9897667,73.10212,localisy024459,ChIJJ3P6xRfo5zsRTqcKOQASSac,photos\localisy08276_1.jpg,,,,,Government & Public Services,Government Offices,Old Panvel
Prabhag samiti karyalay(marriege registration office),"1st Floor, Mahanagar palika shopping complex, Chhatrapati Shivaji Maharaj Chowk, Old Panvel, PanvelNavi, Mumbai, Panvel, Maharashtra 410206, India",,Panvel,Panvel,Maharashtra,410206,,5,1,"government_office, point_of_interest, establishment",18.9870192,73.11207809999999,localisy024460,ChIJrwxdAinp5zsR5b2rnJn2xOI,photos\localisy08277_1.jpg,,,,,Government & Public Services,Government Offices,Old Panvel
Income Tax Office Panvel (Aaykar Bhavan),"Plot no. 2 & 2A Sector 17 Opp, Khanda Colony, Sector 17, New Panvel East, Panvel, Maharashtra 410206, India",,Panvel,Panvel,Maharashtra,410206,,4.1,16,"local_government_office, government_office, point_of_interest, service, establishment",19.0075073,73.1069699,localisy024461,ChIJ-80cljbo5zsRTIJ1Cwr84Zg,photos\localisy08278_1.jpg,,,,,Government & Public Services,Government Offices,Old Panvel
"Old Taluka Office, Old Panvel","1523, Shivaji Rd, Old Panvel, Panvel, Maharashtra 410206, India",,Panvel,Panvel,Maharashtra,410206,,,,"local_government_office, government_office, point_of_interest, establishment",18.987712,73.111268,localisy024462,ChIJCRZAtRTo5zsRmy78C2zAtdo,,,,,,Government & Public Services,Government Offices,Old Panvel
Prashasan bhavan,"X4Q6+37V, Old Panvel, Panvel, Maharashtra 410206, India",,Panvel,Panvel,Maharashtra,410206,,2.5,2,"government_office, point_of_interest, establishment",18.987728999999998,73.1106576,localisy024463,ChIJE1wbYADp5zsRKAj6GmjNvzg,photos\localisy08280_1.jpg,,,,,Government & Public Services,Government Offices,Old Panvel
Panchayat Samiti Panvel,"X4Q7+FQ2, Old Panvel, Panvel, Maharashtra 410206, India",,Panvel,Panvel,Maharashtra,410206,,3.5,13,"local_government_office, government_office, point_of_interest, establishment",18.9886484,73.11437579999999,localisy024464,ChIJd4N6p2vo5zsRJFwIFk65PVo,photos\localisy08281_1.jpg,,,,,Government & Public Services,Government Offices,Old Panvel
"Registration Office New Panvel 2, 3 & 5","2448+RFP, Sector 6, New Panvel East, Panvel, Maharashtra 410206, India",,Panvel,Panvel,Maharashtra,410206,,3.3,174,"local_government_office, government_office, point_of_interest, establishment",19.0070964,73.1162054,localisy024465,ChIJgQN8I0no5zsRM8C8tcAGKxw,photos\localisy08282_1.jpg,,,,,Government & Public Services,Government Offices,Old Panvel
Govt Circuit House,"X4H8+9PJ, Takka Colony, Panvel, Maharashtra 410206, India",,Panvel,Panvel,Maharashtra,410206,,4.5,2,"government_office, point_of_interest, establishment",18.9784594,73.1167562,localisy024466,ChIJmWQEMnLo5zsR_cw3iUK3m94,,,,,,Government & Public Services,Government Offices,Old Panvel
MTNL Corporate Office,"Vijay Marg, next to Registration Office, Sector 6, New Panvel East, Panvel, Mumbai, Panvel, Maharashtra 410206, India",,Panvel,Panvel,Maharashtra,410206,,3.4,1271,"telecommunications_service_provider, local_government_office, government_office, association_or_organization, point_of_interest, establishment",19.0070978,73.1162104,localisy024467,ChIJ_xHEJkno5zsRiW1OMebvvKg,photos\localisy08286_1.jpg,,,,,Government & Public Services,Government Offices,Old Panvel
Pradhan mantri awas yojana office,"X4Q4+MMR, Bandar Rd, Old Panvel, West, Panvel, Maharashtra 410206, India",,Panvel,Panvel,Maharashtra,410206,,3.9,12,"government_office, point_of_interest, establishment",18.9892245,73.10674689999999,localisy024468,ChIJffGrUQDp5zsRzy2WfnHqkow,photos\localisy08288_1.jpg,,,,,Government & Public Services,Government Offices,Old Panvel
ESIS Ofice DCBO Panvel,"X4V7+69M prince paradise, A-25, Vadale Talav Rd, Old Panvel, Panvel, Navi Mumbai, Panvel, Maharashtra 410206, India",,Panvel,Panvel,Maharashtra,410206,,,,"government_office, point_of_interest, establishment",18.993323,73.11379579999999,localisy024469,ChIJY_v_AQDp5zsRbUPEcJH6WwE,,,,,,Government & Public Services,Government Offices,Old Panvel
Asst registrar of co operative societies panvel,"A Wing, APMC compound, First floor, Sahakar Nagar, Old Panvel, Panvel, Maharashtra 410206, India",,Panvel,Panvel,Maharashtra,410206,,4.7,3,"government_office, point_of_interest, establishment",18.9804952,73.1110813,localisy024470,ChIJcbeApHLp5zsRseiRl6jGY0E,photos\localisy08291_1.jpg,,,,,Government & Public Services,Government Offices,Old Panvel
Panvel head post office/MMS/sorting office,"Plot No.2, Abhilasha, Rd Number 3, Sector 19, New Panvel East, Panvel, Maharashtra 410206, India",,Panvel,Panvel,Maharashtra,410206,,1.7,9,"government_office, point_of_interest, establishment",18.9952299,73.1204765,localisy024471,ChIJj3QGqQPp5zsRsC2hDe8D1w8,,,,,,Government & Public Services,Government Offices,Old Panvel
Upper tehsildar office Panvel (Rural tahsildar),"Karmveer bhaurao patil marg, Old Panvel, Panvel, Maharashtra 410206, India",,Panvel,Panvel,Maharashtra,410206,7709072025,5,1,"government_office, point_of_interest, establishment",18.987682,73.11066149999999,localisy024472,ChIJrRq4AgDp5zsRU1xuslfLwSM,,,,,,Government & Public Services,Government Offices,Old Panvel
Lic Panvel,"2nd Floor, Chhatrapati Shivaji Maharaj Chowk, Old Panvel, PanvelNavi, Mumbai, Panvel, Maharashtra 410206, India",,Panvel,Panvel,Maharashtra,410206,,5,7,"government_office, point_of_interest, establishment",18.987753899999998,73.11236199999999,localisy024473,ChIJyRw7AAXp5zsRWvaqyZYNQas,photos\localisy08295_1.jpg,,,,,Government & Public Services,Government Offices,Old Panvel
"Deputy Suptd. of Land Records, Panvel (Dy.SLR)","X4VF+VH4, Sector 18, New Panvel East, Panvel, Maharashtra 410206, India",,Panvel,Panvel,Maharashtra,410206,,4.8,4,"government_office, point_of_interest, establishment",18.9946394,73.123961,localisy024474,ChIJu3WRSR_p5zsRnG9FmOiLKJg,photos\localisy08296_1.jpg,,,,,Government & Public Services,Government Offices,Old Panvel
Kokan vibhagiy Talathi Prashikshan kendr,"X4W4+572, Banglow Society, Old Panvel, Panvel, Maharashtra 410206, India",,Panvel,Panvel,Maharashtra,410206,,5,2,"local_government_office, government_office, point_of_interest, establishment",18.9953875,73.1056406,localisy024475,ChIJr0JTnD7o5zsRyaON0NBxJ4k,photos\localisy08297_1.jpg,,,,,Government & Public Services,Government Offices,Old Panvel
"Prant office,panvel","X4W4+6VH, Old Thane Naka Rd, Nityanand Nagar, HOC Colony, Panvel, Maharashtra 410206, India",,Panvel,Panvel,Maharashtra,410206,,3.7,26,"corporate_office, point_of_interest, establishment",18.9955738,73.1072253,localisy024476,ChIJ39bA0hzp5zsRTLdKvYxlcDA,photos\localisy08298_1.jpg,,,,,Government & Public Services,Government Offices,Old Panvel
Forest range office,"Maqbool Plaza, Takka Rd, Takka Colony, Panvel, Maharashtra 410206, India",,Panvel,Panvel,Maharashtra,410206,,4,1,"government_office, point_of_interest, establishment",18.9815233,73.1170841,localisy024477,ChIJl3RSTJbp5zsR88Ez4jFWq_M,photos\localisy08300_1.jpg,,,,,Government & Public Services,Government Offices,Old Panvel
Office,"X4J8+24C, MCCH Society, Panvel, Maharashtra 410206, India",,Panvel,Panvel,Maharashtra,410206,,,,"government_office, point_of_interest, establishment",18.9800728,73.1152649,localisy024478,ChIJWe5q1sLp5zsR9gTOs3-uql0,,,,,,Government & Public Services,Government Offices,Old Panvel
Iow office Panvel east,"X4V8+CVW, Forest Colony, Panvel, Maharashtra 410206, India",,Panvel,Panvel,Maharashtra,410206,,4,1,"government_office, point_of_interest, establishment",18.9936239,73.11718909999999,localisy024479,ChIJjwREXgDp5zsR2m0tK7augGw,,,,,,Government & Public Services,Government Offices,Old Panvel
Deputy Chief Engingeer Constrution Panvel,"Office No.5, Pandurang Krupa Building, Panvel Station Rd, Forest Colony, Panvel, Maharashtra 410206, India",,Panvel,Panvel,Maharashtra,410206,,5,1,"government_office, point_of_interest, establishment",18.9934717,73.11701,localisy024480,ChIJvYNKeCDp5zsRg-iiAcrCyF4,,,,,,Government & Public Services,Government Offices,Old Panvel
ESIC OFFICE PANVEL,"Shop no. 22, Neelkanth Darshan, near Nadkarni Hospital, Old Panvel, Panvel, Maharashtra 410206, India",,Panvel,Panvel,Maharashtra,410206,,4.3,4,"health, point_of_interest, establishment",18.9934568,73.11401769999999,localisy024481,ChIJq9l5FgDp5zsRXsysH7E9Fug,photos\localisy08307_1.jpg,,,,,Government & Public Services,Government Offices,Old Panvel
RRR center Ward 19 pmc,"X4P6+QRP, Chhatrapati Shivaji Maharaj Chowk, Old Panvel, Panvel, Maharashtra 410206, India",,Panvel,Panvel,Maharashtra,410206,,,,"government_office, point_of_interest, establishment",18.9869675,73.11207639999999,localisy024482,ChIJ6WgRvyjp5zsR-G6CarQSGuk,photos\localisy08309_1.jpg,,,,,Government & Public Services,Government Offices,Old Panvel
Civil Panvel Court (New),"X4V5+FPQ, HOC Colony, Panvel, Maharashtra 410206, India",,Panvel,Panvel,Maharashtra,410206,,3.8,108,"courthouse, local_government_office, government_office, point_of_interest, service, establishment",18.9937237,73.10935529999999,localisy024483,ChIJO07Wuz_o5zsRVcxvQs96f1k,photos\localisy08310_1.jpg,,,,,Government & Public Services,Government Offices,Old Panvel
Shree Ganesh Darshan Building,"X4Q5+CHC, Old Panvel, Panvel, Maharashtra 410206, India",,Panvel,Panvel,Maharashtra,410206,,5,4,"local_government_office, government_office, point_of_interest, establishment",18.9885613,73.108898,localisy024484,ChIJYYW9-xTo5zsR3fcqbGdoSPU,photos\localisy08311_1.jpg,,,,,Government & Public Services,Government Offices,Old Panvel
Vaidehi Enterprises,"Office No. 1, Ground Floor, Mauli Apartment Plot No.27, Sector 5, Police Station, Near, Sector 5, Karanjade, Panvel, Karanjade, Maharashtra 410206, India",,Panvel,Panvel,Maharashtra,410206,9029308508,4.9,345,"government_office, point_of_interest, establishment",18.9751557,73.1059676,localisy024485,ChIJ1QoTE4_p5zsRiiO3xWZEfhU,photos\localisy08312_1.jpg,,,,,Government & Public Services,Government Offices,Old Panvel
CIDCO Community Center,"near Banthia High School, Sector 18, New Panvel East, Panvel, Maharashtra 410206, India",,Panvel,Panvel,Maharashtra,410206,,3.4,12,"local_government_office, government_office, point_of_interest, establishment",18.9945901,73.1238544,localisy024486,ChIJYQlwSF3o5zsRQD0GmtUdUO8,photos\localisy08314_1.jpg,,,,,Government & Public Services,Government Offices,Old Panvel
Deputy Labour Commissioner Office,"2455+C8V, Sector 1 Rd, Sector - 1, Khanda Colony, Panvel, Maharashtra 410206, India",,Panvel,Panvel,Maharashtra,410206,,3.6,13,"government_office, point_of_interest, establishment",19.0086013,73.1082942,localisy024487,ChIJYZrWqRLp5zsROJ0b9aQ7Azo,photos\localisy08315_1.jpg,,,,,Government & Public Services,Government Offices,Old Panvel
"Maharashtra govt office,Line Ali - Ration card and others","X4R7+6CR, Line Ali, Old Panvel, Panvel, Maharashtra 410206, India",,Panvel,Panvel,Maharashtra,410206,,,,"government_office, point_of_interest, establishment",18.9906126,73.1135181,localisy024488,ChIJczbCdwDp5zsRat_9FE4xHSw,,,,,,Government & Public Services,Government Offices,Old Panvel
CIDCO Water Supply Section,"X4WF+JGM, Ganesh market, Sector 12, New Panvel East, Panvel, Maharashtra 410206, India",,Panvel,Panvel,Maharashtra,410206,,1.4,53,"government_office, manufacturer, point_of_interest, service, establishment",18.996589,73.1238005,localisy024489,ChIJLftW0Fzo5zsRcbbUm8C3cJg,photos\localisy08324_1.jpg,,,,,Government & Public Services,Utility Services,Old Panvel
Global Water Solution,"Shop No. 41, National Paradise, Plot No. 290/1, Takka Rd, Takka Colony, Panvel, Maharashtra 410206, India",,Panvel,Panvel,Maharashtra,410206,9324360991,4.9,121,"consultant, manufacturer, point_of_interest, supplier, general_contractor, service, establishment",18.9798915,73.1169254,localisy024490,ChIJcbqg6Gzo5zsRL2W7o9Zu7RI,photos\localisy08329_1.jpg,,,,,Government & Public Services,Utility Services,Old Panvel
VAIBHAV ELECTRICAL SERVICES,"A -32/05, Sector 13, New Panvel East, Panvel, Maharashtra 410206, India",,Panvel,Panvel,Maharashtra,410206,9221761274,4.9,82,"electrician, point_of_interest, service, establishment",18.9947683,73.1258576,localisy024491,ChIJ0eT2dF3o5zsRtQ8AlnNkZT8,photos\localisy08332_1.jpg,,,,,Government & Public Services,Utility Services,Old Panvel
Akshay Enterprises,"S, Plot No. 49, Rd Number 3, behind CIDCO Office, Sector-1, New Panvel East, Panvel, Maharashtra 410206, India",,Panvel,Panvel,Maharashtra,410206,9892776989,4,4,"manufacturer, point_of_interest, supplier, store, service, establishment",18.9972908,73.11709689999999,localisy024492,ChIJ_f___0To5zsRB0XDPKnODDQ,photos\localisy08333_1.jpg,,,,,Government & Public Services,Utility Services,Old Panvel
"Sewage Treatment Plant, Panvel","X4Q2+X3R, Sai Nagar Rd, Sai Nagar, Panvel, Maharashtra 410206, India",,Panvel,Panvel,Maharashtra,410206,,4.8,4,"manufacturer, point_of_interest, service, establishment",18.989978699999998,73.100146,localisy024493,ChIJEUzR8xfo5zsR9TqxMwAWlzk,photos\localisy08334_1.jpg,,,,,Government & Public Services,Utility Services,Old Panvel
MSEB Office,"Shree Siddhivinayak Mahima, Shop No-09, Cidco Shopping Complex, Panvel Matheran Rd, Sector-1, New Panvel East, Panvel, Maharashtra 410206, India",,Panvel,Panvel,Maharashtra,410206,8879970266,1.4,188,"point_of_interest, establishment",18.998393399999998,73.1226148,localisy024494,ChIJ03X3UEPo5zsRypxa6baZJt0,photos\localisy08338_1.jpg,,,,,Government & Public Services,Utility Services,Old Panvel
Alisha Inverter & Electricals,"1, Durvankur, Mahatma Phule Rd, near Ashoka Gardens, Old Panvel, Panvel, Maharashtra 410206, India",,Panvel,Panvel,Maharashtra,410206,9820758666,4.1,10,"store, point_of_interest, service, establishment",18.991166,73.11075799999999,localisy024495,ChIJjwaoTxXo5zsR7r7VMOLeqME,photos\localisy08341_1.jpg,,,,,Government & Public Services,Utility Services,Old Panvel
Mahavir Electric And Power Tools,"Damayanti Apartment, MG Rd, Mominpada, Old Panvel, Panvel, Maharashtra 410206, India",,Panvel,Panvel,Maharashtra,410206,9321101430,5,2,"building_materials_store, store, point_of_interest, service, establishment",18.9828768,73.1123587,localisy024496,ChIJ69XYNm3o5zsR3KxsYL7zp5Q,photos\localisy08344_1.jpg,,,,,Government & Public Services,Utility Services,Old Panvel
Ramdev Light House,"X4R7+5C9, Shivaji Rd, Line Ali, Old Panvel, Panvel, Maharashtra 410206, India",,Panvel,Panvel,Maharashtra,410206,9819987566,4.2,61,"store, point_of_interest, service, establishment",18.990419,73.11361099999999,localisy024497,ChIJx1jb8Wro5zsR4OFaPf1zvmg,photos\localisy08345_1.jpg,,,,,Government & Public Services,Utility Services,Old Panvel
Sonali Electrical works workshops,"Momin pada, mahatma Gandhi road, Dargha, Road, near momin pada, Tapal Naka, Mominpada, Old Panvel, Panvel, Maharashtra 410206, India",,Panvel,Panvel,Maharashtra,410206,9867231215,3.9,7,"store, point_of_interest, service, establishment",18.9830647,73.1124194,localisy024498,ChIJ8Zcgf3Lo5zsRAjmP7lLXPTo,photos\localisy08347_1.jpg,,,,,Government & Public Services,Utility Services,Old Panvel
Sewage and Waste Water Pumping station New Panvel,"2448+VMC, Sector 6, New Panvel East, Panvel, Maharashtra 410206, India",,Panvel,Panvel,Maharashtra,410206,,,,"manufacturer, point_of_interest, service, establishment",19.0071868,73.1166295,localisy024499,ChIJOwomMgDp5zsROsQ9lYR3kCk,,,,,,Government & Public Services,Utility Services,Old Panvel
Unity water tank cleaner,"C/5, Raigad society, plot no. 07, Sector - 13, Khanda Colony, Panvel, Maharashtra 410206, India",,Panvel,Panvel,Maharashtra,410206,,5,20,"point_of_interest, service, establishment",19.005129999999998,73.1099578,localisy024500,ChIJkxSx4p7p5zsRnTMMdnLKdMU,photos\localisy08355_1.jpg,,,,,Government & Public Services,Utility Services,Old Panvel
Hritvi Enterprises,"Shop No. 2 Om Murari Building, near Dayanand Anglo Vedic School, Sector-9, New Panvel East, Panvel, Maharashtra 410206, India",,Panvel,Panvel,Maharashtra,410206,7700978467,4.5,18,"telecommunications_service_provider, store, point_of_interest, service, establishment",19.003038399999998,73.1230733,localisy024501,ChIJBWUCK6rp5zsRcK_wZaWcSjs,,,,,,Government & Public Services,Utility Services,Old Panvel
Prem Electrician,"Rum no 8, Karanjade, Panvel, Karanjade, Maharashtra 410206, India",,Panvel,Panvel,Maharashtra,410206,8169501656,3.7,3,"electrician, point_of_interest, service, establishment",18.9743206,73.10949939999999,localisy024502,ChIJdyIyO_np5zsRUpRq73Hm_3g,photos\localisy08363_1.jpg,,,,,Government & Public Services,Utility Services,Old Panvel
GTAP Services Private Limited,"Shop # 008, Plot # 066, Vasant Vihar, MCCH Society Gandhi Hospital Road, Dist, Old Panvel, Panvel, Maharashtra 410206, India",,Panvel,Panvel,Maharashtra,410206,8002127616,,,"point_of_interest, association_or_organization, service, establishment",18.9867988,73.11552379999999,localisy024503,ChIJS_gxSOnp5zsRRC-YgenbnDY,photos\localisy08366_1.jpg,,,,,Government & Public Services,Utility Services,Old Panvel
Bhagyashree Electricals,"Shop No.10, jewel of panvel, MG Rd, near Prashant corner, near Pancharatna Hotel, MCCH Society, Panvel, Maharashtra 410206, India",,Panvel,Panvel,Maharashtra,410206,9324362268,3.6,9,"store, point_of_interest, service, establishment",18.9824128,73.1135394,localisy024504,ChIJv4eSEm3o5zsRgBPKj5btiFU,photos\localisy08367_1.jpg,,,,,Government & Public Services,Utility Services,Old Panvel
new Prem electric and hardware,"Shop No. 3, Plot No. 278, MG Rd, opposite Pancharatna Hotel, below S.B.I, Old Panvel, Panvel, Maharashtra 410206, India",,Panvel,Panvel,Maharashtra,410206,,5,1,"store, point_of_interest, service, establishment",18.982228799999998,73.11329719999999,localisy024505,ChIJ2UGKKwDp5zsR-paJJAm3F6c,photos\localisy08368_1.jpg,,,,,Government & Public Services,Utility Services,Old Panvel
Karanjade Sewage Treatment Plant,"X4H3+PRC, Dombala, Panvel, Karanjade, Maharashtra 410206, India",,Panvel,Panvel,Maharashtra,410206,,3.8,4,"manufacturer, point_of_interest, service, establishment",18.9793031,73.1045268,localisy024506,ChIJqxJPglPp5zsRCTLh4E4-Rl8,photos\localisy08370_1.jpg,,,,,Government & Public Services,Utility Services,Old Panvel
shree Mahesh Flour mill,"Sneh Rohit Hou. Society, Shivaji Rd, opposite Bank Of India, near Swati Optical Gali, Old Panvel, Panvel, Maharashtra 410206, India",,Panvel,Panvel,Maharashtra,410206,9167753758,,,"electrician, point_of_interest, service, establishment",18.988205699999998,73.11131089999999,localisy024507,ChIJ8TWsexjp5zsRzjzqYS3EWhw,photos\localisy08371_1.jpg,,,,,Government & Public Services,Utility Services,Old Panvel
D T Electrical,"Shop No. 2, Sai Darshan Co Operative Housing Society, Old Thane Naka Rd, Manek Nagar, New Panvel East, Panvel, Maharashtra 410206, India",,Panvel,Panvel,Maharashtra,410206,9820182724,,,"store, point_of_interest, service, establishment",18.9946326,73.1070898,localisy024508,ChIJCSZ69T7o5zsR1kXRZJKNRkQ,photos\localisy08372_1.jpg,,,,,Government & Public Services,Utility Services,Old Panvel
NKR INFRA,"2434+RQ8, Sector 17, Khanda Colony, Panvel, Maharashtra 410206, India",,Panvel,Panvel,Maharashtra,410206,,5,1,"general_contractor, point_of_interest, service, establishment",19.004536299999998,73.1069655,localisy024509,ChIJ97iWeADp5zsRM1t4tYvkv94,photos\localisy08373_1.jpg,,,,,Government & Public Services,Utility Services,Old Panvel
Prem Light House,"X4M5+MV3, MG Rd, Tapal Naka, Mominpada, Old Panvel, Panvel, Maharashtra 410206, India",,Panvel,Panvel,Maharashtra,410206,9819269980,5,2,"home_improvement_store, home_goods_store, store, point_of_interest, service, establishment",18.9841273,73.10968079999999,localisy024510,ChIJI3q3PxPo5zsRysHhZxQNpwQ,,,,,,Government & Public Services,Utility Services,Old Panvel
Panvel S.T. Bus Stand,"Forest Colony, Panvel, Maharashtra 410206, India",,Panvel,Panvel,Maharashtra,410206,,3.4,17298,"bus_stop, transit_stop, transit_station, transportation_service, point_of_interest, establishment",18.99147,73.11586299999999,localisy024511,ChIJKXRcFWro5zsRy5HBovgiHU4,photos\localisy08379_1.jpg,,,,,Government & Public Services,Public Transport,Old Panvel
Panvel Railway Station (E),"P-6, Panchshil Nagar, New Panvel East, Panvel, Maharashtra 410206, India",,Panvel,Panvel,Maharashtra,410206,,3.8,106,"bus_station, transit_station, transportation_service, point_of_interest, establishment",18.990935999999998,73.123389,localisy024512,ChIJc9UV1mfo5zsRo-0cLr9iwQA,photos\localisy08380_1.jpg,,,,,Government & Public Services,Public Transport,Old Panvel
New Panwal Bridge,"Panvel Industrial Estate, Panvel, Maharashtra 410206, India",,Panvel,Panvel,Maharashtra,410206,,3.8,162,"bus_stop, transit_stop, transit_station, transportation_service, point_of_interest, establishment",18.995200999999998,73.114193,localisy024513,ChIJBWp7_0Do5zsR3i6rgH3SXAs,photos\localisy08381_1.jpg,,,,,Government & Public Services,Public Transport,Old Panvel
Panvel Railway Station (Circle),"Sector 21, Panvel, Maharashtra 410206, India",,Panvel,Panvel,Maharashtra,410206,,3,12,"bus_stop, transit_stop, transit_station, transportation_service, point_of_interest, establishment",18.987904,73.119497,localisy024514,ChIJ0e7QOmno5zsRA6VJNKEVZ3w,photos\localisy08383_1.jpg,,,,,Government & Public Services,Public Transport,Old Panvel
Panvel Railway Station (W),"Forest Colony, Panvel, Forest Colony, Panvel, Navi Mumbai, Panvel, Maharashtra 410206, India",,Panvel,Panvel,Maharashtra,410206,,4,469,"bus_stop, transit_stop, transit_station, transportation_service, point_of_interest, establishment",18.989169,73.12125,localisy024515,ChIJgcfqlGjo5zsRXXrDXwL3n8Y,photos\localisy08385_1.jpg,,,,,Government & Public Services,Public Transport,Old Panvel
Panvel Local Train Siding,"Plot No. 3 Road No. 6, Sector 1S, Maharashtra, Sector 1A, New Panvel East, Panvel, Maharashtra 410206, India",,Panvel,Panvel,Maharashtra,410206,,4.6,7,"transit_depot, transportation_service, point_of_interest, establishment",18.9973577,73.1150366,localisy024516,ChIJjb6nSyzp5zsRVxJnP4O4DfA,photos\localisy08386_1.jpg,,,,,Government & Public Services,Public Transport,Old Panvel
Panvel MSRTC Depot,"X4R8+WGP, Old Panvel, Panvel, Navi Mumbai, Panvel, Maharashtra 410206, India",,Panvel,Panvel,Maharashtra,410206,,,,"transit_depot, transportation_service, point_of_interest, establishment",18.9921088,73.1164096,localisy024517,ChIJ3yz8FwDp5zsR3hG-nhNKMLw,,,,,,Government & Public Services,Public Transport,Old Panvel
Panvel,"Railway Station, Sector 18A, Forest Colony, Panvel, Navi Mumbai, Panvel, Maharashtra 410206, India",,Panvel,Panvel,Maharashtra,410206,,4.1,4710,"train_station, transit_station, transportation_service, point_of_interest, establishment",18.991117199999998,73.120646,localisy024518,ChIJ31ORXGjo5zsRCo0ybAmmuHM,photos\localisy08388_1.jpg,,,,,Government & Public Services,Public Transport,Old Panvel
Panvel Police Station,"Nityanand Nagar, HOC Colony, Panvel, Maharashtra 410206, India",,Panvel,Panvel,Maharashtra,410206,,3.7,3,"bus_station, transit_station, transportation_service, point_of_interest, establishment",18.993828999999998,73.108396,localisy024519,ChIJWVLGTD7o5zsR-yyz5SwH8Rs,,,,,,Government & Public Services,Public Transport,Old Panvel
Bus Stop,"Pai (3, Plot Number 28(21, Podi Number 2, near Pillais Collage, Sector 16, New Panvel East, Panvel, Navi Mumbai, Panvel, Maharashtra 410206, India",,Panvel,Panvel,Maharashtra,410206,9930217733,3.7,115,"fast_food_restaurant, restaurant, food, point_of_interest, establishment",18.9903925,73.1269085,localisy024520,ChIJMcY870Lp5zsRy87LI3-P7ks,photos\localisy08392_1.jpg,,,,,Government & Public Services,Public Transport,Old Panvel
Panvel,"Panvel, Navi Mumbai, Panvel, Maharashtra 410206, India",,Panvel,Panvel,Maharashtra,410206,,3.8,33,"transit_station, transportation_service, point_of_interest, establishment",18.990422100000004,73.1219871,localisy024521,ChIJ753SX2jo5zsRViyAXOgP9m4,photos\localisy08396_1.jpg,,,,,Government & Public Services,Public Transport,Old Panvel
Panvel Airport Connector - East,"X4X2+X7X, Sector 16, Khanda Colony, Panvel, Maharashtra 410206, India",,Panvel,Panvel,Maharashtra,410206,,4.7,23,"bridge, transportation_service, point_of_interest, establishment",18.9999918,73.1007456,localisy024522,ChIJIT1wAADp5zsR4Xp5eoTCkH8,photos\localisy08398_1.jpg,,,,,Government & Public Services,Public Transport,Old Panvel
Khanda Colony Signal,"2445+F47, Sector 17, Khanda Colony, Panvel, Maharashtra 410206, India",,Panvel,Panvel,Maharashtra,410206,,4.3,31,"store, point_of_interest, service, establishment",19.006158499999998,73.10779629999999,localisy024523,ChIJtdfT1jHp5zsRjCVFX7o2MOE,photos\localisy08400_1.jpg,,,,,Government & Public Services,Public Transport,Old Panvel
Panvel Police Station,"Nityanand Nagar, HOC Colony, Panvel, Maharashtra 410206, India",,Panvel,Panvel,Maharashtra,410206,,4,2,"bus_station, transit_station, transportation_service, point_of_interest, establishment",18.993838,73.10831300000001,localisy024524,ChIJg0EQTT7o5zsRO0rdhy7L-e8,,,,,,Government & Public Services,Public Transport,Old Panvel
Jay Mali,"1, Old Panvel, Panvel, Maharashtra 410206, India",,Panvel,Panvel,Maharashtra,410206,8080220101,5,1,"taxi_service, transportation_service, point_of_interest, service, establishment",18.9910063,73.1153132,localisy024525,ChIJI9f399np5zsRURtBwl0aiUM,,,,,,Government & Public Services,Public Transport,Old Panvel
New Panvel Railway Bridge,"Shop No 6 Lokmanya Nagar Panvel Navi Mumbai, near S.T Bus Depo, New Panvel East, Panvel, Mumbai, Panvel, Maharashtra 410206, India",,Panvel,Panvel,Maharashtra,410206,,4,7,"bridge, transportation_service, point_of_interest, establishment",18.9954918,73.1165044,localisy024526,ChIJU0mGIiLp5zsR5e3qETuG9CI,photos\localisy08405_1.jpg,,,,,Government & Public Services,Public Transport,Old Panvel
Railway Rickshaw Stand - New Panvel,"X4RF+P3P, Railway Station, Sector 17, New Panvel East, Panvel, Maharashtra 410206, India",,Panvel,Panvel,Maharashtra,410206,,3.5,6,"taxi_stand, taxi_service, transportation_service, point_of_interest, service, establishment",18.991830099999998,73.12269669999999,localisy024527,ChIJP_FZa2jo5zsRkpkuTyEI7dI,photos\localisy08409_1.jpg,,,,,Government & Public Services,Public Transport,Old Panvel
PMC Parking Lot,"X4Q6+598, Chatrapati Shivaji Maharaj Marg, Old Panvel, Panvel, Maharashtra 410206, India",,Panvel,Panvel,Maharashtra,410206,,5,1,"transportation_service, point_of_interest, establishment",18.9879022,73.1109422,localisy024528,ChIJbYhwRwDp5zsRIKGgmEWKIx4,,,,,,Government & Public Services,Public Transport,Old Panvel
Pravin Enterprises,"1, Forest Colony, Panvel, Maharashtra 410206, India",,Panvel,Panvel,Maharashtra,410206,9773990726,4,1,"taxi_service, transportation_service, point_of_interest, service, establishment",18.9947788,73.1154,localisy024529,ChIJf1JqO5zp5zsRflHxB9Zx8Bo,,,,,,Government & Public Services,Public Transport,Old Panvel
Anuj Tours &Travels Panvel,"flat no 106, River view, plot 62, Sector 5A, Sector 5, Karanjade, Panvel, Karanjade, Maharashtra 410206, India",,Panvel,Panvel,Maharashtra,410206,9702554960,5,16,"taxi_service, tourist_information_center, tourist_attraction, tour_agency, travel_agency, transportation_service, point_of_interest, service, establishment",18.9745524,73.1091083,localisy024530,ChIJGYjTKofp5zsRAPqHinXGkeM,photos\localisy08415_1.jpg,,,,,Government & Public Services,Public Transport,Old Panvel
Shree Samarth Krupa Tours And Travels,"Shree Samarth Krupa Nivas, Sector 2, New Panvel East, Panvel, Nere, Panvel, Maharashtra 410206, India",,Panvel,Panvel,Maharashtra,410206,,4.3,3,"taxi_service, transportation_service, point_of_interest, service, establishment",19.0004615,73.12011679999999,localisy024531,ChIJmf68konp5zsRUV3IuocdTT8,,,,,,Government & Public Services,Public Transport,Old Panvel
Karanjade Bridge,"X4J4+PH8, Uran Rd, Old Panvel, Panvel, Maharashtra 410206, India",,Panvel,Panvel,Maharashtra,410206,,3.9,23,"bridge, transportation_service, point_of_interest, establishment",18.9817935,73.1064403,localisy024532,ChIJ-UVS5bbp5zsRzqj63PQM3Ow,photos\localisy08417_1.jpg,,,,,Government & Public Services,Public Transport,Old Panvel
Panvel Railway Station (Circle),"Forest Colony, Panvel, Maharashtra 410206, India",,Panvel,Panvel,Maharashtra,410206,,4.3,4,"bus_stop, transit_stop, transit_station, transportation_service, point_of_interest, establishment",18.987885,73.119364,localisy024533,ChIJP46EOmno5zsRHXAHv75B45g,photos\localisy08419_1.jpg,,,,,Government & Public Services,Public Transport,Old Panvel
Panvel Rickshaw Stand,"X4QC+PRC, Sector 20, Panvel, Maharashtra 410206, India",,Panvel,Panvel,Maharashtra,410206,,1.7,10,"taxi_stand, taxi_service, transportation_service, point_of_interest, service, establishment",18.9893031,73.1220281,localisy024534,ChIJRczQk2jo5zsRVdgtIWcGjko,photos\localisy08421_1.jpg,,,,,Government & Public Services,Public Transport,Old Panvel
WHITE GROUP PAN CARD,"Lotus bildig shop no 4, Sai Nagar Rd, cennal naka, Old Panvel, Panvel, Maharashtra 410206, India",,Panvel,Panvel,Maharashtra,410206,,5,1,"taxi_service, transportation_service, point_of_interest, service, establishment",18.993890699999998,73.099807,localisy024535,ChIJXX_xojrp5zsRHhfAvMvvf_8,,,,,,Government & Public Services,Public Transport,Old Panvel
Sai Arcade,"shop number 14'15, Orion Mall, Chatrapati Shivaji Maharaj Marg, opposite panvel bus stand, Old Panvel, Panvel, Maharashtra 410206, India",,Panvel,Panvel,Maharashtra,410206,,3.8,19,"corporate_office, point_of_interest, establishment",18.991505800000002,73.11510129999999,localisy024536,ChIJqydvb2ro5zsRp_wIMWX_Dnk,photos\localisy08423_1.jpg,,,,,Government & Public Services,Public Transport,Old Panvel
Nirvika Tours And Travels,"Babu Sadan Niwas, Ghate Ali Dandekar Hospital, near Old Panvel, Old Panvel, Panvel, Maharashtra 410206, India",,Panvel,Panvel,Maharashtra,410206,9619900685,,,"taxi_service, transportation_service, point_of_interest, service, establishment",18.9903008,73.1120238,localisy024537,ChIJbcHH8wfp5zsRRndGVQ-WFjw,,,,,,Government & Public Services,Public Transport,Old Panvel
RIYA TOURS & TRAVELS,"Sector 3,Plot26, Room No 105, Om iona, near Jio Mart, Karanjade, Panvel, Karanjade, Maharashtra 410206, India",,Panvel,Panvel,Maharashtra,410206,,,,"taxi_service, transportation_service, point_of_interest, service, establishment",18.9790182,73.09995160000001,localisy024538,ChIJ7SdUQRTp5zsRTOh3hx9yqeE,photos\localisy08426_1.jpg,,,,,Government & Public Services,Public Transport,Old Panvel
Daraving,"146, Dhakta Khanda, Khanda Colony, Panvel, Maharashtra 410206, India",,Panvel,Panvel,Maharashtra,410206,8898363199,5,1,"taxi_service, transportation_service, point_of_interest, service, establishment",19.003691399999997,73.1027435,localisy024539,ChIJNb8Y7q7p5zsROxn-YzbSik4,,,,,,Government & Public Services,Public Transport,Old Panvel
Shree Darshan Tours and Travels,"Sector 2, Karanjade, Panvel, Vadghar, Maharashtra 410206, India",,Panvel,Panvel,Maharashtra,410206,,5,9,"taxi_service, transportation_service, point_of_interest, service, establishment",18.9790805,73.09661419999999,localisy024540,ChIJT7oJXgDp5zsR1d1ElWr8EsM,photos\localisy08435_1.jpg,,,,,Government & Public Services,Public Transport,Old Panvel
Garden Hotel,"Panvel, Maharashtra 410206, India",,Panvel,Panvel,Maharashtra,410206,,5,1,"transit_station, transportation_service, point_of_interest, establishment",18.999025,73.1086735,localisy024541,ChIJx1ki3jjo5zsRf0pUpWIK56g,,,,,,Government & Public Services,Public Transport,Old Panvel
SHARAD GAIKWAD,"Savera Complex 04, near Canara Bank, Sukapur, New Panvel East, Panvel, Maharashtra 410206, India",,Panvel,Panvel,Maharashtra,410206,,5,1,"taxi_service, transportation_service, point_of_interest, service, establishment",18.9921074,73.1227954,localisy024542,ChIJw8KhYxXp5zsRwCA2hdh4r0Y,,,,,,Government & Public Services,Public Transport,Old Panvel
Khanda Colony Post Office,"2446+4RP, Sector 10, Khanda Colony, Panvel, Maharashtra 410206, India",,Panvel,Panvel,Maharashtra,410206,,2.7,38,"post_office, shipping_service, finance, government_office, service, association_or_organization, point_of_interest, establishment",19.0053491,73.1120637,localisy024543,ChIJcyMuI0jo5zsRSevlguZYTXg,photos\localisy08441_1.jpg,,,,,Government & Public Services,Post Offices,Old Panvel
panvel post office parking area,"X4WF+V37, Sector 19, New Panvel East, Panvel, Maharashtra 410206, India",,Panvel,Panvel,Maharashtra,410206,,3.6,39,"post_office, shipping_service, transportation_service, finance, government_office, service, association_or_organization, point_of_interest, establishment",18.9971687,73.1226575,localisy024544,ChIJ9yskLUPo5zsRIiSLin7Chs8,photos\localisy08443_1.jpg,,,,,Government & Public Services,Post Offices,Old Panvel
Arihant Niwas sector 19,"Plot no. 3, Rd Number 17, Sector 19, New Panvel East, Panvel, Maharashtra 410206, India",,Panvel,Panvel,Maharashtra,410206,,,,"post_office, shipping_service, finance, government_office, service, association_or_organization, point_of_interest, establishment",18.996287799999998,73.12282119999999,localisy024545,ChIJJ6bvAwDp5zsRsTw3-zbpRdU,photos\localisy08447_1.jpg,,,,,Government & Public Services,Post Offices,Old Panvel
Karnjade,"Shop no 5, Sadguru Apartment, Sector 2, Plot No 8, Karanjade, Panvel, Vadghar, Maharashtra 410206, India",,Panvel,Panvel,Maharashtra,410206,,1,1,"post_office, shipping_service, finance, government_office, service, association_or_organization, point_of_interest, establishment",18.9791649,73.0976396,localisy024546,ChIJS6w-VQDp5zsRsHnWbL1aK9I,,,,,,Government & Public Services,Post Offices,Old Panvel
Raju yadav,"Shop No. 14, Neel Empress, Plot No. 92/93, Sector 1, Back to HDFC Bank, 5, Chatrapati Sambhaji Maharaj Chowk, Sector 1A, New Panvel East, Panvel, Maharashtra 410206, India",,Panvel,Panvel,Maharashtra,410206,,,,"post_office, shipping_service, finance, government_office, service, association_or_organization, point_of_interest, establishment",18.9970243,73.117992,localisy024547,ChIJNcayRVbp5zsRTu6DozSSjro,,,,,,Government & Public Services,Post Offices,Old Panvel
Panvel Taluka Police Station,"537, Swami Nityanand Rd, Manek Nagar, HOC Colony, Panvel, Maharashtra 410206, India",,Panvel,Panvel,Maharashtra,410206,7045918041,,,"police, government_office, service, point_of_interest, establishment",18.9940923,73.10814789999999,localisy024548,ChIJMah9TT7o5zsRFXEDtZYaCiM,photos\localisy08456_1.jpg,,,,,Government & Public Services,Police Stations,Old Panvel
Police Station Karanjade,"X4G4+8F9, Sector 05, Karanjade, Panvel, Karanjade, Maharashtra 410206, India",,Panvel,Panvel,Maharashtra,410206,,4.1,12,"government_office, point_of_interest, establishment",18.975778700000003,73.1062421,localisy024549,ChIJj-n6Fwzo5zsRwqCxt2LvoGw,,,,,,Government & Public Services,Police Stations,Old Panvel
New Panvel Police Station(Planned),"2449+FV4, Sector 6, New Panvel East, Panvel, Maharashtra 410206, India",,Panvel,Panvel,Maharashtra,410206,,,,"police, service, point_of_interest, establishment",19.006137799999998,73.1196983,localisy024550,ChIJq6qqEU_o5zsR0tpuIGwZmVk,,,,,,Government & Public Services,Police Stations,Old Panvel
Traffic Police Station.panvel,"410206, Sector 18, Khanda Colony, Panvel, Maharashtra 410218, India",,Roadpali,Panvel,Maharashtra,410218,,,,"police, government_office, service, point_of_interest, establishment",19.015190999999998,73.1067236,localisy024551,ChIJQed0Scvp5zsRYdKY-8V6piE,photos\localisy08463_1.jpg,,,,,Government & Public Services,Police Stations,Old Panvel
Office Of The Police Commissioner Of New Bombay.,"X4W4+FVQ, Nityanand Nagar, HOC Colony, Panvel, Maharashtra 410206, India",,Panvel,Panvel,Maharashtra,410206,,4.7,3,"government_office, point_of_interest, establishment",18.9962092,73.1072428,localisy024552,ChIJwY6cwT7o5zsRdR_H-e3XSUo,,,,,,Government & Public Services,Police Stations,Old Panvel
Chatrapatti Shivaji Maharaj chowk police chowkey,"Panvel Complex, SH54, Marble Market, Old Panvel, Panvel, Maharashtra 410206, India",,Panvel,Panvel,Maharashtra,410206,,,,"police, government_office, service, point_of_interest, establishment",18.987660599999998,73.112171,localisy024553,ChIJ-_s4RGvo5zsRxSfi6oNCfwI,photos\localisy08466_1.jpg,,,,,Government & Public Services,Police Stations,Old Panvel
City Police Chowki,"05, Sector 34, Karanjade, Panvel, Karanjade, Maharashtra 410206, India",,Panvel,Panvel,Maharashtra,410206,,,,"police, government_office, service, point_of_interest, establishment",18.975778700000003,73.1062421,localisy024554,ChIJj-n6Fwzo5zsReXxXZY_AvWA,,,,,,Government & Public Services,Police Stations,Old Panvel
Police Station,"10, Station Rd, Forest Colony, Panvel, Maharashtra 410206, India",,Panvel,Panvel,Maharashtra,410206,,,,"police, service, point_of_interest, establishment",18.9884713,73.120407,localisy024555,ChIJ1URV3mjo5zsRjMBoO60WlH8,,,,,,Government & Public Services,Police Stations,Old Panvel
Panvel Crime Branch,"20, Old Thane Naka Rd, Ugam Nagar, Nityanand Nagar, HOC Colony, Panvel, Maharashtra 410206, India",,Panvel,Panvel,Maharashtra,410206,,,,"police, government_office, service, point_of_interest, establishment",18.9961496,73.10738789999999,localisy024556,ChIJe1oVwj7o5zsRrhAj3_XI_I4,,,,,,Government & Public Services,Police Stations,Old Panvel
Passport police verification centre,"Tehsildar Office, Banglow Society, HOC Colony, Panvel, Maharashtra 410206, India",,Panvel,Panvel,Maharashtra,410206,,,,"police, service, point_of_interest, establishment",18.9951822,73.1058815,localisy024557,ChIJyYw-56_p5zsRlhXzdQncnZk,photos\localisy08487_1.jpg,,,,,Government & Public Services,Passport Seva Kendra,Old Panvel
Aadhar Seva kendra,"Sector R4, Apex Address, Plot 221, Uran - Panvel Rd, Vadghar, Maharashtra 410206, India",,Panvel,Panvel,Maharashtra,410206,,4.3,3,"point_of_interest, establishment",18.9842794,73.0986325,localisy024558,ChIJNSd8KADp5zsR7F9uPZhaX70,photos\localisy08499_1.jpg,,,,,Government & Public Services,Aadhar Enrollment Centers,Old Panvel
Aadhar Centre,"Shop No -06, Jumma Villa, MG Rd, Kacchi Mohalla, Old Panvel, Panvel, Maharashtra 410206, India",,Panvel,Panvel,Maharashtra,410206,8657368455,5,2,"point_of_interest, establishment",18.988198,73.1058673,localisy024559,ChIJ1bx1UYfp5zsRXMSWWO9m79g,photos\localisy08500_1.jpg,,,,,Government & Public Services,Aadhar Enrollment Centers,Old Panvel
Aadhar Seva Center,"Shop No 1 Phadke, Natya Gruh, Road, Old Panvel, Panvel, Maharashtra 410206, India",,Panvel,Panvel,Maharashtra,410206,,1,4,"government_office, point_of_interest, establishment",18.9873531,73.11035749999999,localisy024560,ChIJ5Znh1I3p5zsRjaL6_4AK3_s,photos\localisy08505_1.jpg,,,,,Government & Public Services,Aadhar Enrollment Centers,Old Panvel
AADHAR,"JK Plaza, OPPOSITE DURGAMATA MANDIR, SHIVAJI CHOWK, Panvel, JK Plaza, MTNL Rd, Old Panvel, Panvel, Maharashtra 410206, India",,Panvel,Panvel,Maharashtra,410206,8108390511,4,9,"medical_clinic, health, point_of_interest, establishment",18.986825,73.112415,localisy024561,ChIJB6riW2vo5zsRoaYrSDKRYCo,photos\localisy08510_1.jpg,,,,,Government & Public Services,Aadhar Enrollment Centers,Old Panvel
Aadhar kendra,"Jewel Villa, Sector 5, Karanjade, Maharashtra 410206, India",,Panvel,Panvel,Maharashtra,410206,,3,4,"point_of_interest, establishment",18.9744112,73.10542730000002,localisy024562,ChIJI_PwQADp5zsR_IrjwWSIN4E,,,,,,Government & Public Services,Aadhar Enrollment Centers,Old Panvel
DTDC COURIER SERVICES PANVEL,"Line Ali, Old Panvel, Panvel, Maharashtra 410206, India",,Panvel,Panvel,Maharashtra,410206,8108528531,4.7,109,"courier_service, shipping_service, service, point_of_interest, establishment",18.9896975,73.11284359999999,localisy024563,ChIJ8TPelcjp5zsRHR9UkZA0TPQ,photos\localisy08516_1.jpg,,,,,Courier & Logistics,Courier Services,Old Panvel
The Professional Couriers | Domestic & International Courier Services in Panvel,"Shop No 12, National Paradise, Mumbai - Pune Highway, nearby Domino's, Takka Colony, Panvel, Maharashtra 410206, India",,Panvel,Panvel,Maharashtra,410206,9702715930,3.5,98,"courier_service, shipping_service, service, point_of_interest, establishment",18.9799479,73.1162252,localisy024564,ChIJdb24GXLo5zsR70e6tw00Mxc,photos\localisy08517_1.jpg,,,,,Courier & Logistics,Courier Services,Old Panvel
"Delhivery Courier, Panvel","2462+5R4, Sector-25, Khandeshwar, Panvel, Maharashtra 410206, India",,Panvel,Panvel,Maharashtra,410206,,1.8,116,"courier_service, shipping_service, service, point_of_interest, establishment",19.0103989,73.1020899,localisy024565,ChIJl4Xo1mTp5zsRwbdwNdTtOO8,photos\localisy08520_1.jpg,,,,,Courier & Logistics,Courier Services,Old Panvel
DTDC (Neel Enspire),"X4V7+7P4, Old Panvel, Panvel, Maharashtra 410206, India",,Panvel,Panvel,Maharashtra,410206,,2.9,24,"courier_service, shipping_service, service, point_of_interest, establishment",18.993140699999998,73.1143276,localisy024566,ChIJMbkTNEDo5zsRSNqBoRzkuL4,,,,,,Courier & Logistics,Courier Services,Old Panvel
The Professional Couriers New Panvel | Domestic & International Courier Services,"Shop No 12, Ground Floor, Pooja Complex, Plot No 15B, nearby IDBI Bank, Sector 17, New Panvel East, Panvel, Maharashtra 410206, India",,Panvel,Panvel,Maharashtra,410206,8451046035,2.7,23,"courier_service, shipping_service, service, point_of_interest, establishment",18.9925528,73.1225401,localisy024567,ChIJtfRigUvo5zsRGnK-y5UNXHI,photos\localisy08522_1.jpg,,,,,Courier & Logistics,Courier Services,Old Panvel
Dtdc Courier,"Shop no 26 basement, Raje complex, near Bhushan Pav Bhaji, opp. Chhatrapati Shivaji Maharaj Chowk, MCCH Society, Panvel, Maharashtra 410206, India",,Panvel,Panvel,Maharashtra,410206,9449257111,2.9,55,"courier_service, shipping_service, service, point_of_interest, establishment",18.9853329,73.1130086,localisy024568,ChIJGXrpBUbD5zsRTIpzRXdp3AY,photos\localisy08523_1.jpg,,,,,Courier & Logistics,Courier Services,Old Panvel
Shree Maruti Courier Service - New Panvel East,"Shop No 14, Maruti Corner, opposite Railway Station, Sector 17, New Panvel East, Panvel, Navi Mumbai, Panvel, Maharashtra 410206, India",,Panvel,Panvel,Maharashtra,410206,7498758755,3.7,19,"courier_service, shipping_service, service, point_of_interest, establishment",18.992231,73.122765,localisy024569,ChIJARk7mpvp5zsRxkJ_YV5CxYQ,photos\localisy08524_1.jpg,,,,,Courier & Logistics,Courier Services,Old Panvel
TrackOn Courier,"X4R7+MWH, National Highway 4, near Life Line Hospital, Old Panvel, Panvel, Maharashtra 410206, India",,Panvel,Panvel,Maharashtra,410206,9323249224,3.1,63,"courier_service, shipping_service, service, point_of_interest, establishment",18.9916955,73.11487369999999,localisy024570,ChIJW90oZWro5zsRVmvlaWAALio,photos\localisy08525_1.jpg,,,,,Courier & Logistics,Courier Services,Old Panvel
DTDC - COURIER SERVICES - NEAR PANVEL RAILWAY STATION,"Maruti Corner, Plot no-15A, Sector 17, New Panvel East, Panvel, Maharashtra 410206, India",,Panvel,Panvel,Maharashtra,410206,7666433207,3.8,26,"courier_service, shipping_service, service, point_of_interest, establishment",18.9923239,73.1226209,localisy024571,ChIJX8wMaPbp5zsRQxAQKS6tGxU,photos\localisy08528_1.jpg,,,,,Courier & Logistics,Courier Services,Old Panvel
Shree Maruti Courier Service - Takka Colony,"Shop No 8, National Paradise CHS, Plot No 290/1, Takka Rd, nearby Domino's, Takka Colony, Panvel, Mumbai, Panvel, Maharashtra 410206, India",,Panvel,Panvel,Maharashtra,410206,9594138918,2.6,56,"courier_service, shipping_service, service, point_of_interest, establishment",18.9795943,73.11689419999999,localisy024572,ChIJQQAAAMTp5zsRx0uZkcnHDok,photos\localisy08531_1.jpg,,,,,Courier & Logistics,Courier Services,Old Panvel
Shree Nandan Courier Service Pvt. Ltd.,"X4R6+8VX, Agri Samaj Mandir Road, Old Panvel, Panvel, Maharashtra 410206, India",,Panvel,Panvel,Maharashtra,410206,,,,"point_of_interest, establishment",18.9908641,73.1122437,localisy024573,ChIJj6pduGro5zsRzWuep7TM2yg,,,,,,Courier & Logistics,Courier Services,Old Panvel
DTDC Karanjade,"Shop No 07, Shiv Residency, Plot 36, Sector 3, Karanjade, Panvel, Karanjade, Maharashtra 410206, India",,Panvel,Panvel,Maharashtra,410206,8655785590,4.4,73,"courier_service, shipping_service, point_of_interest, service, establishment",18.9777192,73.0993877,localisy024574,ChIJmwoxV_3p5zsRP-GqPh_DyB0,photos\localisy08536_1.jpg,,,,,Courier & Logistics,Courier Services,Old Panvel
DTDC,"Shop no. 4, X4PC+822, Pakka Road, near kings electronics, Sector 21, Takka Colony, Panvel, Maharashtra 410206, India",,Panvel,Panvel,Maharashtra,410206,9152150322,1.8,10,"courier_service, shipping_service, point_of_interest, service, establishment",18.98576,73.1198867,localisy024575,ChIJPaUxMKfp5zsRGBO9yATW1WM,photos\localisy08550_1.jpg,,,,,Courier & Logistics,Courier Services,Old Panvel
Maruti Air Courier & International New Panvel,"shop no 30, near Khandekar hospital 410206, Sector-1, New Panvel East, Panvel, Maharashtra 410206, India",,Panvel,Panvel,Maharashtra,410206,8286401505,3,6,"courier_service, shipping_service, point_of_interest, service, establishment",18.998927899999998,73.1222538,localisy024576,ChIJvYW6GfPp5zsRRrfRN61iRXs,photos\localisy08553_1.jpg,,,,,Courier & Logistics,Courier Services,Old Panvel
Disha International Courier,"Shop No. 5 Sai Nivas CHS, Sector R3, Pushpak Node Chinchpada, Plot No. 149, Karanjade, Panvel, Vadghar, Maharashtra 410206, India",,Panvel,Panvel,Maharashtra,410206,,4.8,18,"courier_service, finance, transportation_service, shipping_service, point_of_interest, service, establishment",18.9885996,73.0937269,localisy024577,ChIJjQDlfGbp5zsRbolBmKm4kZg,photos\localisy08554_1.jpg,,,,,Courier & Logistics,Courier Services,Old Panvel
"Railway Parcel Office, Panvel","papdi pada, taloja near madatari compound, X4QF+J6V, Panvel RPF Road, Sector 20, New Panvel East, Panvel, Thane, Panvel, Maharashtra 410206, India",,Panvel,Panvel,Maharashtra,410206,,3.6,19,"government_office, point_of_interest, establishment",18.9891068,73.12306029999999,localisy024578,ChIJPdGldoHp5zsR0DqmY54aE6w,photos\localisy08556_1.jpg,,,,,Courier & Logistics,Courier Services,Old Panvel
DSE,"X4X3+X5C, Sector 16, Khanda Colony, Panvel, Maharashtra 410206, India",,Panvel,Panvel,Maharashtra,410206,,,,"transportation_service, shipping_service, point_of_interest, service, establishment",18.9999465,73.1028822,localisy024579,ChIJ5acE8Cfp5zsRugwniGGgzHY,photos\localisy08562_1.jpg,,,,,Courier & Logistics,Courier Services,Old Panvel
container trailer transporters,"GALA NO.62, container service in mumbai, Ugam Nagar, Old Panvel, Panvel, Maharashtra 410206, India",,Panvel,Panvel,Maharashtra,410206,,,,"shipping_service, transportation_service, service, point_of_interest, establishment",18.993914,73.1054967,localisy024580,ChIJ6bBH2ALp5zsRc3cKg9oFNG0,,,,,,Courier & Logistics,Cargo Services,Old Panvel
Warehouse in Panvel / Navi Mumbai | Godown For Rent in Navi Mumbai | Warehouse On Rent in Mumbai / Swarex logistics Limited,"Warehouse no. 12, Bldg no. 504/1, 60/1, Karwar Spring Compound, Mumbai Pune Highway, Taluka, near Hotel Nisarg, Panvel, Derawali, Maharashtra 410206, India",,Panvel,Panvel,Maharashtra,410206,,5,2,"storage, point_of_interest, establishment",18.9606066,73.1455474,localisy024581,ChIJCXwP-HDn5zsRGWbMVLXcfNw,,,,,,Courier & Logistics,Cargo Services,Old Panvel
TCI FREIGHT,"Bombay Pune Road,, Near S.T Bus Stand,, Panvel Post,, Forest Colony, Panvel, Maharashtra 410206, India",,Panvel,Panvel,Maharashtra,410206,9818866824,3.3,12,"transportation_service, point_of_interest, establishment",18.9926928,73.1165955,localisy024582,ChIJm65JTTzo5zsR5Yxbzkh7JZk,photos\localisy08606_1.jpg,,,,,Courier & Logistics,Cargo Services,Old Panvel
SHREE WAREHOUSE / SHREE OM WAREHOUSE,"SHREE WAREHOUSE PLOT NUMBER 231 DHANSAR DHANSAR PANVEL ROAD Taluka- panvel, District- raigad Batli compound Panvel, Pisarve, Shahpur, Dharana Camp, Maharashtra 410208, India",,Taloja,Panvel,Maharashtra,410208,,4.4,11,"storage, point_of_interest, establishment",19.0983303,73.0807413,localisy024583,ChIJc5ow16PB5zsRVVTKkxl9DEk,photos\localisy08631_1.jpg,,,,,Courier & Logistics,Warehousing Services,Old Panvel
GLOBAL WAREHOUSING,"Panvel Rd, Adivali, Kiravli Village, Panvel, Maharashtra 410208, India",,Taloja,Panvel,Maharashtra,410208,,5,3,"storage, point_of_interest, establishment",19.1032256,73.06545659999999,localisy024584,ChIJgW9Hl0LB5zsRxk4lgFQe3t4,photos\localisy08638_1.jpg,,,,,Courier & Logistics,Warehousing Services,Old Panvel
Patil warehousing,"near Batli company, Dharna, Dharana Camp, Maharashtra 410208, India",,Taloja,Panvel,Maharashtra,410208,,5,1,"storage, point_of_interest, establishment",19.0960099,73.0757653,localisy024585,ChIJLXUesibB5zsRjU6xdsc9rM8,,,,,,Courier & Logistics,Warehousing Services,Old Panvel
S R WAREHOUSES,"Shripat warehouse kiravli, toll plaza, Panvel, Dharangaon, Maharashtra 410208, India",,Taloja,Panvel,Maharashtra,410208,,4,8,"storage, point_of_interest, establishment",19.098938699999998,73.0729121,localisy024586,ChIJleZEEIHB5zsRTSoDuvfuZyE,photos\localisy08658_1.jpg,,,,,Courier & Logistics,Warehousing Services,Old Panvel
7 STAR SECURITY PVT LTD,"Old Panvel, Panvel, Maharashtra 410206, India",,Panvel,Panvel,Maharashtra,410206,9870333365,4.4,7,"service, point_of_interest, establishment",18.980890199999997,73.1152644,localisy024587,ChIJDfSutTfo5zsROvH8XMiJa4U,,,,,,Security Services,Security Guard Agencies,Old Panvel
SHREE SWAMISAMARTH SECURITY SERVICES,"Gurumauli chs, 204, next to Vidyadhiraj Charitable Trust, Kevale, Panvel, Harigram, Maharashtra 410206, India",,Panvel,Panvel,Maharashtra,410206,9082721193,5,1,"service, point_of_interest, establishment",19.021117699999998,73.15432179999999,localisy024588,ChIJdwvSz47p5zsRr7fuYEE-smw,photos\localisy08692_1.jpg,,,,,Security Services,Security Guard Agencies,Old Panvel
Modern Veer Rays Security Force India Pvt.Ltd,"Shop No-1 & 2, Ground floor, Nirman Sai Darshan CHS, Opposite Shri Sai Baba Mandir, Near Panvel Station, Taluka, Old Panvel, Panvel, Maharashtra 410206, India",,Panvel,Panvel,Maharashtra,410206,9769006492,,,"service, point_of_interest, establishment",18.9931832,73.11689369999999,localisy024589,ChIJyzDOOC3p5zsR-o3gk2eaQo4,,,,,,Security Services,Security Guard Agencies,Old Panvel
"Ozone India | Brass X Security | Navi Mumbai, Maharashtra","Shop no.12, Royal Residency, opp. Sindhi Panchayat Hall, Old Panvel, Panvel, Navi Mumbai, Panvel, Maharashtra 410206, India",,Panvel,Panvel,Maharashtra,410206,9819062688,,,"home_improvement_store, hardware_store, general_contractor, supplier, building_materials_store, home_goods_store, store, point_of_interest, service, establishment",18.9812904,73.11444949999999,localisy024590,ChIJ4-8QUWbp5zsReMWgebBvhEA,photos\localisy08717_1.jpg,,,,,Security Services,Security Guard Agencies,Old Panvel
OM SAI ENTERPRISES SECURITY SERVICE,"Near Gauri Nandan By Namah Infra , At - Vihighar , Tal - Panvel 410206 , Dist, Panvel, Vihighar, Maharashtra 410206, India",,Panvel,Panvel,Maharashtra,410206,9167438658,,,"point_of_interest, service, establishment",19.0048598,73.1580649,localisy024591,ChIJd5lL3k3p5zsRYhzOR5m86qs,photos\localisy08723_1.jpg,,,,,Security Services,Security Guard Agencies,Old Panvel
Triratna Hi-Tech,"35, 32, New, Sector 7, Khanda Colony, Panvel, Maharashtra 410206, India",,Panvel,Panvel,Maharashtra,410206,7710932406,4.9,9,"lawyer, point_of_interest, association_or_organization, consultant, service, establishment",19.009995699999997,73.1133937,localisy024592,ChIJdbrspdDp5zsRa7yZLVG81GA,photos\localisy08726_1.jpg,,,,,Security Services,Security Guard Agencies,Old Panvel
Nirvi Digital Service,"Sant Rohidas Marg, Mominpada, Old Panvel, Panvel, Maharashtra 410206, India",,Panvel,Panvel,Maharashtra,410206,8850561752,5,21,"television_studio, supplier, point_of_interest, service, establishment",18.9836179,73.1106069,localisy024593,ChIJMbWJGMPp5zsRLaTIW3HBDaI,photos\localisy08732_1.jpg,,,,,Security Services,Security Guard Agencies,Old Panvel
VC Technosolutions Pvt Ltd.,"PLOT NO. 23, VC Tech Corporate Office, behind Indo Scots Global School, ओल्ड VSNL कॉलनी, सेक्टर - 17, कामोठे, Mansarovar, पनवेल, महाराष्ट्र 410209, India",,Kamothe,Panvel,Maharashtra,410209,,4.6,20,"corporate_office, point_of_interest, establishment",19.0152821,73.0875695,localisy024594,ChIJuyhVQ0LD5zsRgXzeWi8TFIg,photos\localisy08793_1.jpg,,,,,Security Services,Alarm & Surveillance Systems,Old Panvel
Press and Dress,"Ground Floor, Karadi Samaj Hall, Plot No.2, Bhingari Tal, near R.Z.P. Marathi School, Kalundre Gaon, Panvel, Maharashtra 410206, India",,Panvel,Panvel,Maharashtra,410206,,5,34,"laundry, point_of_interest, service, establishment",18.9742538,73.1204578,localisy024595,ChIJlejDsNvp5zsR-L2u9oxEi8w,photos\localisy08805_1.jpg,,,,,Laundry Services,Laundry & Dry Cleaning,Old Panvel
Dhirraj Drycleaners,"Shivaji Rd, Line Ali, Old Panvel, Panvel, Maharashtra 410206, India",,Panvel,Panvel,Maharashtra,410206,,3.6,14,"laundry, point_of_interest, service, establishment",18.9902621,73.1135188,localisy024596,ChIJT9vC72ro5zsRP9Wuv3jnM1o,photos\localisy08808_1.jpg,,,,,Laundry Services,Laundry & Dry Cleaning,Old Panvel
Shahil Pawor Laundry And Dry Cleaner Centre,"shop no 1, Sector 2a, Karanjade, Panvel, Vadghar, Maharashtra 410206, India",,Panvel,Panvel,Maharashtra,410206,9936585952,5,1,"laundry, point_of_interest, service, establishment",18.9813561,73.0985625,localisy024597,ChIJbWVRGRrp5zsR2BaQ5fCUOiw,,,,,,Laundry Services,Laundry & Dry Cleaning,Old Panvel
Tumbledry Dry Clean,"Shop No 4, Tejas Building, Old Thane Naka Rd, Nityanand Nagar, Old Panvel, Panvel, Maharashtra 410206, India",,Panvel,Panvel,Maharashtra,410206,,,,"laundry, point_of_interest, service, establishment",18.9952562,73.1071834,localisy024598,ChIJjTUh8z7o5zsRTLe3WADRWtM,,,,,,Laundry Services,Laundry & Dry Cleaning,Old Panvel
Laxmi Dry Cleaners,"2439+X5Q, Sector 5, New Panvel East, Panvel, Maharashtra 410206, India",,Panvel,Panvel,Maharashtra,410206,,4,3,"laundry, point_of_interest, service, establishment",19.004962,73.117995,localisy024599,ChIJg4kEV87p5zsRP2a_d-69t7o,photos\localisy08825_1.jpg,,,,,Laundry Services,Laundry & Dry Cleaning,Old Panvel
vijaya power laundry,"shop-11, Neel Plaza, plot-41, Sector 3, New Panvel East, Panvel, Maharashtra 410206, India",,Panvel,Panvel,Maharashtra,410206,9867418993,3.4,5,"laundry, point_of_interest, service, establishment",19.0013409,73.12072169999999,localisy024600,ChIJn9Bl_ETo5zsRdKUwLRvio98,photos\localisy08827_1.jpg,,,,,Laundry Services,Laundry & Dry Cleaning,Old Panvel
Shree DattaManagal Power Laundry,"shop.no.1, Godrej Plaza, Lokmanya Tilak Road, Old Panvel, Panvel, Maharashtra 410206, India",,Panvel,Panvel,Maharashtra,410206,8369589260,,,"laundry, point_of_interest, service, establishment",18.990318,73.1097417,localisy024601,ChIJTaXFi9Tp5zsRLcC6DGiOUek,photos\localisy08829_1.jpg,,,,,Laundry Services,Laundry & Dry Cleaning,Old Panvel
Krishna Power Laundry,"Shop No 1, Krishna Power LaundryChannel Plaza, Panvel Station Rd, Sector 21, Takka Colony, Panvel, Maharashtra 410206, India",,Panvel,Panvel,Maharashtra,410206,9022153695,4.3,4,"laundry, point_of_interest, service, establishment",18.9842409,73.1201524,localisy024602,ChIJKbiq-s7p5zsRAAAA0LUr6UE,photos\localisy08833_1.jpg,,,,,Laundry Services,Laundry & Dry Cleaning,Old Panvel
LUCKY POWER LAUNDRY,"Mirchi galli, near vaisha samaj hall, Old Panvel, Panvel, Maharashtra 410206, India",,Panvel,Panvel,Maharashtra,410206,9324327270,,,"laundry, point_of_interest, service, establishment",18.9844684,73.1085379,localisy024603,ChIJwVTuHo3p5zsR8FTET6Y0KBU,photos\localisy08836_1.jpg,,,,,Laundry Services,Laundry & Dry Cleaning,Old Panvel
OM SAI RAM LAUNDRY AND DRY CLEANING,"SHOP NO 2, PLOT NO 99, APEX MORNING, Vadghar, Panvel, Vadghar, Maharashtra 410206, India",,Panvel,Panvel,Maharashtra,410206,8303215009,,,"laundry, point_of_interest, service, establishment",18.9853789,73.0964613,localisy024604,ChIJb-htZVHp5zsR7j3Xr1wrIBk,,,,,,Laundry Services,Laundry & Dry Cleaning,Old Panvel
Om Sai Ram Power Laundry,"Shop No 5, Sector 19, New Panvel East, Panvel, Maharashtra 410206, India",,Panvel,Panvel,Maharashtra,410206,7897932372,5,1,"laundry, point_of_interest, service, establishment",18.995759,73.121776,localisy024605,ChIJQbfyesvp5zsRHUjJuryijLM,,,,,,Laundry Services,Laundry & Dry Cleaning,Old Panvel
SWARAJYA HEALTHCARE LAUNDRY SOLUTIONS,"A/p, Panvel Matheran Rd, opposite Nere High School, Sector-10, New Panvel East, Panvel, Nere, Panvel, Maharashtra 410206, India",,Panvel,Panvel,Maharashtra,410206,,,,"laundry, point_of_interest, service, establishment",18.9989395,73.12513419999999,localisy024606,ChIJXdk0VPPp5zsR8cz9DJfOYpU,,,,,,Laundry Services,Laundry & Dry Cleaning,Old Panvel
whiten dry,"whiten dry International pvt .ltd. Plot No. B-47/1, Khanda Colony, Dist:, Sector 4B, Sector - 13, New Panvel East, Panvel, Maharashtra 410206, India",,Panvel,Panvel,Maharashtra,410206,9321808790,5,1,"laundry, point_of_interest, service, establishment",19.006012,73.1113779,localisy024607,ChIJSYvZKUjo5zsRMsBLXQ5JkHc,photos\localisy08845_1.jpg,,,,,Laundry Services,Laundry & Dry Cleaning,Old Panvel
THE LAUNDRY HOUSE,"Shop number 6, Plot number 163, Dombala, Sai Simran Building, Sector 4, Karanjade, Panvel, Karanjade, Maharashtra 410206, India",,Panvel,Panvel,Maharashtra,410206,,3.3,4,"laundry, point_of_interest, service, establishment",18.975665799999998,73.1035564,localisy024608,ChIJ79GzWWXp5zsR8qWd7lTkMOo,,,,,,Laundry Services,Laundry & Dry Cleaning,Old Panvel
India Power Laundry,"India Power Laundry, near Salva Restaurant, Kacchi Mohalla, Old Panvel, Panvel, Navi Mumbai, Panvel, Maharashtra 410206, India",,Panvel,Panvel,Maharashtra,410206,9930902905,5,1,"laundry, point_of_interest, service, establishment",18.9916596,73.1052234,localisy024609,ChIJUYTLo__p5zsRfc9F2Hv-4WM,,,,,,Laundry Services,Ironing Services,Old Panvel
NEW TOP CLEAN LAUNDRY SERVICES,"Shop No 1 Sector No 16 Podi, Near, Railway Station, Sector 16, New Panvel East, Panvel, Maharashtra 410206, India",,Panvel,Panvel,Maharashtra,410206,7666140044,4,1,"laundry, point_of_interest, service, establishment",18.989961299999997,73.1256544,localisy024610,ChIJP36q_qHp5zsRAbwcSMbidxQ,photos\localisy08873_1.jpg,,,,,Laundry Services,Ironing Services,Old Panvel
Vaishali Power Laundry,"Vaishali power lundry, shop No 10, Sai palza, MTNL Rd, Old Panvel, Panvel, Maharashtra 410206, India",,Panvel,Panvel,Maharashtra,410206,8779154053,5,4,"laundry, point_of_interest, service, establishment",18.9859896,73.11245869999999,localisy024611,ChIJGbQNJhXo5zsRnyBfkTsiKH8,,,,,,Laundry Services,Ironing Services,Old Panvel
शिव शभू पावर लॉन्ड्री,"सुनील पंडीत निवास, Koliwada, Old Panvel, Panvel, Maharashtra 410206, India",,Panvel,Panvel,Maharashtra,410206,,,,"laundry, service, point_of_interest, establishment",18.983967000000003,73.10717079999999,localisy024612,ChIJ7yuBRl7p5zsRjOjVal4Gncs,,,,,,Laundry Services,Ironing Services,Old Panvel
U P POWER LAUNDRY,"Opposite DR INDI, Shop No 2, MEHMOOD PALACE, BHUSAR MOHALLA, Old Panvel, Panvel, Maharashtra 410206, India",,Panvel,Panvel,Maharashtra,410206,9919360610,5,1,"laundry, service, point_of_interest, establishment",18.986290699999998,73.1072854,localisy024613,ChIJ8QHcS0Xp5zsR2mkqgOoMErI,,,,,,Laundry Services,Ironing Services,Old Panvel
Om Power Laundry,"Kanak Hari Building, Nagar Palika Road, Manek Nagar, Old Panvel, Panvel, Maharashtra 410206, India",,Panvel,Panvel,Maharashtra,410206,9323678533,3,3,"laundry, service, point_of_interest, establishment",18.9888551,73.10923629999999,localisy024614,ChIJC-HI5RTo5zsR4goh--UxtBo,photos\localisy08897_1.jpg,,,,,Laundry Services,Ironing Services,Old Panvel
Jai Ambe Power Laundry,"Shop 1, Neena Bunglow, Neena Bungalow, Plot-no 32, opp. DAV School, near Dayanand Anglo Vedic School, Sector-9, New Panvel East, Panvel, Maharashtra 410206, India",,Panvel,Panvel,Maharashtra,410206,,5,1,"laundry, service, point_of_interest, establishment",19.0040072,73.1214327,localisy024615,ChIJIWLdJADp5zsRBbfC3g8ZwH4,photos\localisy08898_1.jpg,,,,,Laundry Services,Ironing Services,Old Panvel
Kanojiya laundry Bhagat wadi sukapur near Mahalaxmi hotel New panvel pin410206,"Kanojiya laundry Bhagat wadi, near Mahalaxmi hotel, Sukapur, New Panvel East, Panvel, Maharashtra 410206, India",,Panvel,Panvel,Maharashtra,410206,,3.7,9,"laundry, service, point_of_interest, establishment",19.0023484,73.1287246,localisy024616,ChIJsxXbAePp5zsRZULhPNTpg8o,photos\localisy08900_1.jpg,,,,,Laundry Services,Ironing Services,Old Panvel
साई ड्राई क्लीनर्स लॉन्ड्री सर्विस,"Hari Mahal Cooperative Housing Society, Sector 5A, Sector 6, New Panvel East, Panvel, Maharashtra 410206, India",,Panvel,Panvel,Maharashtra,410206,9137474033,5,1,"laundry, service, point_of_interest, establishment",19.0052287,73.1172498,localisy024617,ChIJjYYxdADp5zsRjFmLEJFHCfc,photos\localisy08901_1.jpg,,,,,Laundry Services,Ironing Services,Old Panvel
Shree Ganesh Power Laundry,"01 Chota, Chita Khanda, Dhakta Khanda, Khanda Colony, Panvel, Maharashtra 410206, India",,Panvel,Panvel,Maharashtra,410206,9892270893,5,1,"laundry, service, point_of_interest, establishment",19.0034341,73.103663,localisy024618,ChIJ2TRuBcvp5zsRSZ1RuRKlpB8,,,,,,Laundry Services,Ironing Services,Old Panvel
Anoop Kumar Laundry,"Shop No 82, Sector-10, New Panvel East, Panvel, Maharashtra 410206, India",,Panvel,Panvel,Maharashtra,410206,7738884930,5,1,"laundry, service, point_of_interest, establishment",18.9996925,73.1258094,localisy024619,ChIJG8_9xZLp5zsR3ohVKv2-VVU,photos\localisy08909_1.jpg,,,,,Laundry Services,Ironing Services,Old Panvel
Krishna Power Laundry channel plaza,"Shop 1, channel plazaNear Railway Station, Takka Rd, Sector 21, Old Panvel, Panvel, Maharashtra 410206, India",,Panvel,Panvel,Maharashtra,410206,9022153695,,,"laundry, service, point_of_interest, establishment",18.9843032,73.1201938,localisy024620,ChIJC2O7VW7o5zsRURfQau7JpRM,photos\localisy08914_1.jpg,,,,,Laundry Services,Ironing Services,Old Panvel
ADARSH POWER LAUNDRY,"Opposite SAI UDYAN CHS, Shop No 4, SAI VIHAR CHS, Sai Nagar, Panvel, Maharashtra 410206, India",,Panvel,Panvel,Maharashtra,410206,8450972151,,,"laundry, service, point_of_interest, establishment",18.9932276,73.1002073,localisy024621,ChIJ6VWXQYzp5zsRVIggSqGYMRs,,,,,,Laundry Services,Ironing Services,Old Panvel
Mahira Fashion Tailor,"Shop no.2, Devanshi apartment, MG Rd, opposite to Banthia offset, Old Panvel, Panvel, Maharashtra 410206, India",,Panvel,Panvel,Maharashtra,410206,8104448227,4.9,52,"tailor, clothing_store, store, service, point_of_interest, establishment",18.986320199999998,73.10822340000001,localisy024622,ChIJyy3JHBjp5zsRLdfVT1IO4N8,photos\localisy08920_1.jpg,,,,,Tailoring & Garments,Tailors,Old Panvel
श्री समर्थ कृपा लेडीज टेलर ; SHREE SAMARTH KRUPA LADIES TAILOR,"Shop No- 6A, Aanandhan, opposite patel jwellers, near pooja jwellers, Old Panvel, Panvel, Maharashtra 410206, India",,Panvel,Panvel,Maharashtra,410206,8169908072,4.6,28,"tailor, service, point_of_interest, establishment",18.9869913,73.10906829999999,localisy024623,ChIJJcN30ZPp5zsRWuy7HVZoO_E,photos\localisy08923_1.jpg,,,,,Tailoring & Garments,Tailors,Old Panvel
Samruddhi Boutique समृध्दी बुटीक (टेलरिंग),"Savarkar Chowk, Old Panvel, Panvel, Navi Mumbai, Panvel, Maharashtra 410206, India",,Panvel,Panvel,Maharashtra,410206,9511273356,4.9,10,"tailor, service, point_of_interest, establishment",18.9913947,73.11034169999999,localisy024624,ChIJSQO4Cbbp5zsRmkaqGuUWtVY,photos\localisy08925_1.jpg,,,,,Tailoring & Garments,Tailors,Old Panvel
REGAL TAILORS MG ROAD,"Shope no 1, Kohinoor Apartment, MG Rd, Old Panvel, Panvel, Maharashtra 410206, India",,Panvel,Panvel,Maharashtra,410206,9320477666,4.2,21,"clothing_store, store, point_of_interest, establishment",18.9866428,73.1079958,localisy024625,ChIJG7aBqErp5zsR9PLIn5Ki0DI,photos\localisy08926_1.jpg,,,,,Tailoring & Garments,Tailors,Old Panvel
Prakash Tailors (SP Creations),"nearby professional courier, Sector 17, New Panvel East, Panvel, Maharashtra 410206, India",,Panvel,Panvel,Maharashtra,410206,9769361557,4.8,57,"clothing_store, store, point_of_interest, establishment",18.9924774,73.1225583,localisy024626,ChIJz5Y7ET7p5zsRQA_zVK29Nfw,photos\localisy08927_1.jpg,,,,,Tailoring & Garments,Tailors,Old Panvel
Rahemat Boutique Panvel,"Hari om savli Society, Kapad Bazar, near Ganpati Mandir, Old Panvel, Panvel, Mumbai, Panvel, Maharashtra 410206, India",,Panvel,Panvel,Maharashtra,410206,9773045670,4.9,8,"tailor, service, point_of_interest, establishment",18.986223199999998,73.10881049999999,localisy024627,ChIJN5kmexTo5zsRYTaSxwzdJfI,,,,,,Tailoring & Garments,Tailors,Old Panvel
TOP STITCH,"Pada Moholla, MG Rd, musalman naka, Old Panvel, Panvel, Maharashtra 410206, India",,Panvel,Panvel,Maharashtra,410206,8108538570,4.7,22,"tailor, clothing_store, store, service, point_of_interest, establishment",18.9869365,73.1075163,localisy024628,ChIJlWM4mWvp5zsRmeIEWkNHjFs,photos\localisy08931_1.jpg,,,,,Tailoring & Garments,Tailors,Old Panvel
Sara Ladies tailor in panvel,"Old, Shree Chinmay gaurang building, 2, panvel Uran,naka, near koliwada, Chauk, Old Panvel, Panvel, Maharashtra 410206, India",,Panvel,Panvel,Maharashtra,410206,8104594327,4.7,3,"tailor, service, point_of_interest, establishment",18.9817377,73.1082215,localisy024629,ChIJpcuT3Dnp5zsRqXrw9ANFYmU,photos\localisy08932_1.jpg,,,,,Tailoring & Garments,Tailors,Old Panvel
Palak Tailor,"Shop No 5, Sneha Rohit Sahakari Gurughnirmit, Opp Bak Of India Shivaji Road, Old Panvel, Panvel, Maharashtra 410206, India",,Panvel,Panvel,Maharashtra,410206,9322941175,3,4,"service, point_of_interest, establishment",18.987945699999997,73.11134489999999,localisy024630,ChIJKR0tNWvo5zsR4a8sDgcaM2Q,photos\localisy08934_1.jpg,,,,,Tailoring & Garments,Tailors,Old Panvel
Aafiya.tr.collection,"Mukri Manzil Bhusar mohallah, Shop No.01, Noor Jewellers, Old Panvel, Panvel, Maharashtra 410206, India",,Panvel,Panvel,Maharashtra,410206,9967868116,4.9,9,"tailor, clothing_store, store, service, point_of_interest, establishment",18.986662499999998,73.1082371,localisy024631,ChIJG2uVqanp5zsRilBMUiZ491E,photos\localisy08935_1.jpg,,,,,Tailoring & Garments,Tailors,Old Panvel
SOLANKI TAILOR,"Shop No 8, KESHAV JI CHAWL, Kapad Bazar, opposite NEELKAMAL JEWELLERS, Old Panvel, Panvel, Maharashtra 410206, India",,Panvel,Panvel,Maharashtra,410206,8160669508,5,6,"tailor, point_of_interest, service, establishment",18.9875745,73.10932930000001,localisy024632,ChIJ8ZI9EuXp5zsRivXEcv7EEx0,photos\localisy08936_1.jpg,,,,,Tailoring & Garments,Tailors,Old Panvel
S V Tailor,"1, Panvel, Old Panvel, Panvel, Maharashtra 410206, India",,Panvel,Panvel,Maharashtra,410206,7860379695,4.5,2,"tailor, point_of_interest, service, establishment",18.9830506,73.1072843,localisy024633,ChIJOz0O86bp5zsRpJyov0VVLwI,,,,,,Tailoring & Garments,Tailors,Old Panvel
Ashraf tailors,"X4Q3+MXQ prabhakar niwas, Bandar Rd, Kacchi Mohalla, Old Panvel, Panvel, Maharashtra 410206, India",,Panvel,Panvel,Maharashtra,410206,9833642610,5,2,"tailor, point_of_interest, service, establishment",18.9891389,73.1053204,localisy024634,ChIJXVBwiN7p5zsRwcJx2zCWKKU,photos\localisy08938_1.jpg,,,,,Tailoring & Garments,Tailors,Old Panvel
Image Tailor,"X4P4+WP5, Old Panvel, Panvel, Maharashtra 410206, India",,Panvel,Panvel,Maharashtra,410206,,3.7,6,"tailor, point_of_interest, service, establishment",18.9872415,73.1068734,localisy024635,ChIJpbjFjVPp5zsRRaTmjiSeaHM,,,,,,Tailoring & Garments,Tailors,Old Panvel
Top Style Tailor,"stop .phadke chwal, 75/1, Panvel Matheran Rd, near Balaji Symphony, behind popeta commercial building, Sukapur, New Panvel East, Panvel, Shilottar Raichur, Maharashtra 410206, India",,Panvel,Panvel,Maharashtra,410206,9323263189,4.6,25,"tailor, point_of_interest, service, establishment",19.0002295,73.1338292,localisy024636,ChIJjRGhBETp5zsRWg8uUf16tI8,photos\localisy08941_1.jpg,,,,,Tailoring & Garments,Tailors,Old Panvel
Shivshakti Tailors,"Shop No.13, J.K Plaza, Chhatrapati Shivaji Maharaj Chowk, near Durga Mata Temple, Old Panvel, Panvel, Maharashtra 410206, India",,Panvel,Panvel,Maharashtra,410206,8356855565,5,4,"tailor, point_of_interest, service, establishment",18.9868103,73.11229089999999,localisy024637,ChIJkdb0qTXp5zsRL91Sl1uocvA,photos\localisy08942_1.jpg,,,,,Tailoring & Garments,Tailors,Old Panvel
Sai Tailors,"Sector 4, Karanjade, Panvel, Maharashtra 410206, India",,Panvel,Panvel,Maharashtra,410206,9619246693,3.4,5,"tailor, point_of_interest, service, establishment",18.986811199999998,73.1115497,localisy024638,ChIJq5xXDFLp5zsRHqIhRTodYfA,photos\localisy08943_1.jpg,,,,,Tailoring & Garments,Tailors,Old Panvel
The Fabric House | Men's Tailor Shop,"Madhu Smita Plaza, MTNL Rd, MCCH Society, Panvel, Maharashtra 410206, India",,Panvel,Panvel,Maharashtra,410206,9769181275,4.6,9,"clothing_store, tailor, home_goods_store, store, point_of_interest, service, establishment",18.9853331,73.1130388,localisy024639,ChIJf_Sm-onp5zsRW7Z8rexdISc,photos\localisy08945_1.jpg,,,,,Tailoring & Garments,Tailors,Old Panvel
Good Luck Ladies Tailors,"Shop No 03, Neel Sadan Bhusar Mohalla, Kapad Bazar, Old Panvel, Panvel, Maharashtra 410206, India",,Panvel,Panvel,Maharashtra,410206,9833800391,2.8,4,"tailor, point_of_interest, service, establishment",18.9867228,73.10824319999999,localisy024640,ChIJgfsXfRTo5zsRRwA55uEItWs,photos\localisy08946_1.jpg,,,,,Tailoring & Garments,Tailors,Old Panvel
Royal Tailors,"2, Garib Nawaz Apt, Muslim Naka M.G. Road, Old Panvel, Panvel, Maharashtra 410206, India",,Panvel,Panvel,Maharashtra,410206,8080629538,3,5,"tailor, point_of_interest, service, establishment",18.986458300000002,73.1081641,localisy024641,ChIJ8WF4fhTo5zsR2zNDdLvpuA0,photos\localisy08947_1.jpg,,,,,Tailoring & Garments,Tailors,Old Panvel
Swarali Ladies Tailor,"Room no. 2, Prabhu Ali, Janki building, near Bharat bank, Old Panvel, Panvel, Maharashtra 410206, India",,Panvel,Panvel,Maharashtra,410206,,4.5,2,"tailor, point_of_interest, service, establishment",18.9894569,73.1118427,localisy024642,ChIJdzdgypPp5zsRYe53DG4X24A,photos\localisy08949_1.jpg,,,,,Tailoring & Garments,Tailors,Old Panvel
S.K.Tailors,"X4R6+873, Mahatma Phule Rd, Old Panvel, Panvel, Maharashtra 410206, India",,Panvel,Panvel,Maharashtra,410206,,5,2,"clothing_store, store, point_of_interest, establishment",18.9907672,73.1106624,localisy024643,ChIJbdx4SBXo5zsRIgiKpN_ZjuM,,,,,,Tailoring & Garments,Tailors,Old Panvel
Parmar Ladies Tailor,"Tilak Rd, Old Panvel, Panvel, Maharashtra 410206, India",,Panvel,Panvel,Maharashtra,410206,9969626889,5,3,"tailor, point_of_interest, service, establishment",18.987517,73.10898519999999,localisy024644,ChIJJwkkjRTo5zsREzFqiRthKcU,photos\localisy08951_1.jpg,,,,,Tailoring & Garments,Tailors,Old Panvel
AKBAR TAILOR,"Old panvel, Shop No 5, Old Panvel, Panvel, Maharashtra 410206, India",,Panvel,Panvel,Maharashtra,410206,9322313586,5,1,"tailor, point_of_interest, service, establishment",18.9861632,73.1071465,localisy024645,ChIJA_c0cFHp5zsR46KjbyRe0tc,,,,,,Tailoring & Garments,Tailors,Old Panvel
Chirag Tailor,"Shop Number 7 Yashshree Building Neal Golhale Hall, Tilak Rd, Old Panvel, Panvel, Maharashtra 410206, India",,Panvel,Panvel,Maharashtra,410206,9819575223,5,2,"tailor, point_of_interest, service, establishment",18.9888913,73.1091762,localisy024646,ChIJ9a5JTTzo5zsRu3lJmxELv9k,photos\localisy08954_1.jpg,,,,,Tailoring & Garments,Tailors,Old Panvel
Deepali Ladies Tailor,"Shop no 80 Shree Ganesh Market, opp. Shiva Complex, Sector 12, New Panvel East, Panvel, Maharashtra 410206, India",,Panvel,Panvel,Maharashtra,410206,9819703811,5,6,"point_of_interest, service, establishment",18.9973419,73.1232246,localisy024647,ChIJx2k5NUPo5zsRaH9zk_l7iJo,photos\localisy08956_1.jpg,,,,,Tailoring & Garments,Tailors,Old Panvel
K K TAILOR SPECIALIST IN SUITS AND SAFARI,"Shop No 6B, near Railway Station, Sector 17, New Panvel East, Panvel, Maharashtra 410206, India",,Panvel,Panvel,Maharashtra,410206,8169097787,5,3,"tailor, point_of_interest, service, establishment",18.9928207,73.1221727,localisy024648,ChIJP2ae4Knp5zsRbcM4I78bfBo,photos\localisy08957_1.jpg,,,,,Tailoring & Garments,Tailors,Old Panvel
Shreemati Ladies Tailor,"Shop No 11, RAM GANESH, RG Gadkari Rd, near LAXMINARAYAN MANDIR, Old Panvel, Panvel, Maharashtra 410206, India",,Panvel,Panvel,Maharashtra,410206,9773234346,5,1,"tailor, point_of_interest, service, establishment",18.9889282,73.1115506,localisy024649,ChIJhXCDK2vo5zsR7FdbryDIFvQ,photos\localisy08958_1.jpg,,,,,Tailoring & Garments,Tailors,Old Panvel
Tailor Samrat,"Shop Number 4, Aradhana Bhavan Jai Bharat Naka Godse Ali, Old Panvel, Panvel, Maharashtra 410206, India",,Panvel,Panvel,Maharashtra,410206,9819678967,4,1,"tailor, point_of_interest, service, establishment",18.9876759,73.10971789999999,localisy024650,ChIJeXhclBTo5zsRs-kqVQfHr68,photos\localisy08959_1.jpg,,,,,Tailoring & Garments,Tailors,Old Panvel
Shrivastav Tailor ( Jen's specialist),"Manek Nagar, Old Panvel, Panvel, Maharashtra 410206, India",,Panvel,Panvel,Maharashtra,410206,9768889232,,,"tailor, point_of_interest, service, establishment",18.9915178,73.10877409999999,localisy024651,ChIJcyk_BADp5zsRHPQ-7tPJdhQ,photos\localisy08961_1.jpg,,,,,Tailoring & Garments,Tailors,Old Panvel
KOHINOOR FASHION DESIGNER,"Patkar Wada, Road, Kacchi Mohalla, Old Panvel, Panvel, Maharashtra 410206, India",,Panvel,Panvel,Maharashtra,410206,7977414933,5,2,"tailor, point_of_interest, service, establishment",18.9885792,73.1062656,localisy024652,ChIJH-Uw6yHp5zsRD1RAtD9UvIc,photos\localisy08962_1.jpg,,,,,Tailoring & Garments,Tailors,Old Panvel
Lokesh The Professional Tailor,"Shop No, 3, Takka Rd, opposite Godrej garden, Takka Colony, Panvel, Maharashtra 410206, India",,Panvel,Panvel,Maharashtra,410206,7506288982,5,1,"tailor, point_of_interest, service, establishment",18.9821653,73.11985990000001,localisy024653,ChIJ-94plLzp5zsRthUKx1iENc0,photos\localisy08963_1.jpg,,,,,Tailoring & Garments,Tailors,Old Panvel
King Mens Wear,"X4Q6+JMQ, Shivaji Rd, Old Panvel, Panvel, Maharashtra 410206, India",,Panvel,Panvel,Maharashtra,410206,,5,1,"tailor, point_of_interest, service, establishment",18.989078,73.1117367,localisy024654,ChIJG2zu12ro5zsRsMsml4TkREo,photos\localisy08964_1.jpg,,,,,Tailoring & Garments,Tailors,Old Panvel
New Mumbai Ladies Tailor,"Shop Number 35A E Building, near patel Jewelry Joshi Ali, Old Panvel, Panvel, Maharashtra 410206, India",,Panvel,Panvel,Maharashtra,410206,,,,"tailor, point_of_interest, service, establishment",18.986845,73.109323,localisy024655,ChIJSR1YB5zp5zsRqR7IVEhXwv8,photos\localisy08965_1.jpg,,,,,Tailoring & Garments,Tailors,Old Panvel
ANGEL LADIES FASHION TAILORS,"Shop No 3A, BAHIRA HOUSE, STATION ROAD, Takka Rd, opposite National Regency, GAO, Panvel, Maharashtra 410206, India",,Panvel,Panvel,Maharashtra,410206,9324636017,4.5,2,"tailor, clothing_store, store, point_of_interest, service, establishment",18.9803604,73.11840579999999,localisy024656,ChIJm3wK4dXp5zsRijrAkGgxQOg,photos\localisy08966_1.jpg,,,,,Tailoring & Garments,Tailors,Old Panvel
CHOICE MENS WEAR,"Shop No 4, Old Panvel, Panvel, Maharashtra 410206, India",,Panvel,Panvel,Maharashtra,410206,9869334118,5,1,"tailor, point_of_interest, service, establishment",18.987505199999998,73.11021099999999,localisy024657,ChIJl6Z8FQDp5zsRzIwNUUiMd6c,photos\localisy08968_1.jpg,,,,,Tailoring & Garments,Tailors,Old Panvel
Mahira Fashion Tailor,"173, MG Rd, opposite Banthia offset, Old Panvel, Panvel, Maharashtra 410206, India",,Panvel,Panvel,Maharashtra,410206,,,,"tailor, point_of_interest, service, establishment",18.9862495,73.1081712,localisy024658,ChIJwxaKSADp5zsRuU8K_eq4vYc,photos\localisy08970_1.jpg,,,,,Tailoring & Garments,Tailors,Old Panvel
Classic tailors,"Shop no 60, Shiva Complex, Sector 19, Sector 19, New Panvel East, Panvel, Maharashtra 410206, India",,Panvel,Panvel,Maharashtra,410206,9833737932,5,2,"clothing_store, tailor, store, point_of_interest, service, establishment",18.997657200000003,73.1226629,localisy024659,ChIJz0_8SUPo5zsR7YiuRMkyWEg,photos\localisy08971_1.jpg,,,,,Tailoring & Garments,Tailors,Old Panvel
THE TAILOR SHOP,"Shop B3, Madhu Smita Plaza, opposite MTNL Road, MCCH Society, Panvel, Maharashtra 410206, India",,Panvel,Panvel,Maharashtra,410206,9920140272,5,1,"tailor, point_of_interest, service, establishment",18.9852942,73.1129211,localisy024660,ChIJ_cDqlWzo5zsRqYif7PLdvoM,photos\localisy08974_1.jpg,,,,,Tailoring & Garments,Tailors,Old Panvel
Shree Ladies Tailors & Classes,"Shop No. 04, Plot No. 29, Sai Society, Sec 2A, Karanjade, Panvel, Vadghar, Maharashtra 410206, India",,Panvel,Panvel,Maharashtra,410206,8108471776,5,2,"tailor, point_of_interest, service, establishment",18.982244899999998,73.09895209999999,localisy024661,ChIJW_A1TzHp5zsRqf-aLKWZaFk,,,,,,Tailoring & Garments,Tailors,Old Panvel
SUNSHINE BUTIQUE,"shop number 07, Vasudev cooperative housing society, beside Ashirwad Clinic, opposite Testi snacks corner, Kacchi Mohalla, Old Panvel, Panvel, Navi Mumbai, Panvel, Maharashtra 410206, India",,Panvel,Panvel,Maharashtra,410206,,,,"womens_clothing_store, clothing_store, store, point_of_interest, establishment",18.9904527,73.104261,localisy024662,ChIJF0OrcJ3p5zsRqG7-BUelUWc,photos\localisy08986_1.jpg,,,,,Tailoring & Garments,Boutiques,Old Panvel
MARYAM BOUTIQUE,"Near INDI DOCTOR, Shop No 3, NAWAB BUILDING, PATEL MOHALLA, Old Panvel, Panvel, Maharashtra 410206, India",,Panvel,Panvel,Maharashtra,410206,8291744088,,,"tailor, clothing_store, store, point_of_interest, service, establishment",18.9861214,73.1070446,localisy024663,ChIJ-z6kdRTo5zsRse9utmTiN1Y,photos\localisy08989_1.jpg,,,,,Tailoring & Garments,Boutiques,Old Panvel
Chapli,"Shop No.6, Samarth Sadan Apt, Chatrapati Shivaji Maharaj Marg, opp. Bank Of India, next to Radiance, Old Panvel, Panvel, Mumbai, Panvel, Maharashtra 410206, India",,Panvel,Panvel,Maharashtra,410206,8097047666,4.6,19,"clothing_store, womens_clothing_store, store, point_of_interest, establishment",18.9885214,73.1114387,localisy024664,ChIJSYIJ3mro5zsRwtkbIGAuxO0,photos\localisy08990_1.jpg,,,,,Tailoring & Garments,Boutiques,Old Panvel
"Dwarkadas Shamkumar Exclusive - Saree Shop In Chhatrapati Shivaji Maharaj Chowk, Panvel","At. Vasude Balawant Phadake Natyagruh Sankul, Shop. No. 1&2 Ground, Chhatrapati Shivaji, maharaj chowk, Old Panvel, Panvel, Maharashtra 410206, India",,Panvel,Panvel,Maharashtra,410206,7066517000,3.7,32,"clothing_store, womens_clothing_store, home_goods_store, wholesaler, store, point_of_interest, establishment",18.9874215,73.1109348,localisy024665,ChIJYd1TFJTp5zsRO4TBR7HhAGI,photos\localisy08997_1.jpg,,,,,Tailoring & Garments,Boutiques,Old Panvel
Ganesh Sarees Stores,"Jai Bharath Naka, S N-2, Shakun Building, Kapad Bazar, West, Tilak Rd, Old Panvel, Panvel, Navi Mumbai, Panvel, Maharashtra 410206, India",,Panvel,Panvel,Maharashtra,410206,9987853095,4,23,"clothing_store, store, point_of_interest, establishment",18.9876798,73.1095034,localisy024666,ChIJS9QC7RTo5zsRaZ-JRKagi24,photos\localisy09005_1.jpg,,,,,Tailoring & Garments,Boutiques,Old Panvel
House Of Ziara,"Riddhi Om Siddhi Soc, opp. Kinara Soc Bavan Bunglow, Kacchi Mohalla, Old Panvel, Panvel, Maharashtra 410206, India",,Panvel,Panvel,Maharashtra,410206,9082403017,5,3,"jewelry_store, store, point_of_interest, establishment",18.990207299999998,73.10434510000002,localisy024667,ChIJoYOYgljp5zsR0bS83D-tMdI,photos\localisy09007_1.jpg,,,,,Tailoring & Garments,Boutiques,Old Panvel
A R Perfumes,"827, MG Rd, Muslim naka, Old Panvel, Panvel, Maharashtra 410206, India",,Panvel,Panvel,Maharashtra,410206,9819715645,4.1,51,"clothing_store, store, point_of_interest, establishment",18.9867596,73.1077797,localisy024668,ChIJ14g6exTo5zsR71x0HISkDQo,photos\localisy09008_1.jpg,,,,,Tailoring & Garments,Boutiques,Old Panvel
New Heena Ladies Tailor,"Shop No.5, Sai Sakti Apartment, Sector 5, New Panvel East, Panvel, Maharashtra 410206, India",,Panvel,Panvel,Maharashtra,410206,9619389665,5,1,"point_of_interest, service, establishment",19.004112499999998,73.1196429,localisy024669,ChIJG34c90Xo5zsRd58saedAK4s,,,,,,Tailoring & Garments,Alteration Services,Old Panvel
Jayu Ladies Tailor and Tailoring Classes,"E-1/20, Room no.9, B- Wing, Sector 14, New Panvel East, Panvel, Maharashtra 410206, India",,Panvel,Panvel,Maharashtra,410206,,5,9,"tailor, point_of_interest, service, establishment",18.9942644,73.12543269999999,localisy024670,ChIJrfiTILnp5zsRMapwGPmoJWg,photos\localisy09041_1.jpg,,,,,Tailoring & Garments,Alteration Services,Old Panvel
Mayur Tailor,"Riddhi Siddhi Tower, Residency Shop No.46 opp Dawrka sweet, Sector 3, New Panvel East, Sector 8, Road, Panvel, Maharashtra 410206, India",,Panvel,Panvel,Maharashtra,410206,9820951683,5,3,"tailor, clothing_store, store, point_of_interest, service, establishment",19.0026193,73.1209019,localisy024671,ChIJYTBLEkXo5zsRccp0lh68s9I,photos\localisy09043_1.jpg,,,,,Tailoring & Garments,Alteration Services,Old Panvel
Lucky tailor,"shop no 92, raigad mini market, sec 09, Khanda Colony, Sector 9, New Panvel East, Panvel, Maharashtra 410206, India",,Panvel,Panvel,Maharashtra,410206,9833230845,5,2,"tailor, service, point_of_interest, establishment",19.0068783,73.1125143,localisy024672,ChIJOZDQQcXp5zsR9t6fBJWMjGg,photos\localisy09053_1.jpg,,,,,Tailoring & Garments,Alteration Services,Old Panvel
Thefashionlady (DESIGNER BOUTIQUE ),"Shop no 06, Lokmanya Tilak Road, Jaybharat naka, Old Panvel, Panvel, Maharashtra 410206, India",,Panvel,Panvel,Maharashtra,410206,9321731683,4.6,9,"service, point_of_interest, establishment",18.9880438,73.1095212,localisy024673,ChIJH_yZzW_p5zsRppuvIJ7LmW4,photos\localisy09061_1.jpg,,,,,Tailoring & Garments,Alteration Services,Old Panvel
Khushbu ladies and gents tailor,"Shop No 50, Ganesh market, Sector 12, New Panvel East, Panvel, Maharashtra 410206, India",,Panvel,Panvel,Maharashtra,410206,9167727843,5,4,"tailor, service, point_of_interest, establishment",18.996661200000002,73.123392,localisy024674,ChIJBZ8CzVzo5zsR8JmxmS_5DtU,photos\localisy09065_1.jpg,,,,,Tailoring & Garments,Alteration Services,Old Panvel
Shree Samarth Tailoring Material And General Store,"MG Rd, Tapal Naka, Old Panvel, Panvel, Maharashtra 410206, India",,Panvel,Panvel,Maharashtra,410206,9930507893,4,3,"general_store, food_store, supplier, store, food, point_of_interest, service, establishment",18.9853725,73.10929329999999,localisy024675,ChIJZfaYbxPo5zsRdO0uaMz8cp8,photos\localisy09075_1.jpg,,,,,Tailoring & Garments,Embroidery Services,Old Panvel
Shree Samarth Krupa Sport (Garment & Sublimation T-Shirt Printing & manufacturing )( Wholesaler),"Shop no. -4 CHINTAMANISCHS, plot no. -8, Sector 7, Khanda Colony, Panvel, Maharashtra 410206, India",,Panvel,Panvel,Maharashtra,410206,8976855990,4.9,41,"clothing_store, wholesaler, manufacturer, store, point_of_interest, establishment",19.0107084,73.1124537,localisy024676,ChIJ8Wvmakro5zsRbw-9K_UlBM0,photos\localisy09077_1.jpg,,,,,Tailoring & Garments,Embroidery Services,Old Panvel
Silver Closet by Namrata Patil,"Padurang Krupa Building, next to Sai Mandir, old Panvel, Panvel, Maharashtra 410206, India",,Panvel,Panvel,Maharashtra,410206,8976169136,4.8,26,"clothing_store, store, point_of_interest, establishment",18.9880544,73.11857979999999,localisy024677,ChIJzdvHR2no5zsRTB0LLB2pAdM,photos\localisy09083_1.jpg,,,,,Tailoring & Garments,Embroidery Services,Old Panvel
Ashmoyog,"Shop no s- 5, Omkar Darshan CHS, plot no 36-37, Sector 3, New Panvel East, Panvel, Maharashtra 410206, India",,Panvel,Panvel,Maharashtra,410206,,5,43,"clothing_store, store, point_of_interest, establishment",19.002098099999998,73.1205307,localisy024678,ChIJ5whoyi7p5zsRD2Y9PMz8MQM,photos\localisy09089_1.jpg,,,,,Tailoring & Garments,Embroidery Services,Old Panvel
Rakesh Embroidery And Ledies Tailor,"Shop No 6, Kisan Market, near by DAV School, Sector 3, New Panvel East, Panvel, Navi Mumbai, Maharashtra 410206, India",,Panvel,Panvel,Maharashtra,410206,9594490815,,,"tailor, point_of_interest, service, establishment",19.001123500000002,73.1211299,localisy024679,ChIJV5MkOnzp5zsR22LisiceGMg,,,,,,Tailoring & Garments,Embroidery Services,Old Panvel
AAKU AARI MATERIAL SHOP,"Shop No 2, PATNILKAR HOUSE, Shivaji Rd, near JAI BHARAT NAKA, Old Panvel, Panvel, Maharashtra 410206, India",,Panvel,Panvel,Maharashtra,410206,8108027217,4.3,3,"jewelry_store, wholesaler, store, point_of_interest, establishment",18.9880309,73.1099864,localisy024680,ChIJhWZTruzp5zsRfmJzqavoUKc,photos\localisy09096_1.jpg,,,,,Tailoring & Garments,Embroidery Services,Old Panvel
Yuvati,"Shop No. 08, Jay Bharat Naka, Lokmanya Tilak Road, Old Panvel, Panvel, Maharashtra 410206, India",,Panvel,Panvel,Maharashtra,410206,9323422225,4.6,452,"clothing_store, store, point_of_interest, establishment",18.9880195,73.1097254,localisy024681,ChIJUfFp5BTo5zsRaF7SYcLSdHI,photos\localisy09097_1.jpg,,,,,Tailoring & Garments,Embroidery Services,Old Panvel
वस्त्र KA FASHION STUDIO (DESIGNER PREMIER BOUTIQUE),"Building - Sirvi Heritage, Plot No, 153B, Shop No- 3, sector- 4, Karanjade, Panvel, Karanjade, Maharashtra 410206, India",,Panvel,Panvel,Maharashtra,410206,9702736885,4.8,31,"clothing_store, store, point_of_interest, establishment",18.9753713,73.1038696,localisy024682,ChIJg70-84Tp5zsRHAgnTFX4908,photos\localisy09106_1.jpg,,,,,Tailoring & Garments,Embroidery Services,Old Panvel
Rainbow Designer Studio,"Yash Plaza, RG Gadkari Rd, Old Panvel, Panvel, Maharashtra 410206, India",,Panvel,Panvel,Maharashtra,410206,9224914555,4.1,7,"clothing_store, store, point_of_interest, establishment",18.9888987,73.1115653,localisy024683,ChIJcbz8RRbo5zsRU719kn3ln_0,photos\localisy09107_1.jpg,,,,,Tailoring & Garments,Embroidery Services,Old Panvel
Dhanraj Panvel,"686, Shivaji Rd, Jai Bharat Naka, Panvel, Maharashtra 410206, India",,Panvel,Panvel,Maharashtra,410206,,4.3,33,"clothing_store, home_goods_store, store, point_of_interest, establishment",18.9877348,73.1096944,localisy024684,ChIJ3_dW6hTo5zsRyDqQnSnv74I,photos\localisy09116_1.jpg,,,,,Tailoring & Garments,Embroidery Services,Old Panvel
Miga Fashion Institute,"105, First Floor, Shiva Complex, Plot No 6, Rd Number 17, above Manish Jewellers, near Ganesh Market, Sector 19, New Panvel East, Panvel, Maharashtra 410206, India",,Panvel,Panvel,Maharashtra,410206,8104717277,5,213,"tailor, clothing_store, store, educational_institution, service, point_of_interest, establishment",18.9976126,73.1225685,localisy024685,ChIJJ4qZc0To5zsRFxpSPH92qAw,photos\localisy09121_1.jpg,,,,,Tailoring & Garments,Embroidery Services,Old Panvel
Namoh couture,"2nd floor, Plot No 36, Road No. 4, Sector-1, New Panvel East, Panvel, Maharashtra 410206, India",,Panvel,Panvel,Maharashtra,410206,7045743464,5,29,"clothing_store, store, point_of_interest, establishment",18.9979644,73.1172471,localisy024686,ChIJL_ne8WHp5zsR5GfV_IGZ_Ns,photos\localisy09126_1.jpg,,,,,Tailoring & Garments,Embroidery Services,Old Panvel
Parifashion world,"near SBI Bank, Sector 4, Karanjade, Panvel, Karanjade, Maharashtra 410206, India",,Panvel,Panvel,Maharashtra,410206,,,,"point_of_interest, establishment",18.9769,73.1050164,localisy024687,ChIJ3W8adArp5zsRS-rIPoa_Ezw,photos\localisy09127_1.jpg,,,,,Tailoring & Garments,Embroidery Services,Old Panvel
NGO,"cidco colony school, A Type 48/09, Sector 13, New Panvel East, Panvel, Mumbai, Panvel, Maharashtra 410206, India",,Panvel,Panvel,Maharashtra,410206,,,,"point_of_interest, service, establishment",18.9960473,73.1264779,localisy024688,ChIJy7NLLt7p5zsRngpQnssmv-I,,,,,,NGOs & Social Organizations,NGOs,Old Panvel
Shree Ramsheth Thakur Samajik Vikas Mandal,"Plot No. 475, Market Yard Rd, Old Panvel, Panvel, Maharashtra 410206, India",,Panvel,Panvel,Maharashtra,410206,9769409161,4.1,233,"point_of_interest, association_or_organization, establishment",18.9807444,73.1102579,localisy024689,ChIJXXo9ohLo5zsRGhV91MYbwf4,photos\localisy09156_1.jpg,,,,,NGOs & Social Organizations,NGOs,Old Panvel
Sanstha Annasaheb,"X4Q7+3VM, Vasudev Balwant Phadke Rd, MCCH Society, Panvel, Maharashtra 410206, India",,Panvel,Panvel,Maharashtra,410206,9322280455,,,"point_of_interest, association_or_organization, service, establishment",18.9877122,73.1146724,localisy024690,ChIJJ-UHnGvo5zsRuhdFbnDKsV8,,,,,,NGOs & Social Organizations,NGOs,Old Panvel
Pritam Janardan Mhatre Public Relation Office,"Shop no.15, Ashoka Garden, B-Wing, behind Dhutpapeshwar Corner, Old Panvel, Panvel, Maharashtra 410206, India",,Panvel,Panvel,Maharashtra,410206,,4.6,18,"point_of_interest, service, establishment",18.9911864,73.11054469999999,localisy024691,ChIJSQ1kZjjp5zsRf9bq3u96AfA,photos\localisy09176_1.jpg,,,,,NGOs & Social Organizations,Charitable Trusts,Old Panvel
Shri Laxmi Memorial Charitable Trust,"X4WC+GRC Shri Laxmi Memorial Charitable Trust, 10/11, Rd Number 13, Sector 19, New Panvel East, Panvel, Maharashtra 410206, India",,Panvel,Panvel,Maharashtra,410206,,,,"premise, street_address",18.996323,73.121993,localisy024692,ChIJgdFbIUPo5zsRo9FLv_AaehY,,,,,,NGOs & Social Organizations,Charitable Trusts,Old Panvel
Khandeshwar Shiv Temple,"2465+GF6, Park Sight Society, Sector - 2, Khanda Colony, Panvel, Maharashtra 410206, India",,Panvel,Panvel,Maharashtra,410206,,4.6,1107,"hindu_temple, tourist_attraction, place_of_worship, point_of_interest, association_or_organization, establishment",19.0112864,73.10863479999999,localisy024693,ChIJV1klrTXo5zsR1doXiQq2OV4,photos\localisy09239_1.jpg,,,,,Religious & Spiritual,Temples,Old Panvel
️ Shree Balaji Temple ️,"98, Vijay Rd, Sector-1, New Panvel East, Panvel, Maharashtra 410206, India",,Panvel,Panvel,Maharashtra,410206,,4.6,143,"hindu_temple, place_of_worship, point_of_interest, association_or_organization, establishment",18.9977891,73.1167715,localisy024694,ChIJe8KNUEHo5zsRbkQ1XDuKJsE,photos\localisy09241_1.jpg,,,,,Religious & Spiritual,Temples,Old Panvel
Gaondevi Temple,"X4R6+7CP, Agri Samaj Mandir Road, Old Panvel, Panvel, Maharashtra 410206, India",,Panvel,Panvel,Maharashtra,410206,8169773088,4.6,149,"hindu_temple, place_of_worship, point_of_interest, association_or_organization, establishment",18.9907231,73.1110813,localisy024695,ChIJ9c1fShXo5zsR35ZXrPOcy2U,photos\localisy09242_1.jpg,,,,,Religious & Spiritual,Temples,Old Panvel
Virupaksha Mandir,"1523, Shivaji Road, Old Panvel, New Panvel, Old Panvel, Panvel, Maharashtra 410206, India",,Panvel,Panvel,Maharashtra,410206,,4.5,439,"hindu_temple, place_of_worship, point_of_interest, association_or_organization, establishment",18.988305699999998,73.1106721,localisy024696,ChIJ94p3xRTo5zsR085zFgLBmbY,photos\localisy09243_1.jpg,,,,,Religious & Spiritual,Temples,Old Panvel
Shree Panchmukhi Maruti Temple,"Takka Colony, Panvel, Maharashtra 410206, India",,Panvel,Panvel,Maharashtra,410206,,4.7,1064,"hindu_temple, place_of_worship, point_of_interest, association_or_organization, establishment",18.9788194,73.1164165,localisy024697,ChIJ141MN3Lo5zsRGWK437bhJE4,photos\localisy09245_1.jpg,,,,,Religious & Spiritual,Temples,Old Panvel
Siddhivinayak Temple Panvel,"11, Railway Station, Sector 15A, New Panvel East, Panvel, Maharashtra 410206, India",,Panvel,Panvel,Maharashtra,410206,,4.6,78,"hindu_temple, place_of_worship, point_of_interest, association_or_organization, establishment",18.991460099999998,73.125474,localisy024698,ChIJrSXSvGfo5zsRYBlfek1ffsw,photos\localisy09246_1.jpg,,,,,Religious & Spiritual,Temples,Old Panvel
Shree Panch Mukhi Hanuman Mandir,"X4P6+67G, Old Panvel, Panvel, Maharashtra 410206, India",,Panvel,Panvel,Maharashtra,410206,9320956466,4.7,49,"hindu_temple, place_of_worship, point_of_interest, association_or_organization, establishment",18.985569700000003,73.1107146,localisy024699,ChIJsRbeTxPo5zsRrqvSyKoz8No,photos\localisy09247_1.jpg,,,,,Religious & Spiritual,Temples,Old Panvel
Shree Sai Baba Temple Panvel,"X4Q9+66W, Panvel Station Rd, Forest Colony, Panvel, Kolkhe, Panvel, Maharashtra 410206, India",,Panvel,Panvel,Maharashtra,410206,,4.6,303,"hindu_temple, place_of_worship, point_of_interest, association_or_organization, establishment",18.9881244,73.1180839,localisy024700,ChIJdamwVFzo5zsR9qPk3peDVdM,photos\localisy09249_1.jpg,,,,,Religious & Spiritual,Temples,Old Panvel
Sri Sai Narayan Baba Ashram panvel,"X4Q9+66J, Forest Colony, Panvel, Maharashtra 410206, India",,Panvel,Panvel,Maharashtra,410206,,4.8,149,"hindu_temple, place_of_worship, point_of_interest, association_or_organization, establishment",18.9880632,73.1180152,localisy024701,ChIJSVj2J5Dp5zsRD7Iod61mcPU,photos\localisy09252_1.jpg,,,,,Religious & Spiritual,Temples,Old Panvel
Shree Ayyappa Temple,"Plot No. 19, Sector 13, New Panvel East, Panvel, Maharashtra 410206, India",,Panvel,Panvel,Maharashtra,410206,,4.5,712,"hindu_temple, place_of_worship, point_of_interest, association_or_organization, establishment",18.9964932,73.1278894,localisy024702,ChIJNefLzF3o5zsRZDlWcP5G24k,photos\localisy09253_1.jpg,,,,,Religious & Spiritual,Temples,Old Panvel
Laxmi Narayan Mandir,"Joshi Ali, X4P5+GQW, Joshi Gali, Old Panvel, Panvel, Maharashtra 410206, India",,Panvel,Panvel,Maharashtra,410206,,4.8,22,"hindu_temple, place_of_worship, point_of_interest, association_or_organization, establishment",18.9863698,73.10945749999999,localisy024703,ChIJOZt_nhTo5zsRYnQIIRvpEeo,photos\localisy09254_1.jpg,,,,,Religious & Spiritual,Temples,Old Panvel
Shri Cidco Vinayak Mandir,"Nikita Apartment, Sector 18, New Panvel East, Panvel, Maharashtra 410206, India",,Panvel,Panvel,Maharashtra,410206,,4.7,85,"hindu_temple, place_of_worship, point_of_interest, association_or_organization, establishment",18.9944763,73.12033009999999,localisy024704,ChIJ9RZB9ULo5zsR44v3q5Ws-Fw,photos\localisy09255_1.jpg,,,,,Religious & Spiritual,Temples,Old Panvel
Maruti Mandir,"shop no 2, Shree data digambar apartment, Shivaji Rd, near Hanuman Mandir, Line Ali, Old Panvel, Panvel, Maharashtra 410206, India",,Panvel,Panvel,Maharashtra,410206,9892604537,4.7,120,"hindu_temple, place_of_worship, point_of_interest, association_or_organization, establishment",18.989718099999997,73.1126712,localisy024705,ChIJQagq3Gro5zsRrGHmECXlxHQ,photos\localisy09256_1.jpg,,,,,Religious & Spiritual,Temples,Old Panvel
"Shree 1008 Munisuvratnath Digambar Jain Mandir, New Panvel","Shree Digamber Jain Seva Sanstha ,Behind Shabri Hotel Sector-1S New Panvel Dist, Vijay Rd, New Panvel East, Panvel, Maharashtra 410206, India",,Panvel,Panvel,Maharashtra,410206,9969179749,4.7,125,"place_of_worship, point_of_interest, association_or_organization, establishment",19.000011999999998,73.11651309999999,localisy024706,ChIJrfzek0bo5zsRp6V9RTzus6w,photos\localisy09257_1.jpg,,,,,Religious & Spiritual,Temples,Old Panvel
Icchapurti Shri Ganesh Mandir इच्छापूर्ति श्री गणेश मंदिर,"Old Station Road Forest Colony, Ichhapurti shree Ganesh Mandir, Lokmanya Nagar, Panvel, Maharashtra 410206, India",,Panvel,Panvel,Maharashtra,410206,9792949315,4.6,56,"hindu_temple, place_of_worship, point_of_interest, association_or_organization, establishment",18.9911876,73.1177403,localisy024707,ChIJRx3j8mno5zsRloX_fRuX5BA,photos\localisy09260_1.jpg,,,,,Religious & Spiritual,Temples,Old Panvel
Shree Radha - Krishna Mandir,"Jay Bharat Naka, Lokmanya Tilak Road, Old Panvel, Panvel, Maharashtra 410206, India",,Panvel,Panvel,Maharashtra,410206,,5,4,"hindu_temple, place_of_worship, point_of_interest, association_or_organization, establishment",18.9880033,73.10938349999999,localisy024708,ChIJPc-ZcADp5zsRcw8EG7V08FE,photos\localisy09261_1.jpg,,,,,Religious & Spiritual,Temples,Old Panvel
Datta Mandir,"Nityanand Nagar, X4V5+J7R, Swami Nityanand Rd, Nityanand Nagar, Old Panvel, Panvel, Maharashtra 410206, India",,Panvel,Panvel,Maharashtra,410206,,4.7,40,"hindu_temple, place_of_worship, point_of_interest, association_or_organization, establishment",18.9941165,73.10815199999999,localisy024709,ChIJtbWtUz7o5zsRGA7sWJ-Jm2U,photos\localisy09262_1.jpg,,,,,Religious & Spiritual,Temples,Old Panvel
Jyeshtharaj Siddhivinayak Mandir,"X4P5+XJM, Shivaji Rd, Old Panvel, Panvel, Maharashtra 410206, India",,Panvel,Panvel,Maharashtra,410206,,4.9,16,"hindu_temple, place_of_worship, point_of_interest, association_or_organization, establishment",18.9874567,73.1090435,localisy024710,ChIJr1HfiBTo5zsRg-FHXnRoSaM,photos\localisy09263_1.jpg,,,,,Religious & Spiritual,Temples,Old Panvel
Shwetambar Murtipujak Jain Mandir Panvel,"Matruchhaya, Kapad Bazar, Old Panvel, Panvel, Maharashtra 410206, India",,Panvel,Panvel,Maharashtra,410206,,4.6,40,"place_of_worship, museum, point_of_interest, association_or_organization, establishment",18.986715999999998,73.1086886,localisy024711,ChIJQ3qQDjfp5zsRW0vk7k9jp2g,photos\localisy09264_1.jpg,,,,,Religious & Spiritual,Temples,Old Panvel
"CKP Hall, Shri. Laxmi Narayan Mandir","prabhu ali, Shivaji Rd, Old Panvel, Panvel, Maharashtra 410206, India",,Panvel,Panvel,Maharashtra,410206,,4.7,24,"hindu_temple, place_of_worship, point_of_interest, association_or_organization, establishment",18.988716,73.1116516,localisy024712,ChIJO2DDLWvo5zsRLCf6RL4ckoI,photos\localisy09265_1.jpg,,,,,Religious & Spiritual,Temples,Old Panvel
Navnath Temple,"X4Q9+XHP, Old Station Rd, Forest Colony, Panvel, Maharashtra 410206, India",,Panvel,Panvel,Maharashtra,410206,,4.5,34,"hindu_temple, place_of_worship, point_of_interest, association_or_organization, establishment",18.989955,73.118957,localisy024713,ChIJWYOYoGno5zsRTcIXnpC3ODw,photos\localisy09268_1.jpg,,,,,Religious & Spiritual,Temples,Old Panvel
Shree Om Chaitanya Kanifnath Mandir,"Tapal Naka, X4M5+HRX, Uran Rd, Tapal Naka, Mominpada, Old Panvel, Panvel, Maharashtra 410206, India",,Panvel,Panvel,Maharashtra,410206,,4.6,22,"hindu_temple, place_of_worship, point_of_interest, association_or_organization, establishment",18.983988600000004,73.1096216,localisy024714,ChIJe9HDGRPo5zsR5m-XdI91RQ0,photos\localisy09269_1.jpg,,,,,Religious & Spiritual,Temples,Old Panvel
Shree Ramdas Maruti Mandir,"Tilak Road, X4Q5+PQQ, Lokmanya Tilak Road, Old Panvel, Panvel, Maharashtra 410206, India",,Panvel,Panvel,Maharashtra,410206,,4.7,24,"hindu_temple, place_of_worship, point_of_interest, association_or_organization, establishment",18.9893301,73.10949149999999,localisy024715,ChIJTeoV4hTo5zsRDf0nNU_sFZQ,photos\localisy09271_1.jpg,,,,,Religious & Spiritual,Temples,Old Panvel
Shani mandir,"X4M6+V38, Uran Rd, Tapal Naka, Mominpada, Old Panvel, Panvel, Maharashtra 410206, India",,Panvel,Panvel,Maharashtra,410206,,4.4,62,"hindu_temple, place_of_worship, point_of_interest, association_or_organization, establishment",18.984768499999998,73.1103069,localisy024716,ChIJFfeKAIXp5zsRKZZtFl9at3Q,photos\localisy09272_1.jpg,,,,,Religious & Spiritual,Temples,Old Panvel
Shree Jiravala parshwanath shwetambar murtipujak jain mandir,"Neel Centre Road-17, New, Sector 19, New Panvel East, Panvel, Maharashtra 410206, India",,Panvel,Panvel,Maharashtra,410206,9819404051,5,14,"place_of_worship, point_of_interest, association_or_organization, establishment",18.9957122,73.1210421,localisy024717,ChIJX76i7pnp5zsRZJiUOmcmNJI,photos\localisy09273_1.jpg,,,,,Religious & Spiritual,Temples,Old Panvel
Munjoba Mandir Godse Ali Old Panvel,"X4P6+W2W, Old Panvel, Panvel, Maharashtra 410206, India",,Panvel,Panvel,Maharashtra,410206,,4.9,8,"hindu_temple, place_of_worship, point_of_interest, association_or_organization, establishment",18.987352899999998,73.1100905,localisy024718,ChIJHwuGvhTo5zsRKt9rqhymCro,photos\localisy09274_1.jpg,,,,,Religious & Spiritual,Temples,Old Panvel
Shree Rameshwar Mahadev Mandir,"C.S.No 565, Savarkar Chowk, near V. K. High School, Manek Nagar, Old Panvel, Panvel, Maharashtra 410206, India",,Panvel,Panvel,Maharashtra,410206,,4.8,16,"hindu_temple, place_of_worship, point_of_interest, association_or_organization, establishment",18.9919537,73.1099061,localisy024719,ChIJwSn0VxXo5zsRXXhV6kC2ZLM,photos\localisy09275_1.jpg,,,,,Religious & Spiritual,Temples,Old Panvel
"Sai Mandir, Panvel Koliwada","X4H4+WC7, Dombala, Panvel, Karanjade, Maharashtra 410206, India",,Panvel,Panvel,Maharashtra,410206,,4.8,22,"hindu_temple, place_of_worship, point_of_interest, association_or_organization, establishment",18.9797908,73.1060505,localisy024720,ChIJm-hAuAXp5zsRo3D4N87mWBo,photos\localisy09276_1.jpg,,,,,Religious & Spiritual,Temples,Old Panvel
"Shree Ganesh Mandir, Jay Bharat Naka श्री जय गणेश मंदिर","X4Q5+4HF, Old Panvel, Panvel, Maharashtra 410206, India",,Panvel,Panvel,Maharashtra,410206,,4.5,11,"hindu_temple, place_of_worship, point_of_interest, association_or_organization, establishment",18.9878081,73.1089133,localisy024721,ChIJJXSw8xTo5zsRh4d0C2KfAI8,photos\localisy09277_1.jpg,,,,,Religious & Spiritual,Temples,Old Panvel
Datta Mandir,"X4M8+85J, Old Panvel, Panvel, Maharashtra 410206, India",,Panvel,Panvel,Maharashtra,410206,,4.5,16,"hindu_temple, place_of_worship, point_of_interest, association_or_organization, establishment",18.9833352,73.1153933,localisy024722,ChIJ34yYQ23o5zsRhVxCPbv9UAM,photos\localisy09278_1.jpg,,,,,Religious & Spiritual,Temples,Old Panvel
Shree Jakmata Temple,"X4R6+7CQ, R.G.G Road, Old Panvel, Panvel, Maharashtra 410206, India",,Panvel,Panvel,Maharashtra,410206,,4.9,7,"hindu_temple, place_of_worship, association_or_organization, point_of_interest, establishment",18.9907078,73.1111064,localisy024723,ChIJSxNuShXo5zsRLTiEv7TIK04,photos\localisy09279_1.jpg,,,,,Religious & Spiritual,Temples,Old Panvel
Dongare kul Khandoba Mandir,"410206, Dhakta Khanda, Khanda Colony, Panvel, Maharashtra 410206, India",,Panvel,Panvel,Maharashtra,410206,,4.3,25,"hindu_temple, place_of_worship, association_or_organization, point_of_interest, establishment",19.0033215,73.10386079999999,localisy024724,ChIJ59TNmDDo5zsR1VDzNYIJBOY,photos\localisy09280_1.jpg,,,,,Religious & Spiritual,Temples,Old Panvel
Panvel Kalibari,"7A, Sector 13, New Panvel East, Panvel, Maharashtra 410206, India",,Panvel,Panvel,Maharashtra,410206,,4.5,30,"hindu_temple, place_of_worship, association_or_organization, point_of_interest, establishment",18.9956407,73.1272754,localisy024725,ChIJB1-elnfp5zsREffdHMjOwSE,photos\localisy09281_1.jpg,,,,,Religious & Spiritual,Temples,Old Panvel
Narmadeshwar Shiv Mandir,"X4G6+9JX, Karanjade, Panvel, Karanjade, Maharashtra 410206, India",,Panvel,Panvel,Maharashtra,410206,,4.4,53,"hindu_temple, place_of_worship, association_or_organization, point_of_interest, establishment",18.9759878,73.11160500000001,localisy024726,ChIJ91CJS3Po5zsRL_zchSApEKU,photos\localisy09283_1.jpg,,,,,Religious & Spiritual,Temples,Old Panvel
sri bhagawati sai sansthan panvel,"sai baba mandir, Road, Forest Colony, Panvel, Maharashtra 410206, India",,Panvel,Panvel,Maharashtra,410206,,4,6,"place_of_worship, association_or_organization, point_of_interest, establishment",18.9878307,73.1181593,localisy024727,ChIJd-WBPmTp5zsRupUZJUu9Ny0,photos\localisy09284_1.jpg,,,,,Religious & Spiritual,Temples,Old Panvel
Beth El Synagogue Panvel,"X4M6+M7V, MG Rd, Tapal Naka, Mominpada, Old Panvel, Panvel, Maharashtra 410206, India",,Panvel,Panvel,Maharashtra,410206,,4.7,42,"synagogue, place_of_worship, association_or_organization, point_of_interest, establishment",18.9842372,73.1106686,localisy024728,ChIJTaqs1Gzo5zsRMJwtXLfJfaA,photos\localisy09285_1.jpg,,,,,Religious & Spiritual,Temples,Old Panvel
"Shree Jain Shwetamber Sthanak, Panvel","Kapad Bazar, near Shree Bhagwan Mahaveer Chowk, Old Panvel, Panvel, Maharashtra 410206, India",,Panvel,Panvel,Maharashtra,410206,,4.9,12,"place_of_worship, association_or_organization, point_of_interest, establishment",18.986788699999998,73.10876859999999,localisy024729,ChIJrekmMADp5zsRJ_b_sws8Pmc,photos\localisy09286_1.jpg,,,,,Religious & Spiritual,Temples,Old Panvel
Shree Shitladevi Mandir,"X4R6+HMJ, Agri Samaj Mandir Road, near V. K. High School, Old Panvel, Panvel, Maharashtra 410206, India",,Panvel,Panvel,Maharashtra,410206,,4.7,6,"hindu_temple, place_of_worship, association_or_organization, point_of_interest, establishment",18.991466799999998,73.11162809999999,localisy024730,ChIJXUONrWro5zsRIQs7zqusv8Q,photos\localisy09287_1.jpg,,,,,Religious & Spiritual,Temples,Old Panvel
SADHANA SADAN JAIN UPASHRAY,"Royal Residency, Vishrali Naka, MG Rd, opp. Sindhi Panchayat Building, Old Panvel, Panvel, Maharashtra 410206, India",,Panvel,Panvel,Maharashtra,410206,,4.2,5,"place_of_worship, association_or_organization, point_of_interest, establishment",18.9813138,73.1143945,localisy024731,ChIJ1f2VNgDp5zsR9GcI6O02FS8,photos\localisy09288_1.jpg,,,,,Religious & Spiritual,Temples,Old Panvel
Swaminarayan Temple,"X4R4+99M, Swami Nityanand Rd, Loknete D B Patil Nagar, HOC Colony, Panvel, Maharashtra 410206, India",,Panvel,Panvel,Maharashtra,410206,,4.7,14,"hindu_temple, place_of_worship, association_or_organization, point_of_interest, establishment",18.9909571,73.1059087,localisy024732,ChIJgViHITnp5zsRalf8-vk9MVA,photos\localisy09289_1.jpg,,,,,Religious & Spiritual,Temples,Old Panvel
Shree Nityanand Nilay Gurukul,"X4R5+39Q, Swami Nityanand Rd, Old Panvel, Panvel, Maharashtra 410206, India",,Panvel,Panvel,Maharashtra,410206,,4.9,15,"hindu_temple, place_of_worship, association_or_organization, point_of_interest, establishment",18.990225,73.10848829999999,localisy024733,ChIJX5aGChXo5zsR11ay9txf1rQ,photos\localisy09290_1.jpg,,,,,Religious & Spiritual,Temples,Old Panvel
"Shree Vitthal Rukmini Mandir Kapad Bazzar , Panvel","Shree Vitthal Rukmini Mandir, Daivadnya Brahmin Samaj Sanstha, Kapad Bazzar, Kacchi Mohalla, Old Panvel, Panvel, Maharashtra 410206, India",,Panvel,Panvel,Maharashtra,410206,,4.8,5,"hindu_temple, place_of_worship, association_or_organization, point_of_interest, establishment",18.990458099999998,73.10426079999999,localisy024734,ChIJgWP0Fhbo5zsRLkZkOkbuT5c,photos\localisy09291_1.jpg,,,,,Religious & Spiritual,Temples,Old Panvel
Swayambhu Shree Koleshwar Mandir,"X4M4+9R5, Koleshwar Mandir Rd, Koliwada, Old Panvel, Panvel, Maharashtra 410206, India",,Panvel,Panvel,Maharashtra,410206,,4.5,4,"hindu_temple, place_of_worship, association_or_organization, point_of_interest, establishment",18.9833809,73.1071043,localisy024735,ChIJcdnXuRPo5zsRWb-M99_cZq0,photos\localisy09292_1.jpg,,,,,Religious & Spiritual,Temples,Old Panvel
Shankar Mandir,"X4R7+9G7, Agri Samaj Mandir Road, Old Panvel, Panvel, Maharashtra 410206, India",,Panvel,Panvel,Maharashtra,410206,,4.9,7,"hindu_temple, place_of_worship, association_or_organization, point_of_interest, establishment",18.9909029,73.1137834,localisy024736,ChIJl2Us82ro5zsRu0k9CksELo8,photos\localisy09293_1.jpg,,,,,Religious & Spiritual,Temples,Old Panvel
Kumbhar Temple,"X4P5+639, Mirchi Galli, Old Panvel, Panvel, Maharashtra 410206, India",,Panvel,Panvel,Maharashtra,410206,,4.4,5,"hindu_temple, place_of_worship, association_or_organization, point_of_interest, establishment",18.985539199999998,73.10773259999999,localisy024737,ChIJx7iQhRPo5zsRq4JKuSiMAvk,photos\localisy09294_1.jpg,,,,,Religious & Spiritual,Temples,Old Panvel
"Ganpati Mandir येशी आई मंदिर,","X4M6+VJH, Mominpada, Old Panvel, Panvel, Maharashtra 410206, India",,Panvel,Panvel,Maharashtra,410206,,4.3,4,"hindu_temple, place_of_worship, association_or_organization, point_of_interest, establishment",18.9846903,73.11159769999999,localisy024738,ChIJT-BQJqrp5zsR1XW0Qi8UywQ,photos\localisy09296_1.jpg,,,,,Religious & Spiritual,Temples,Old Panvel
Jam-a-Masjid,"X4P4+5F2 Mahmdumiya, Mahmood Miya Patel Rd, Patel Moholla, Old Panvel, Panvel, Maharashtra 410206, India",,Panvel,Panvel,Maharashtra,410206,,4.7,192,"mosque, place_of_worship, association_or_organization, point_of_interest, establishment",18.985905499999998,73.1065115,localisy024739,ChIJ14xa9hPo5zsRFaokDFOPZ9I,photos\localisy09299_1.jpg,,,,,Religious & Spiritual,Mosques,Old Panvel
Pada Mohalla Masjid,"201, Maulana Azad Chowk, 351, MG Rd, Old Panvel, Panvel, Maharashtra 410206, India",,Panvel,Panvel,Maharashtra,410206,9820207469,4.7,195,"mosque, place_of_worship, association_or_organization, point_of_interest, establishment",18.987156799999998,73.1073735,localisy024740,ChIJF76ybhTo5zsRkpWYFj6nG8g,photos\localisy09300_1.jpg,,,,,Religious & Spiritual,Mosques,Old Panvel
Bhusar Mohalla Masjid,"Republic of, 201, MG Rd, Old Panvel, Panvel, Maharashtra 410206, India",,Panvel,Panvel,Maharashtra,410206,,4.6,75,"mosque, place_of_worship, association_or_organization, point_of_interest, establishment",18.9864466,73.10797509999999,localisy024741,ChIJyyxQeBTo5zsRH9VqmKBNDYg,photos\localisy09301_1.jpg,,,,,Religious & Spiritual,Mosques,Old Panvel
Shams Masjid,"Wit centre, Bandar Rd, Old Panvel, Panvel, Maharashtra 410206, India",,Panvel,Panvel,Maharashtra,410206,,4.8,102,"mosque, place_of_worship, association_or_organization, point_of_interest, establishment",18.989436899999998,73.1024587,localisy024742,ChIJ24hPsxfo5zsR5l0523grhsM,photos\localisy09302_1.jpg,,,,,Religious & Spiritual,Mosques,Old Panvel
Masjid e Hira,"Panvel Co-op Housing Society, Old Panvel, Panvel, Maharashtra 410206, India",,Panvel,Panvel,Maharashtra,410206,,4.5,22,"mosque, place_of_worship, association_or_organization, point_of_interest, establishment",18.9927112,73.1042933,localisy024743,ChIJ03srnhDp5zsR9Oy8MWX-s2s,photos\localisy09305_1.jpg,,,,,Religious & Spiritual,Mosques,Old Panvel
Sunni Takka Masjid,"X4J9+M5W, Takka Colony, Panvel, Maharashtra 410206, India",,Panvel,Panvel,Maharashtra,410206,,4.5,77,"mosque, place_of_worship, association_or_organization, point_of_interest, establishment",18.9817399,73.1179404,localisy024744,ChIJI0baBG7o5zsRkx0n8OZ-Kmw,photos\localisy09306_1.jpg,,,,,Religious & Spiritual,Mosques,Old Panvel
Ayesha Masjid,"410206, Kacchi Mohalla, Old Panvel, Panvel, Maharashtra 410206, India",,Panvel,Panvel,Maharashtra,410206,,4.5,56,"mosque, place_of_worship, association_or_organization, point_of_interest, establishment",18.9893963,73.1047209,localisy024745,ChIJE-IYcBbo5zsRffyw5zSVsRk,,,,,,Religious & Spiritual,Mosques,Old Panvel
Sunni Masjid,"X4J8+V48, MCCH Society, Panvel, Maharashtra 410206, India",,Panvel,Panvel,Maharashtra,410206,,4.6,43,"mosque, place_of_worship, association_or_organization, point_of_interest, establishment",18.9821731,73.115332,localisy024746,ChIJg7jslm3o5zsRY35UYPqWivw,,,,,,Religious & Spiritual,Mosques,Old Panvel
"Husami Masjid, Panvel (Dawoodi Bohra)","X4M5+RVF, Uran Rd, Tapal Naka, Old Panvel, Panvel, Maharashtra 410206, India",,Panvel,Panvel,Maharashtra,410206,,4.6,101,"mosque, place_of_worship, association_or_organization, point_of_interest, establishment",18.9845523,73.1096762,localisy024747,ChIJmxdSFBPo5zsR_0QUjex07ck,photos\localisy09312_1.jpg,,,,,Religious & Spiritual,Mosques,Old Panvel
MASJID E GARIB NAWAZ,"Garib Nawaz masjid Sunni, Forest Colony, Panvel, Maharashtra 410206, India",,Panvel,Panvel,Maharashtra,410206,,4.6,65,"mosque, place_of_worship, association_or_organization, point_of_interest, establishment",18.990877200000003,73.1196238,localisy024748,ChIJhQbhPlbp5zsR4f_NwIlvl0c,photos\localisy09313_1.jpg,,,,,Religious & Spiritual,Mosques,Old Panvel
"Masjid e Quba , Wazi Mohalla","Masjid e Quba Road, Wazi Mohalla, X4M4+VMJ, Old Panvel, Panvel, Maharashtra 410206, India",,Panvel,Panvel,Maharashtra,410206,,4.6,67,"mosque, place_of_worship, association_or_organization, point_of_interest, establishment",18.9847084,73.1066542,localisy024749,ChIJjyG26xPo5zsRC8LZcnIKP_E,photos\localisy09314_1.jpg,,,,,Religious & Spiritual,Mosques,Old Panvel
Masjid-E-Muhammadia,"X4Q4+W4X, Bandar Rd, Near Aiysha Masjid, Kacchi Mohalla, Old Panvel, Panvel, Maharashtra 410206, India",,Panvel,Panvel,Maharashtra,410206,9821957457,4.7,7,"mosque, place_of_worship, association_or_organization, point_of_interest, establishment",18.9898633,73.10536220000002,localisy024750,ChIJCyq-dRbo5zsRarvdSPTWoO0,,,,,,Religious & Spiritual,Mosques,Old Panvel
Vadghar Jama Masjid,"X4M3+MVF, Vadghar, Panvel, Vadghar, Maharashtra 410206, India",,Panvel,Panvel,Maharashtra,410206,,4.6,42,"mosque, place_of_worship, association_or_organization, point_of_interest, establishment",18.984198199999998,73.1046805,localisy024751,ChIJldZNERHo5zsRdt2Uk8mrLhc,photos\localisy09316_1.jpg,,,,,Religious & Spiritual,Mosques,Old Panvel
Shia Imambada Gazi Mension,"Plot No. 1156, Wazi Mohalla, opposite Sameer Apartment, Old Panvel, Panvel, Maharashtra 410206, India",,Panvel,Panvel,Maharashtra,410206,9320201572,4.6,44,"mosque, place_of_worship, association_or_organization, point_of_interest, establishment",18.9849182,73.1071717,localisy024752,ChIJF9aIkxPo5zsR2yyuIr4uZFY,photos\localisy09317_1.jpg,,,,,Religious & Spiritual,Mosques,Old Panvel
Panvel masjid,"X4MF+3JJ, Sector 21, New Panvel East, Panvel, Maharashtra 410206, India",,Panvel,Panvel,Maharashtra,410206,,4.8,5,"mosque, place_of_worship, association_or_organization, point_of_interest, establishment",18.982569599999998,73.1237263,localisy024753,ChIJFeXbYQDp5zsRf0gUGnP26Gk,photos\localisy09318_1.jpg,,,,,Religious & Spiritual,Mosques,Old Panvel
Dare Arkam Masjid,"X4P4+F32, Old Panvel, Panvel, Maharashtra 410206, India",,Panvel,Panvel,Maharashtra,410206,,5,4,"mosque, place_of_worship, association_or_organization, point_of_interest, establishment",18.986127099999997,73.1051506,localisy024754,ChIJ4fTyzpHp5zsRJ0Yq4yeeRZc,,,,,,Religious & Spiritual,Mosques,Old Panvel
"Dar Ul Aman, New Panvel - Masjid","35, Sector 3, New Panvel East, Panvel, Maharashtra 410206, India",,Panvel,Panvel,Maharashtra,410206,,4.9,30,"mosque, place_of_worship, association_or_organization, point_of_interest, establishment",19.0034103,73.11645229999999,localisy024755,ChIJNwA-AwDp5zsR-yPLXOyAx0E,photos\localisy09320_1.jpg,,,,,Religious & Spiritual,Mosques,Old Panvel
Dargah,"X4P5+737, Mirchi Galli, Old Panvel, Panvel, Maharashtra 410206, India",,Panvel,Panvel,Maharashtra,410206,,4.7,28,"mosque, place_of_worship, association_or_organization, point_of_interest, establishment",18.985655599999998,73.1076862,localisy024756,ChIJqzvehRPo5zsRem_uhH5c8BU,photos\localisy09321_1.jpg,,,,,Religious & Spiritual,Mosques,Old Panvel
Eidgah Kabrastan,"EIDGAH Road, Patel Mohalla, X4P3+WJ9, Old Panvel, Panvel, Maharashtra 410206, India",,Panvel,Panvel,Maharashtra,410206,,4.9,9,"mosque, place_of_worship, association_or_organization, point_of_interest, establishment",18.987280800000004,73.10409419999999,localisy024757,ChIJfc89awzp5zsRBjzne3RjwbQ,photos\localisy09323_1.jpg,,,,,Religious & Spiritual,Mosques,Old Panvel
Badi Dargah,"Shop no 3, Lake View Tower, Old Thane Naka Rd, Old Panvel, Panvel, Maharashtra 410206, India",,Panvel,Panvel,Maharashtra,410206,,4.6,83,"mosque, place_of_worship, association_or_organization, point_of_interest, establishment",18.989895999999998,73.10712579999999,localisy024758,ChIJlWMjxhXo5zsRXWBYAPhvnpA,photos\localisy09324_1.jpg,,,,,Religious & Spiritual,Mosques,Old Panvel
Masjid (Mosque) Ummeed Tower,"Ummeed Tower, Sai Nagar Rd, opp. Gurupushpa Society, Old Panvel, Panvel, Maharashtra 410206, India",,Panvel,Panvel,Maharashtra,410206,,4.7,7,"mosque, place_of_worship, association_or_organization, point_of_interest, establishment",18.9950551,73.10470839999999,localisy024759,ChIJKTvspQ7p5zsR1UztBeU6984,photos\localisy09325_1.jpg,,,,,Religious & Spiritual,Mosques,Old Panvel
Hazrat Ali Siddhi Badshah Dargah Sharif,"X4M6+X4R, Uran Rd, Tapal Naka, Old Panvel, Panvel, Maharashtra 410206, India",,Panvel,Panvel,Maharashtra,410206,,4.1,51,"mosque, place_of_worship, association_or_organization, point_of_interest, establishment",18.9849769,73.11025149999999,localisy024760,ChIJF3IoQRPo5zsR_JSQfTisz6M,photos\localisy09326_1.jpg,,,,,Religious & Spiritual,Mosques,Old Panvel
Prestige Garden Mosque,"La Mer Residency, Sai Nagar, Panvel, Maharashtra 410206, India",,Panvel,Panvel,Maharashtra,410206,,3.7,15,"mosque, place_of_worship, association_or_organization, point_of_interest, establishment",18.9913871,73.0985592,localisy024761,ChIJ2zBBpCLo5zsRoHAYhsIKEDk,,,,,,Religious & Spiritual,Mosques,Old Panvel
Jama Masjid,"Shop No 1, Panvel, Morbe, Maharashtra 410206, India",,Panvel,Panvel,Maharashtra,410206,,5,42,"mosque, place_of_worship, association_or_organization, point_of_interest, establishment",19.056257199999997,73.1840036,localisy024762,ChIJt6-WTgDv5zsRyaYsJA82GIk,photos\localisy09332_1.jpg,,,,,Religious & Spiritual,Mosques,Old Panvel
Sunni Masjid,"Panvel Railway Station, Forest Colony, Panvel, Maharashtra 410206, India",,Panvel,Panvel,Maharashtra,410206,,5,2,"mosque, place_of_worship, association_or_organization, point_of_interest, establishment",18.990854,73.1196932,localisy024763,ChIJhwvIKgDp5zsRUsj1sCsX7Ew,,,,,,Religious & Spiritual,Mosques,Old Panvel
Kabristan masjid uran naka,"X4J5+X38, Old Panvel, Panvel, Maharashtra 410206, India",,Panvel,Panvel,Maharashtra,410206,,3.7,3,"mosque, place_of_worship, association_or_organization, point_of_interest, establishment",18.982418799999998,73.10771249999999,localisy024764,ChIJQTAEUwDp5zsRr-0TFbHFAgo,photos\localisy09334_1.jpg,,,,,Religious & Spiritual,Mosques,Old Panvel
Panvel,"X4M3+GCF, Vadghar, Panvel, Vadghar, Maharashtra 410206, India",,Panvel,Panvel,Maharashtra,410206,,4.5,2,"mosque, place_of_worship, association_or_organization, point_of_interest, establishment",18.983819,73.1035544,localisy024765,ChIJgXj-IQDp5zsRJ-aP0L-pKhE,,,,,,Religious & Spiritual,Mosques,Old Panvel
Hazrat Zindashah Madar Chilla/dargah,"X4P5+5FG, Old Panvel, Panvel, Maharashtra 410206, India",,Panvel,Panvel,Maharashtra,410206,,4.5,6,"mosque, place_of_worship, association_or_organization, point_of_interest, establishment",18.9854342,73.1087099,localisy024766,ChIJZaBudxPo5zsRLR36BCOnpaA,photos\localisy09339_1.jpg,,,,,Religious & Spiritual,Mosques,Old Panvel
Hazarat Dada Subhan Shah,"X4J8+W4M, Service Rd, MCCH Society, Panvel, Maharashtra 410206, India",,Panvel,Panvel,Maharashtra,410206,,4,4,"mosque, place_of_worship, association_or_organization, point_of_interest, establishment",18.9823488,73.1153023,localisy024767,ChIJ-dE5lm3o5zsRUMIDmwCQEEQ,photos\localisy09341_1.jpg,,,,,Religious & Spiritual,Mosques,Old Panvel
Faizan e Garib Nawaz,"1, Sector 35, B, Sector 34-B, Parsi, Kharghar, Panvel, Maharashtra 410210, India",,Kharghar,Panvel,Maharashtra,410210,,4.5,8,"mosque, place_of_worship, association_or_organization, point_of_interest, establishment",19.0701225,73.08146219999999,localisy024768,ChIJzVe1pFrB5zsReeT0dt4h0QY,photos\localisy09342_1.jpg,,,,,Religious & Spiritual,Mosques,Old Panvel
Qabrastan masjid,"X4X7+XRX, Sector 12, Khanda Colony, Panvel, Maharashtra 410206, India",,Panvel,Panvel,Maharashtra,410206,,5,1,"mosque, place_of_worship, association_or_organization, point_of_interest, establishment",18.9999762,73.11461369999999,localisy024769,ChIJmWfLVADp5zsRf1nWETSo2YI,photos\localisy09344_1.jpg,,,,,Religious & Spiritual,Mosques,Old Panvel
Qabrastan masjid,"X4X7+XRX, Sector 12, Khanda Colony, Panvel, Maharashtra 410206, India",,Panvel,Panvel,Maharashtra,410206,,5,1,"mosque, place_of_worship, association_or_organization, point_of_interest, establishment",18.9999762,73.11461369999999,localisy024770,ChIJFbK7MQDp5zsR_G5Kj93JpFs,photos\localisy09345_1.jpg,,,,,Religious & Spiritual,Mosques,Old Panvel
Masjid Admire Classic,"239Q+4C8, 45, Sector 12, Kamothe, Panvel, Maharashtra 410209, India",,Kamothe,Panvel,Maharashtra,410209,,4,1,"mosque, place_of_worship, association_or_organization, point_of_interest, establishment",19.0177801,73.0885843,localisy024771,ChIJ6co5BQDp5zsRmBA4YQU0-Vo,photos\localisy09346_1.jpg,,,,,Religious & Spiritual,Mosques,Old Panvel
Peer Sayyed Mohammad Hasan Gaji Char Peer,"X4M6+8W3, MG Rd, Mominpada, Old Panvel, Panvel, Maharashtra 410206, India",,Panvel,Panvel,Maharashtra,410206,,3,2,"mosque, place_of_worship, association_or_organization, point_of_interest, establishment",18.9832613,73.1123111,localisy024772,ChIJ_ZuFJm3o5zsRkzdXcAeFFVM,,,,,,Religious & Spiritual,Mosques,Old Panvel
Madarsa faizan-e-mushahid-e-millat,"24P2+JPH, Sector 14, Kalamboli, Panvel, Maharashtra 410218, India",,Roadpali,Panvel,Maharashtra,410218,,5,4,"mosque, place_of_worship, association_or_organization, point_of_interest, establishment",19.036562099999998,73.1018576,localisy024773,ChIJd5tJSADp5zsRv4JsnMjM2nk,,,,,,Religious & Spiritual,Mosques,Old Panvel
Masjid-e-noor,"Kendriya Suraksha Bal (C.I.S.F, Sector 35F, Sector 35I, Kharghar, Panvel, Maharashtra 410210, India",,Kharghar,Panvel,Maharashtra,410210,,4.7,18,"mosque, place_of_worship, association_or_organization, point_of_interest, establishment",19.0697567,73.0718552,localisy024774,ChIJS1TxM_fB5zsRFV56LJjP5H8,photos\localisy09357_1.jpg,,,,,Religious & Spiritual,Mosques,Old Panvel
Crescent West masjid,"WING -A, Sector 35D, Kutak Bandhan, Kharghar, Panvel, Maharashtra 410210, India",,Kharghar,Panvel,Maharashtra,410210,,4.6,19,"mosque, place_of_worship, association_or_organization, point_of_interest, establishment",19.0714723,73.0783842,localisy024775,ChIJcYQrPv7B5zsRy-ybwyxsw-U,photos\localisy09358_1.jpg,,,,,Religious & Spiritual,Mosques,Old Panvel
"Hindustani Covenant Church, Panvel","Stand View Building, Old Station Rd, Naya Nagar, Forest Colony, Panvel, Maharashtra 410206, India",,Panvel,Panvel,Maharashtra,410206,,4.8,11,"church, place_of_worship, association_or_organization, point_of_interest, establishment",18.990712,73.1176803,localisy024776,ChIJl_6QaADp5zsRgcX8h3I1W2Q,photos\localisy09369_1.jpg,,,,,Religious & Spiritual,Churches,Old Panvel
St. Francis Tamil Church CNI,"Bus Depot, near St stand, near Balaji veg hotel, Old Panvel, Panvel, Maharashtra 410206, India",,Panvel,Panvel,Maharashtra,410206,8424057784,5,2,"church, place_of_worship, association_or_organization, point_of_interest, establishment",18.987973900000004,73.11493829999999,localisy024777,ChIJ27qjPADp5zsRHk0KtV2YRHk,photos\localisy09370_1.jpg,,,,,Religious & Spiritual,Churches,Old Panvel
Messiah Assembly of God Divine Blessing Center,"Stand View Building, Old Station Rd, near Ratnadeep Hotel, Naya Nagar, Forest Colony, Panvel, Maharashtra 410206, India",,Panvel,Panvel,Maharashtra,410206,,5,4,"church, place_of_worship, association_or_organization, point_of_interest, establishment",18.9907484,73.117688,localisy024778,ChIJRdntLQDp5zsRRZ-aOfnE3eQ,photos\localisy09377_1.jpg,,,,,Religious & Spiritual,Churches,Old Panvel
Old St. Francis Church Panvel,"St. Francis Church Compound, Old Mumbai Pune Highway, 112-147, Chatrapati Shivaji Maharaj Marg, opp. Panvel Bus Depot, near Life Line Hospital, Old Panvel, Panvel, Maharashtra 410206, India",,Panvel,Panvel,Maharashtra,410206,,,,"church, place_of_worship, association_or_organization, point_of_interest, establishment",18.9910519,73.1153393,localisy024779,ChIJ0cO9LgDp5zsR9Yc6CPqxuDI,,,,,,Religious & Spiritual,Churches,Old Panvel
NICOG - Back to Life Church Panvel,"Saint Francis Marathi Church, Panvel, opposite ST Bus Stand, Old Panvel, Panvel, Maharashtra 410206, India",,Panvel,Panvel,Maharashtra,410206,,,,"church, place_of_worship, association_or_organization, point_of_interest, establishment",18.9910521,73.11530479999999,localisy024780,ChIJo7C1053p5zsREBYcecUEID4,photos\localisy09381_1.jpg,,,,,Religious & Spiritual,Churches,Old Panvel
"St George Jacobite Syrian Oorthodox Church, Adai, Panvel","244G+89H, Adaigaon, Adai, Maharashtra 410206, India",,Panvel,Panvel,Maharashtra,410206,,4.1,16,"church, place_of_worship, association_or_organization, point_of_interest, establishment",19.0058032,73.1259841,localisy024781,ChIJmcnpYlDo5zsRaVbHyQT5RU8,photos\localisy09383_1.jpg,,,,,Religious & Spiritual,Churches,Old Panvel
MSMI Sister's Convent,"11, Road No. 4, Sector 19, New Panvel East, Panvel, Maharashtra 410206, India",,Panvel,Panvel,Maharashtra,410206,,5,3,"church, place_of_worship, association_or_organization, point_of_interest, establishment",18.996318499999997,73.12007,localisy024782,ChIJ8QvVTwDp5zsREoYT_oA50IE,photos\localisy09385_1.jpg,,,,,Religious & Spiritual,Churches,Old Panvel
"St. Thomas Evangelical Church Of India, Panvel Parish","86,96/1, Plot No. 85, Akurli Village, near Ramana Maritimes Academy, behind Kakaji Ni Wadi, STECI, Panvel, Parish, Akurli, Maharashtra 410206, India",,Panvel,Panvel,Maharashtra,410206,,4.8,8,"church, place_of_worship, association_or_organization, point_of_interest, establishment",19.0018364,73.1437768,localisy024783,ChIJ11tQd_Ho5zsRccHwa5KSefU,,,,,,Religious & Spiritual,Churches,Old Panvel
Bethel bhavan,"2, Sector 11, Sector-10, New Panvel East, New Panvel, Sector-10, New Panvel East, Panvel, Maharashtra 410206, India",,Panvel,Panvel,Maharashtra,410206,,4.1,10,"church, place_of_worship, association_or_organization, point_of_interest, establishment",19.000225,73.12555540000001,localisy024784,ChIJIRV5dlvo5zsRbehmC9LH1f8,photos\localisy09387_1.jpg,,,,,Religious & Spiritual,Churches,Old Panvel
Saint Francis Xavier Prayer Hall,"Siddhant Market, X4M7+J4M, MTNL Rd, Mominpada, Old Panvel, Panvel, Maharashtra 410206, India",,Panvel,Panvel,Maharashtra,410206,,3.5,10,"church, place_of_worship, association_or_organization, point_of_interest, establishment",18.9840818,73.1127825,localisy024785,ChIJrZqS3Wzo5zsRmqtSmzO8t8A,,,,,,Religious & Spiritual,Churches,Old Panvel
Chruch Of God Panvel,"X4R9+73R, Naya Nagar, Forest Colony, Panvel, Maharashtra 410206, India",,Panvel,Panvel,Maharashtra,410206,,5,3,"church, place_of_worship, association_or_organization, point_of_interest, establishment",18.990746899999998,73.1176454,localisy024786,ChIJjWSc3f7p5zsRIM5hUag2o5E,,,,,,Religious & Spiritual,Churches,Old Panvel
IPC New Panvel East,"Plot No.10, 12, Sector-1, New Panvel East, Panvel, Maharashtra 410206, India",,Panvel,Panvel,Maharashtra,410206,,5,1,"church, place_of_worship, association_or_organization, point_of_interest, establishment",18.9993388,73.1206706,localisy024787,ChIJdY8W9zfp5zsRT7CeM_2ifoo,,,,,,Religious & Spiritual,Churches,Old Panvel
Christian Believers Assembly,"Plot No. B 48, Vijay Rd, Sector 6, New Panvel East, Panvel, Maharashtra 410206, India",,Panvel,Panvel,Maharashtra,410206,,5,3,"place_of_worship, association_or_organization, point_of_interest, establishment",19.0095886,73.11659,localisy024788,ChIJw_hzV0no5zsRzzUjubjQbTU,photos\localisy09393_1.jpg,,,,,Religious & Spiritual,Churches,Old Panvel
New Panvel Church Near Fire Brigade,"X4W9+97M, Unnamed Road, Sector 1A, New Panvel East, Panvel, Maharashtra 410206, India",,Panvel,Panvel,Maharashtra,410206,,,,"church, place_of_worship, association_or_organization, point_of_interest, establishment",18.9959502,73.1181591,localisy024789,ChIJwXIHykbo5zsRbGOYgrTjY_A,,,,,,Religious & Spiritual,Churches,Old Panvel
Pratibha astrology research center,"Durga Mata Mandir Sushil Sadan, nr. Chhatrapati Shivaji Maharaj Chowk, Old Panvel, Panvel, Maharashtra 410206, India",,Panvel,Panvel,Maharashtra,410206,8308181812,4.2,22,"astrologer, point_of_interest, establishment",18.9861993,73.1126562,localisy024790,ChIJgWP0Fhbo5zsR_PeltaK8l4U,photos\localisy09412_1.jpg,,,,,Religious & Spiritual,Astrologers,Old Panvel
Ravindra Shirsaokar Guruji,"X4Q6+PJH, Old Panvel, Panvel, Maharashtra 410206, India",,Panvel,Panvel,Maharashtra,410206,,5,5,"astrologer, point_of_interest, establishment",18.9893158,73.11161109999999,localisy024791,ChIJtctyaQDp5zsRyBARvuSw4lY,photos\localisy09421_1.jpg,,,,,Religious & Spiritual,Astrologers,Old Panvel
Swastik Pratishthan,"Row House, Giriraj Society, Plot No.13, Rd Number 2, Karna CHS, Sector 3, New Panvel East, Panvel, Maharashtra 410206, India",,Panvel,Panvel,Maharashtra,410206,,5,1,"astrologer, point_of_interest, establishment",19.001409,73.118816,localisy024792,ChIJPULJ_WTp5zsRAi3Nc8SzEZM,photos\localisy09423_1.jpg,,,,,Religious & Spiritual,Astrologers,Old Panvel
Asmita Jyotish Kendra,"X4WC+HRW Amit Bunglow, Rd Number 13, near Shiva Complex, behind IOC Petrol Pump, प्लॉट नंबर 2, Sector 12, New Panvel East, Panvel, Maharashtra 410206, India",,Panvel,Panvel,Maharashtra,410206,9969175130,4.5,14,"astrologer, service, health, point_of_interest, establishment",18.997657200000003,73.1226629,localisy024793,ChIJ0Q91uFzo5zsR6PVJdEWuyZ8,photos\localisy09425_1.jpg,,,,,Religious & Spiritual,Astrologers,Old Panvel
Tarot Reader & Psychologist,"Golf Meadows at Godrej City Panvel, Naya Nagar, Forest Colony, Panvel, Maharashtra 410206, India",,Panvel,Panvel,Maharashtra,410206,9877739970,5,1,"astrologer, point_of_interest, establishment",18.9894007,73.1175162,localisy024794,ChIJY5brOBrp5zsRB2TogItxaEM,photos\localisy09430_1.jpg,,,,,Religious & Spiritual,Astrologers,Old Panvel
OM MANGLAM JYOTISH,"Room no 002,Nishigandha Maliwadi CHS, Maliwadi stop, Maliwadi, next to Belmac complex, Sector 3, New Panvel East, Panvel, Maharashtra 410206, India",,Panvel,Panvel,Maharashtra,410206,,5,11,"astrologer, point_of_interest, establishment",19.0009571,73.1192343,localisy024795,ChIJh7DfIkXp5zsRcodDY9QaRz4,photos\localisy09431_1.jpg,,,,,Religious & Spiritual,Astrologers,Old Panvel
Astrologer and Pandit(bhatji) for pooja,"c6/06/03, near Cidco Garden, Sector 18, New Panvel East, Panvel, Maharashtra 410206, India",,Panvel,Panvel,Maharashtra,410206,9833937258,4.7,3,"astrologer, point_of_interest, establishment",18.9943308,73.12161760000001,localisy024796,ChIJ46Zs_lXp5zsRPYWgEhJVmiY,photos\localisy09432_1.jpg,,,,,Religious & Spiritual,Astrologers,Old Panvel
SHREE HANUMAN ASTROLOGY CENTRE,"Office No. 01, Sai Sangam, Plot No. 15, near Airtel Gallery, Sector 11, New Panvel East, Panvel, Maharashtra 410206, India",,Panvel,Panvel,Maharashtra,410206,9763231212,5,1,"astrologer, point_of_interest, establishment",18.999572,73.123808,localisy024797,ChIJmw9Pcajp5zsR579R9n5CkUU,photos\localisy09441_1.jpg,,,,,Religious & Spiritual,Astrologers,Old Panvel
Astrologer Pooja Bhosale,"Bhaveshwar anvenu, Plot no 34, Sector 5A, Sector 5, Karanjade, Maharashtra 410206, India",,Panvel,Panvel,Maharashtra,410206,8856039835,5,1,"astrologer, point_of_interest, establishment",18.9765279,73.10693959999999,localisy024798,ChIJFXnAKrzp5zsRC0cX8WTj-wU,photos\localisy09446_1.jpg,,,,,Religious & Spiritual,Astrologers,Old Panvel
Ashish Joshi Guruji,"Ganesh Tower, Motha Khanda, Greater Khanda, Panvel, Maharashtra 410206, India",,Panvel,Panvel,Maharashtra,410206,9820775445,5,2,"astrologer, point_of_interest, establishment",19.007379699999998,73.10444009999999,localisy024799,ChIJ49bZCamjFWkRHefH_McgQXA,photos\localisy09447_1.jpg,,,,,Religious & Spiritual,Astrologers,Old Panvel
Shri Mohinis Purohit Bramhan Kariyalaya,"Shop No. 1, Gurukrupa Chs, Savarkar Chowk, Old Panvel, Savarkar Chawk, X4R5+Pwm, Lokmanya Tilak Road, Manek Nagar, Navi, Manek Nagar, Old Panvel, Panvel, Mumbai, Panvel, Maharashtra 410206, India",,Panvel,Panvel,Maharashtra,410206,9819181125,,,"astrologer, point_of_interest, establishment",18.9914995,73.109636,localisy024800,ChIJma_pZhXo5zsRb6qzTT9e-aU,,,,,,Religious & Spiritual,Astrologers,Old Panvel
श्री गजानन आशिष पुरोहित वास्तु व ज्योतिष केंद्र,"श्री कालभैरव मंदिर, सेक्टर आर 3, Chinchpada, करंजाडे, Panvel, Mumbai, Vadghar, Maharashtra 410206, India",,Panvel,Panvel,Maharashtra,410206,,,,"astrologer, point_of_interest, establishment",18.985602999999998,73.0921919,localisy024801,ChIJq4wFrmHp5zsRbQzpQDDpAcU,photos\localisy09453_1.jpg,,,,,Religious & Spiritual,Astrologers,Old Panvel
astrologer - ibrahim abdullah khadri,"maryam apartments room no 402 kacchi mholla, vel, MG Rd, near masjid, kacchi mhollah, Old Panvel, Panvel, Maharashtra 410206, India",,Panvel,Panvel,Maharashtra,410206,,,,"astrologer, point_of_interest, establishment",18.9879712,73.1065648,localisy024802,ChIJrwaF9gXp5zsR8QJDqJXsQ9A,,,,,,Religious & Spiritual,Astrologers,Old Panvel
Girish Patil Astrology,"Plot No. 124, 125, Sector-9, New Panvel East, Panvel, Maharashtra 410206, India",,Panvel,Panvel,Maharashtra,410206,,,,"astrologer, point_of_interest, establishment",19.0022514,73.1238282,localisy024803,ChIJcUbNbwDp5zsRA5Hob0QKQ1o,,,,,,Religious & Spiritual,Astrologers,Old Panvel
श्री कालभैरव ज्योतिष प्रतिष्ठान,"Shri kalbhairav mandir, karanjade, Chinchpada, Vadghar, karanjade, Vadghar, Maharashtra 410206, India",,Panvel,Panvel,Maharashtra,410206,7415987415,,,"astrologer, point_of_interest, establishment",18.9856016,73.09219259999999,localisy024804,ChIJJcjcZprp5zsRJt1rQF26bOk,photos\localisy09459_1.jpg,,,,,Religious & Spiritual,Astrologers,Old Panvel
Koleshwar smashan bhumi,"Block-1, CHINMAY GAURANG COMPLEX, Old Panvel, Panvel, Maharashtra 410206, India",,Panvel,Panvel,Maharashtra,410206,,5,1,"cemetery, point_of_interest, service, establishment",18.980722999999998,73.10837599999999,localisy024805,ChIJPRFKfQDp5zsR9k0Jq-BCzGk,,,,,,Funeral Services,Cremation Services,Old Panvel
"Smashan,Takka","X4H9+FJR, NH4, Takka Colony, Panvel, Maharashtra 410206, India",,Panvel,Panvel,Maharashtra,410206,,5,5,"point_of_interest, establishment",18.9787317,73.1190026,localisy024806,ChIJs_NqoXHo5zsRY0I-_i7YJbw,photos\localisy09495_1.jpg,,,,,Funeral Services,Cremation Services,Old Panvel
BHANGHAR SMASHAN BHUMI,"AT BHANGHAR VILLAGE POST VAJE PANVEL MATHERAN ROAD, 25FM+787, DIST, TAL PANVEL, Umroli, Maharashtra 410206, India",,Panvel,Panvel,Maharashtra,410206,,,,"point_of_interest, service, establishment",19.0231516,73.1832982,localisy024807,ChIJKXcawlTv5zsRtl8vBXUtPVs,photos\localisy09524_1.jpg,,,,,Funeral Services,Cremation Services,Old Panvel
adai smashan bhumi,"246M+F2V, Adaigaon, Adai, Maharashtra 410206, India",,Panvel,Panvel,Maharashtra,410206,,,,"point_of_interest, service, establishment",19.011238199999998,73.1325596,localisy024808,ChIJx2NqPwDp5zsRdpFYBR6f580,,,,,,Funeral Services,Cremation Services,Old Panvel
Cafe Lavista,"Shop No 10, Prajapati arcade, Sector 15A, New Panvel East, Panvel, Maharashtra 410206, India",,Panvel,Panvel,Maharashtra,410206,7021513113,4.8,117,"cafe, food, point_of_interest, establishment",18.9915003,73.12350239999999,localisy024809,ChIJT18-vWnp5zsRbjwTAT33zJk,photos\localisy09549_1.jpg,,,,,Food & Restaurants,Cafes,New Panvel
AIF Cafe & Eatery,"Shop No.19, Plot No. F-3, Sector 6, New Panvel East, Panvel, Maharashtra 410206, India",,Panvel,Panvel,Maharashtra,410206,9957532322,5,24,"cafe, food, point_of_interest, establishment",19.011516999999998,73.1161869,localisy024810,ChIJe6p7ZKzp5zsRzDMqxBgWKIw,photos\localisy09553_1.jpg,,,,,Food & Restaurants,Cafes,New Panvel
PICO CAFE,"Sector-10, New Panvel East, Panvel, Navi Mumbai, Panvel, Maharashtra 410206, India",,Panvel,Panvel,Maharashtra,410206,8425914006,4.2,160,"coffee_shop, cafe, food_store, store, food, point_of_interest, establishment",19.0017417,73.125749,localisy024811,ChIJVU1wSADp5zsRfWefyMsdYYs,photos\localisy09554_1.jpg,,,,,Food & Restaurants,Cafes,New Panvel
Cj's Chinese Hub & Cafe,"Shop-4, Sai Paradise, plot - 100, Sector-1, New Panvel East, Panvel, Maharashtra 410206, India",,Panvel,Panvel,Maharashtra,410206,9136423464,4.8,139,"restaurant, food, point_of_interest, establishment",18.9993127,73.1179442,localisy024812,ChIJ786ABMXp5zsRx7Mk1TPpwJE,photos\localisy09558_1.jpg,,,,,Food & Restaurants,Cafes,New Panvel
Engineer Da Cafe,"Shop No 14, Hari Madhur Milan Building, near Dmart, Sector 5, New Panvel East, Panvel, Maharashtra 410206, India",,Panvel,Panvel,Maharashtra,410206,,5,48,"cafe, food, point_of_interest, establishment",19.0039359,73.1166092,localisy024813,ChIJqSw8ToHp5zsRxfr2aqCZ99M,photos\localisy09560_1.jpg,,,,,Food & Restaurants,Cafes,New Panvel
NJ Cafe,"SHOP NO.6 , Shri niketan CHS building, sector-1 , khanda colony, opposite to Mahatma School, Sector - 1, New Panvel East, W, Panvel, Maharashtra 410206, India",,Panvel,Panvel,Maharashtra,410206,,4.3,19,"cafe, food, point_of_interest, establishment",19.008146999999997,73.1092812,localisy024814,ChIJGWTmyDzp5zsR4BBdym2N_SU,photos\localisy09561_1.jpg,,,,,Food & Restaurants,Cafes,New Panvel
Cafe 3D,"Unnamed Road, Triveni Society, Sector 16, New Panvel East, Panvel, Maharashtra 410206, India",,Panvel,Panvel,Maharashtra,410206,8689889113,4.3,1214,"fast_food_restaurant, cafe, food_store, store, restaurant, food, point_of_interest, establishment",18.9904697,73.1268879,localisy024815,ChIJj2hB42bo5zsREdyB0yjv3ZQ,photos\localisy09564_1.jpg,,,,,Food & Restaurants,Cafes,New Panvel
Star Cafe,"Shop No.18, Matruchaya CHS, CKT Collage Road, 410206, New Panvel (W, Sector - 13, Khanda Colony, Panvel, Maharashtra 410206, India",,Panvel,Panvel,Maharashtra,410206,8097935687,4.8,118,"cafe, food, point_of_interest, establishment",19.003719399999998,73.1115803,localisy024816,ChIJ_QxRCOfp5zsRwe3HfcdTJMM,photos\localisy09565_1.jpg,,,,,Food & Restaurants,Cafes,New Panvel
CAFE 3D_Khanda Colony,"Osho Kabir CHS, Shop No-8 & 9, PLOT NO.- 88, 42, New Panvel (W, Sector 10, Khanda Colony, Panvel, Maharashtra 410206, India",,Panvel,Panvel,Maharashtra,410206,8009003799,3.9,76,"chinese_restaurant, cafe, restaurant, food, point_of_interest, service, establishment",19.005312699999998,73.1146698,localisy024817,ChIJNSVEnMHp5zsR5tikHVlOs8M,photos\localisy09567_1.jpg,,,,,Food & Restaurants,Cafes,New Panvel
Hotel Arya Nivas Pure vegetarian,"Plot No.34 Hari Darshan Apartment, Sector-1, New Panvel East, Panvel, Maharashtra 410206, India",,Panvel,Panvel,Maharashtra,410206,7666698686,4.4,464,"south_indian_restaurant, indian_restaurant, restaurant, food, point_of_interest, establishment",18.998565799999998,73.11846299999999,localisy024818,ChIJg7bfQv_p5zsR1qfUe5c1xqA,photos\localisy09568_1.jpg,,,,,Food & Restaurants,Cafes,New Panvel
CAFE GARAGE,"shop no 1, SAI SITARA BUILDING, near Mumbai - Pune Expressway, Sector 6, New Panvel East, Panvel, Maharashtra 410206, India",,Panvel,Panvel,Maharashtra,410206,9987384805,4.8,25,"cafe, car_repair, service, food, point_of_interest, establishment",19.011319099999998,73.1178571,localisy024819,ChIJW4lyNHbp5zsRoPgqkn9cI5Q,photos\localisy09571_1.jpg,,,,,Food & Restaurants,Cafes,New Panvel
Cafe Creme,"Shop No 8, Plot No 2, New, Sector - 1, Khanda Colony, Panvel, Maharashtra 410206, India",,Panvel,Panvel,Maharashtra,410206,7977005599,4,495,"coffee_shop, cafe, food_store, food, store, point_of_interest, establishment",19.0080255,73.1093441,localisy024820,ChIJx9i4EC7o5zsRNhkRU9AAjEU,photos\localisy09572_1.jpg,,,,,Food & Restaurants,Cafes,New Panvel
Aduppu,"Indudharam, Shop no. 1, 2 & 3, Plot no. 6, Sector 4, New Panvel East, PanvelNavi, Mumbai, Panvel, Maharashtra 410206, India",,Panvel,Panvel,Maharashtra,410206,,4.2,183,"south_indian_restaurant, indian_restaurant, restaurant, food, point_of_interest, establishment",19.0018399,73.1176021,localisy024821,ChIJI_tkfQDp5zsRPuGYjMZuJRs,photos\localisy09575_1.jpg,,,,,Food & Restaurants,Cafes,New Panvel
Brewlogist café,"Orion mall, second floor, food court, bus depot, near Panvel, Forest Colony, Panvel, Maharashtra 410206, India",,Panvel,Panvel,Maharashtra,410206,8898704274,4.6,43,"coffee_shop, cafe, food_store, food, store, point_of_interest, establishment",18.9932642,73.1156281,localisy024822,ChIJHzAWnf7p5zsRdq2SfVbsuQw,photos\localisy09577_1.jpg,,,,,Food & Restaurants,Cafes,New Panvel
Cafe Nine,"Ckt College Rd, Sector 11, Khanda Colony, Panvel, Maharashtra 410206, India",,Panvel,Panvel,Maharashtra,410206,8879235797,3.8,513,"coffee_shop, vegetarian_restaurant, cafe, restaurant, food_store, food, store, point_of_interest, establishment",19.0015859,73.1116576,localisy024823,ChIJV9r3_Ufo5zsRQ6R-e5Mjijk,photos\localisy09580_1.jpg,,,,,Food & Restaurants,Cafes,New Panvel
Zorko-Brand of food lovers,"Plot No. 140, near D Mart Road, opposite Dominos/Pizza Hut, Sector 1-S, New Panvel East, Panvel, Maharashtra 410206, India",,Panvel,Panvel,Maharashtra,410206,9702555045,3.9,100,"cafe, food, point_of_interest, establishment",19.0028832,73.11660530000002,localisy024824,ChIJnX0-JQDp5zsR9QTenL9nu5Y,photos\localisy09583_1.jpg,,,,,Food & Restaurants,Cafes,New Panvel
Shormo's,"Shop No-15, Sector 5, New Panvel East, Panvel, Maharashtra 410206, India",,Panvel,Panvel,Maharashtra,410206,9702346567,4.8,738,"fast_food_restaurant, restaurant, food, point_of_interest, establishment",19.0040528,73.116699,localisy024825,ChIJJVaxzyvp5zsRqLyXWm9dlBs,photos\localisy09584_1.jpg,,,,,Food & Restaurants,Cafes,New Panvel
Navin Panvel Famous Misal,"Manse ground, college, nearby Shantiniketan Polytechnic, Sector 2, New Panvel East, Panvel, Maharashtra 410206, India",,Panvel,Panvel,Maharashtra,410206,9321785643,5,65,"restaurant, food, point_of_interest, establishment",19.000127000000003,73.1212546,localisy024826,ChIJT3r-F3rp5zsRE047PWkNQUQ,photos\localisy09586_1.jpg,,,,,Food & Restaurants,Cafes,New Panvel
RR Enterprises,"Shop No 1, ROW, HOUSE NO 30, near NEEL CLINIC, Sector-1, New Panvel East, Panvel, Maharashtra 410206, India",,Panvel,Panvel,Maharashtra,410206,7666698686,4.6,68,"south_indian_restaurant, indian_restaurant, restaurant, food, point_of_interest, establishment",18.9985121,73.1184907,localisy024827,ChIJveZWZ9rp5zsREditXoMHXH0,photos\localisy09590_1.jpg,,,,,Food & Restaurants,Cafes,New Panvel
LAKSHAYA'S DOSA CAFE,"Shop no- 40, RIDDHI SIDDHI RESIDENCY, Plot no- 53 & 53A, behind Shiv Collection, Sector 3, New Panvel East, Panvel, Maharashtra 410206, India",,Panvel,Panvel,Maharashtra,410206,8451836620,4.5,16,"fast_food_restaurant, restaurant, food, point_of_interest, establishment",19.0028501,73.1208984,localisy024828,ChIJ4yVzBn_p5zsRBXwiGMgJM2E,photos\localisy09591_1.jpg,,,,,Food & Restaurants,Cafes,New Panvel
Tcc-Cafe,"242G+M8C, Sector-10, New Panvel East, Panvel, Navi Mumbai, Panvel, Maharashtra 410206, India",,Panvel,Panvel,Maharashtra,410206,9136748368,5,6,"fast_food_restaurant, restaurant, food, point_of_interest, establishment",19.0016909,73.12576880000002,localisy024829,ChIJz-UoXgDp5zsRjATljfAu1yc,photos\localisy09593_1.jpg,,,,,Food & Restaurants,Cafes,New Panvel
Naadbramha idli New Panvel,"shop no 10 sec15A, Sai Arcade, Railway Station, Sector 15A, New Panvel East, Panvel, Maharashtra 410206, India",,Panvel,Panvel,Maharashtra,410206,8779041542,3.7,46,"south_indian_restaurant, indian_restaurant, restaurant, food, point_of_interest, establishment",18.9910523,73.1243035,localisy024830,ChIJmYgMUvbp5zsRVhUHt7TkF7o,photos\localisy09595_1.jpg,,,,,Food & Restaurants,Cafes,New Panvel
Laxmi Veg Restaurant Panvel,"Shop no. 15, Shubham Complex, 16/105&106, near Ganesh Market, Sector 11, New Panvel East, Panvel, Maharashtra 410206, India",,Panvel,Panvel,Maharashtra,410206,8976505103,4.1,627,"vegetarian_restaurant, restaurant, food, point_of_interest, establishment",18.998465,73.1230673,localisy024831,ChIJ44BeCNLp5zsRV382d19FREY,photos\localisy09596_1.jpg,,,,,Food & Restaurants,Cafes,New Panvel
Hotel Aangan Family Garden Restaurant & Bar,"Near Cidco Garden, Adai Circle, Matheran Road, Pali Devad , New Panvel , Navi Mumbai., Sector-10, Guru Tegh Bahadur Nagar, Panvel, Palidevad, Maharashtra 410206, India",,Panvel,Panvel,Maharashtra,410206,8425842929,3.9,4613,"family_restaurant, bar_and_grill, chicken_restaurant, pakistani_restaurant, vegetarian_restaurant, bar, seafood_restaurant, chinese_restaurant, north_indian_restaurant, indian_restaurant, restaurant, food, point_of_interest, establishment",18.999563700000003,73.12769690000002,localisy024832,ChIJE9_f9Fvo5zsRjHLS8cddaJQ,photos\localisy09598_1.jpg,,,,,Food & Restaurants,Cafes,New Panvel
Bombay Burger's newpanvel,"PLOT NO.- 88, 14, Rd Number 18, Sector-1, New Panvel East, Panvel, Maharashtra 410206, India",,Panvel,Panvel,Maharashtra,410206,8591085823,4.3,96,"hamburger_restaurant, american_restaurant, restaurant, food, point_of_interest, establishment",18.9989725,73.1218414,localisy024833,ChIJJxxd2vDp5zsRaDcVYRWzMh8,photos\localisy09600_1.jpg,,,,,Food & Restaurants,Cafes,New Panvel
Quality Momos & More Restaurant Cafe,"Bulding , Shop No 3, Neel Plaza, Dwarka Sweet, Plot no 45, beside SBI Bank ATM, Sector 3, New Panvel East, Panvel, Maharashtra 410206, India",,Panvel,Panvel,Maharashtra,410206,,4.2,95,"restaurant, food, point_of_interest, establishment",19.0012889,73.1207974,localisy024834,ChIJcaiwvDDp5zsRGFrPZGDaLRY,photos\localisy09602_1.jpg,,,,,Food & Restaurants,Cafes,New Panvel
"Sagar khanawal, New Panvel ( Nanachi khanawal)","Shop no. 24 , A, type janata market, Sector 13, New Panvel East, Panvel, Maharashtra 410206, India",,Panvel,Panvel,Maharashtra,410206,9022294447,4.8,116,"indian_restaurant, restaurant, food, point_of_interest, establishment",18.9961484,73.1259954,localisy024835,ChIJbQspEGPp5zsR4fY3c1u5lGg,photos\localisy09605_1.jpg,,,,,Food & Restaurants,Cafes,New Panvel
Shubh Sagar Restaurant,"Shop No 12,13,14 & 15, Neel Vardhman, Sector-05, behind D Mart Road, Sector 5, New Panvel East, Panvel, District-Raigarh, Navi Mumbai, Maharashtra 410206, India",,Panvel,Panvel,Maharashtra,410206,7710017604,4.1,1298,"banquet_hall, pakistani_restaurant, vegetarian_restaurant, family_restaurant, north_indian_restaurant, indian_restaurant, fast_food_restaurant, event_venue, restaurant, food, point_of_interest, establishment",19.0049971,73.1173701,localisy024836,ChIJveDAgXXp5zsRFrcnxlxALq8,photos\localisy09606_1.jpg,,,,,Food & Restaurants,Cafes,New Panvel
PORTA VIA,"Shop no 8, Harimadhur Milan CHS, Plot No. 41, near D-Mart, Sector 5, New Panvel East, Panvel, Maharashtra 410206, India",,Panvel,Panvel,Maharashtra,410206,6304058419,4.3,107,"fast_food_restaurant, restaurant, food, point_of_interest, establishment",19.0039867,73.1170827,localisy024837,ChIJjy_Y-V_p5zsR7Qu__Ec70Qs,photos\localisy09608_1.jpg,,,,,Food & Restaurants,Cafes,New Panvel
U2 Burger New panvel,"Shop No 10, Prajapati arcade, Sector 15A, New Panvel East, Panvel, Maharashtra 410206, India",,Panvel,Panvel,Maharashtra,410206,7021513113,4.4,37,"fast_food_restaurant, restaurant, point_of_interest, food, establishment",18.9914794,73.123545,localisy024838,ChIJ64t_54zp5zsR3qBpdGa08XQ,photos\localisy09613_1.jpg,,,,,Food & Restaurants,Fast Food,New Panvel
Khubz Shawarma,"Shop Number 2 Priya Appartment A Wing, Plot No 46&47, Sector 4, New Panvel, near Mazidh, Sector 4, New Panvel East, Panvel, Maharashtra 410206, India",,Panvel,Panvel,Maharashtra,410206,9619749225,3.9,493,"shawarma_restaurant, food_court, middle_eastern_restaurant, restaurant, point_of_interest, food, establishment",19.0028246,73.11700379999999,localisy024839,ChIJRSY_CUbo5zsRnexCRHnNBNc,photos\localisy09618_1.jpg,,,,,Food & Restaurants,Fast Food,New Panvel
NamNac fast food,"Shop no 22, ground floor, charishma corner, Takka Rd, Forest Colony, Panvel, Maharashtra 410206, India",,Panvel,Panvel,Maharashtra,410206,8976084083,4.6,22,"fast_food_restaurant, restaurant, point_of_interest, food, establishment",18.9881173,73.1194672,localisy024840,ChIJ5UC8X4jp5zsRpV60lylyW5Y,photos\localisy09620_1.jpg,,,,,Food & Restaurants,Fast Food,New Panvel
Gupta Sandwich,"2438+6J7, Sector 4, New Panvel East, Panvel, Maharashtra 410206, India",,Panvel,Panvel,Maharashtra,410206,9321058355,4,174,"fast_food_restaurant, restaurant, point_of_interest, food, establishment",19.002919,73.1165675,localisy024841,ChIJCWrQOnLp5zsRZBULZU5FaUw,photos\localisy09621_1.jpg,,,,,Food & Restaurants,Fast Food,New Panvel
Grill 6,"Shop No.12, Ashapura Sadan, Sector 9, Khanda Colony, Sector 9, New Panvel East, Panvel, Maharashtra 410206, India",,Panvel,Panvel,Maharashtra,410206,8104736611,4.8,80,"fast_food_restaurant, restaurant, point_of_interest, food, establishment",19.007749,73.1133491,localisy024842,ChIJNf-O1M3p5zsRJ4Gpl9nM4ag,photos\localisy09622_1.jpg,,,,,Food & Restaurants,Fast Food,New Panvel
CRAVE CORNER,"Shop No 1, near Mansarovar Station Road, Panvel, Maharashtra 410206, India",,Panvel,Panvel,Maharashtra,410206,8928202983,4.9,8,"fast_food_restaurant, restaurant, point_of_interest, food, establishment",19.0156091,73.0829904,localisy024843,ChIJo0v3rLzD5zsRuHymcC4rDiM,photos\localisy09624_1.jpg,,,,,Food & Restaurants,Fast Food,New Panvel
Oho Shawarma New Panvel,"Shop No. 10, near D Mart, Sector 5, New Panvel East, Panvel, Maharashtra 410206, India",,Panvel,Panvel,Maharashtra,410206,7897891179,4.3,779,"shawarma_restaurant, fast_food_restaurant, middle_eastern_restaurant, restaurant, point_of_interest, food, establishment",19.0040528,73.116699,localisy024844,ChIJvSCQl2Xp5zsRRmBVyXPy8xg,photos\localisy09631_1.jpg,,,,,Food & Restaurants,Fast Food,New Panvel
Swaro Bites,"Swaro Bites, Vijay Rd, opposite Shreeyash Maternity Hospital, Sector 19, New Panvel East, Panvel, Maharashtra 410206, India",,Panvel,Panvel,Maharashtra,410206,9967460482,4.2,128,"fast_food_restaurant, restaurant, point_of_interest, food, establishment",18.9952017,73.1196339,localisy024845,ChIJ60lgZ2Dp5zsRVRg6Tg0IBcY,photos\localisy09632_1.jpg,,,,,Food & Restaurants,Fast Food,New Panvel
Anna pav bhaji,"Shop no 14 Siddhivinayak Mahima, New Panvel CHS, Chatrapati Sambhaji Maharaj Chowk, opposite fire bridge, Panchshil Nagar, New Panvel East, Panvel, Maharashtra 410206, India",,Panvel,Panvel,Maharashtra,410206,9137903152,4.1,265,"fast_food_restaurant, restaurant, point_of_interest, food, establishment",18.9948098,73.1255944,localisy024846,ChIJ4S-0UULo5zsRxzMRyPPS5QM,photos\localisy09634_1.jpg,,,,,Food & Restaurants,Fast Food,New Panvel
Bhaijaans Shawarma,"Plot No.41 400206, Vijay Rd, Sector 5, New Panvel East, Panvel, Maharashtra 410206, India",,Panvel,Panvel,Maharashtra,410206,9594245523,4.3,714,"shawarma_restaurant, middle_eastern_restaurant, restaurant, point_of_interest, food, establishment",19.003960499999998,73.1166688,localisy024847,ChIJKU7gAkbo5zsRZiF8-ucA-rA,photos\localisy09635_1.jpg,,,,,Food & Restaurants,Fast Food,New Panvel
Boba Magic,"Shop No 16, Hari Madhur, Milan Co-op Housing Society, Sector 5, New Panvel East, Panvel, Maharashtra 410206, India",,Panvel,Panvel,Maharashtra,410206,,4.7,43,"fast_food_restaurant, restaurant, point_of_interest, food, establishment",19.0040832,73.1165686,localisy024848,ChIJdbjgemPp5zsR66r-ZVryt60,photos\localisy09642_1.jpg,,,,,Food & Restaurants,Fast Food,New Panvel
Jalaram fast food,"X4W9+7Q8, Vijay Rd, Sector 19, New Panvel East, Panvel, Maharashtra 410206, India",,Panvel,Panvel,Maharashtra,410206,9029991144,4,25,"fast_food_restaurant, restaurant, point_of_interest, food, establishment",18.9956705,73.11946139999999,localisy024849,ChIJ05oRY0Hp5zsRr-B547jN-1g,photos\localisy09645_1.jpg,,,,,Food & Restaurants,Fast Food,New Panvel
Om Sai Fast Food Center,"Shop No.22, Plot No.41, Hari Madhur Milan Building, Sector 5, New Panvel East, Panvel, Maharashtra 410206, India",,Panvel,Panvel,Maharashtra,410206,,2.6,19,"fast_food_restaurant, restaurant, point_of_interest, food, establishment",19.0040528,73.116699,localisy024850,ChIJkXVZqEjo5zsRbO2cFx20xUE,photos\localisy09646_1.jpg,,,,,Food & Restaurants,Fast Food,New Panvel
Siamo Bistro,"SHOP NO-11, SECTOR NO-10, Besides Croma, PRAJAPATI ORNATE, PLOT NO-191 TO 197-199 TO 206, Sector-10, New Panvel East, Panvel, Maharashtra 410206, India",,Panvel,Panvel,Maharashtra,410206,8433886899,4.6,434,"restaurant, point_of_interest, food, establishment",19.0022321,73.1255134,localisy024851,ChIJqTjC3Nrp5zsRkvqslHJdlzA,photos\localisy09648_1.jpg,,,,,Food & Restaurants,Fast Food,New Panvel
"Kolkata rolls, New Panvel","Shop no 16, Sai Arcade, Sector 15A, New Panvel East, Panvel, Maharashtra 410206, India",,Panvel,Panvel,Maharashtra,410206,9920973803,3.9,106,"restaurant, food, point_of_interest, establishment",18.9909647,73.1242034,localisy024852,ChIJ7RvuKn3p5zsRo4f1z4yXb-s,photos\localisy09649_1.jpg,,,,,Food & Restaurants,Fast Food,New Panvel
Wow! Momo,"Shop No 10, Kalpataru Arcade CHS. Ltd., Vijay Rd, Sector 4, New Panvel East, Panvel, Maharashtra 410206, India",,Panvel,Panvel,Maharashtra,410206,9147764767,4.2,32,"meal_delivery, food_delivery, chinese_restaurant, indian_restaurant, fast_food_restaurant, restaurant, food, point_of_interest, establishment",19.0024494,73.1171475,localisy024853,ChIJVbjGYojp5zsRnDEwZzWJhh0,photos\localisy09651_1.jpg,,,,,Food & Restaurants,Fast Food,New Panvel
Banthia Dairy Farms New Panvel,"Shop No.8, RIDDHI SIDDHI RESIDENCY, Sector 3, New Panvel East, Panvel, Maharashtra 410206, India",,Panvel,Panvel,Maharashtra,410206,,4.3,32,"food_store, store, food, point_of_interest, establishment",19.0027117,73.12087609999999,localisy024854,ChIJW6i1TADp5zsRt-G7ehVyGiY,photos\localisy09654_1.jpg,,,,,Food & Restaurants,Fast Food,New Panvel
Taste Maker Fast Food Center,"Shop no 10 cidco commerial complex, plot no 9, 11, Sector-1, New Panvel East, Panvel, Mumbai, Panvel, Maharashtra 410206, India",,Panvel,Panvel,Maharashtra,410206,9819131733,3.9,460,"chinese_restaurant, fast_food_restaurant, restaurant, food, point_of_interest, establishment",18.9983997,73.1226549,localisy024855,ChIJcVbelUTo5zsRNKC-S0pE0qg,photos\localisy09657_1.jpg,,,,,Food & Restaurants,Fast Food,New Panvel
Rowdy Momos,"Shop No.2, Riddhi Siddhi CHS, Vijay Rd, opp. Shabari Hotel, Sector 3, New Panvel East, Panvel, Maharashtra 410206, India",,Panvel,Panvel,Maharashtra,410206,9324565764,4.4,124,"fast_food_restaurant, restaurant, food, point_of_interest, establishment",19.0005752,73.1178216,localisy024856,ChIJm2AdUDnp5zsR1zaD-1A3F5E,photos\localisy09658_1.jpg,,,,,Food & Restaurants,Fast Food,New Panvel
Nukkad Snacks Hub,"Shop no 49, Sector 21, Takka Colony, Panvel, Maharashtra 410206, India",,Panvel,Panvel,Maharashtra,410206,7066636622,4.4,41,"restaurant, food, point_of_interest, establishment",18.979756599999998,73.1167141,localisy024857,ChIJP2_zFIXp5zsRwTV0Hts5h9k,photos\localisy09660_1.jpg,,,,,Food & Restaurants,Fast Food,New Panvel
Shawarma Town,"Priya Apartment, Shop No. 4A, Sector 04, Plot No. 46/47, Sector-9, New Panvel East, Panvel, Mumbai, Panvel, Maharashtra 410206, India",,Panvel,Panvel,Maharashtra,410206,9167031324,3.6,36,"fast_food_restaurant, restaurant, food, point_of_interest, establishment",19.001077,73.12241159999999,localisy024858,ChIJ_zQ0vVHD5zsR2n27PGPhBPU,photos\localisy09663_1.jpg,,,,,Food & Restaurants,Fast Food,New Panvel
Squee & Spoon Capybara,"House no 505 Jitekar compound near Rajiv Gandhi maidan Bhagatwadi, Adai circle, Yamuna Kunj, Sector-10, New Panvel East, Panvel, Palidevad, Maharashtra 410206, India",,Panvel,Panvel,Maharashtra,410206,9082528341,4.2,361,"fine_dining_restaurant, restaurant, food, point_of_interest, establishment",19.001144,73.1287914,localisy024859,ChIJzUN-ap7p5zsRh3SRRjN_f6w,photos\localisy09665_1.jpg,,,,,Food & Restaurants,Fast Food,New Panvel
Behrouz Biryani New Panvel,"Plot 53, Rd Number 3, Sector-1, New Panvel East, Panvel, Maharashtra 410206, India",,Panvel,Panvel,Maharashtra,410206,7700050050,2.8,52,"north_indian_restaurant, indian_restaurant, restaurant, food, point_of_interest, establishment",18.997490199999998,73.1175525,localisy024860,ChIJucF1wfHp5zsRaTjnzlgJR04,photos\localisy09666_1.jpg,,,,,Food & Restaurants,Fast Food,New Panvel
Zeniz The Cake Shop,"Shop No. 2, Neel Presidency, MTNL Rd, MCCH Society, Panvel, Maharashtra 410206, India",,Panvel,Panvel,Maharashtra,410206,9769396268,4.8,77,"cake_shop, pastry_shop, dessert_shop, bakery, confectionery, manufacturer, food_store, wholesaler, store, point_of_interest, food, establishment",18.9861654,73.1128083,localisy024861,ChIJgauwEqfp5zsR-s-m4J5TUmw,photos\localisy09675_1.jpg,,,,,Food & Restaurants,Bakeries,New Panvel
Zeniz The Cake Shop,"Shop no 8, Prajapati cascade, Plot no : 07, Road no :18, Sector :1, Sector 11, New Panvel East, Panvel, Maharashtra 410206, India",,Panvel,Panvel,Maharashtra,410206,9769196268,4.8,296,"bakery, cake_shop, pastry_shop, dessert_shop, confectionery, manufacturer, food_store, wholesaler, store, point_of_interest, food, establishment",18.998867699999998,73.1221061,localisy024862,ChIJlUPLUKbp5zsRC2yuu8fq_Ww,photos\localisy09677_1.jpg,,,,,Food & Restaurants,Bakeries,New Panvel
Zeniz The Cake Shop,"Labh Aspire chs, shop no :5, sector :4, plot no: 162, Karanjade, Panvel, Karanjade, Maharashtra 410206, India",,Panvel,Panvel,Maharashtra,410206,9987796268,4.9,165,"bakery, cake_shop, dessert_shop, confectionery, manufacturer, food_store, home_goods_store, wholesaler, store, point_of_interest, food, establishment",18.9761757,73.1026196,localisy024863,ChIJpU4JL_np5zsR0NyeKNJNINY,photos\localisy09680_1.jpg,,,,,Food & Restaurants,Bakeries,New Panvel
The Cake Creation,"Shop No 1, Matheran Rd, new panvel east, Chiple, Maharashtra 410206, India",,Panvel,Panvel,Maharashtra,410206,9702680535,5,116,"bakery, cake_shop, manufacturer, food_store, wholesaler, store, point_of_interest, food, establishment",19.0052554,73.1514097,localisy024864,ChIJ__zPJCXp5zsRipQe-ivNdk8,photos\localisy09684_1.jpg,,,,,Food & Restaurants,Bakeries,New Panvel
CAKE FACTORY,"Shop No.1, Riddhi Siddhi CHS, Vijay Rd, opp. Shabari Hotel, Sector 3, New Panvel East, Panvel, Maharashtra 410206, India",,Panvel,Panvel,Maharashtra,410206,,4.7,9,"bakery, food_store, store, point_of_interest, food, establishment",19.000765599999998,73.1177562,localisy024865,ChIJ4bsTL0To5zsRvjsyxtANBo4,photos\localisy09685_1.jpg,,,,,Food & Restaurants,Bakeries,New Panvel
Dessert Place In Town,"Shop-52, Satya Sai Plaza, Sector 11, New Panvel East, Panvel, Maharashtra 410206, India",,Panvel,Panvel,Maharashtra,410206,,4.9,8,"bakery, food_store, store, point_of_interest, food, establishment",18.99919,73.12306389999999,localisy024866,ChIJZQp-WJLp5zsRjoeNLn_stPA,photos\localisy09688_1.jpg,,,,,Food & Restaurants,Bakeries,New Panvel
"The cake,s gallery","Stall 1, Sector, Cosmo society F type, Plot 91, Sector 7, New Panvel East, Panvel, Navi Mumbai, Panvel, Maharashtra 410206, India",,Panvel,Panvel,Maharashtra,410206,7764080223,5,2,"bakery, food_store, store, food, point_of_interest, establishment",19.008530399999998,73.1199893,localisy024867,ChIJi1Z0TL3p5zsR34L6ZltoMqs,photos\localisy09690_1.jpg,,,,,Food & Restaurants,Bakeries,New Panvel
BAKEHOUSE 24 BY Sakshi Srivastava,"P-6, Sector 16, New Panvel East, Panvel, Navi Mumbai, Panvel, Maharashtra 410206, India",,Panvel,Panvel,Maharashtra,410206,8850963844,5,2,"bakery, food_store, store, food, point_of_interest, establishment",18.989867999999998,73.1250462,localisy024868,ChIJvTpcQYrp5zsRz7MMlFCyOEY,photos\localisy09691_1.jpg,,,,,Food & Restaurants,Bakeries,New Panvel
The Cake Word,"Sukapur, New Panvel East, Palidevad, Maharashtra 410206, India",,Panvel,Panvel,Maharashtra,410206,7400495353,4.8,126,"cake_shop, bakery, wholesaler, manufacturer, food_store, store, food, point_of_interest, establishment",19.0004871,73.131862,localisy024869,ChIJt09hOwDp5zsR4AHwuoKaALI,photos\localisy09696_1.jpg,,,,,Food & Restaurants,Bakeries,New Panvel
Bakeberry,"Panvel Matheran Rd, Sukapur, New Panvel East, Akurli, Navi Mumbai, Maharashtra 410206, India",,Panvel,Panvel,Maharashtra,410206,8449511355,5,7,"bakery, food_store, store, food, point_of_interest, establishment",19.002813800000002,73.1335088,localisy024870,ChIJcTpTNSjp5zsRFMhxcyRrl2o,photos\localisy09697_1.jpg,,,,,Food & Restaurants,Bakeries,New Panvel
Aarush Enterprises,"Shop No 23, Hari Madhur Milan, Plot No 41 Sector 05, near DMart, Sector 5, New Panvel East, Panvel, Mumbai, Panvel, Maharashtra 410206, India",,Panvel,Panvel,Maharashtra,410206,9892373180,5,5,"bakery, food_store, store, food, point_of_interest, establishment",19.0043565,73.1165979,localisy024871,ChIJYavWPRrp5zsREdJKZVOSNz8,photos\localisy09698_1.jpg,,,,,Food & Restaurants,Bakeries,New Panvel
Monginis cake shop,"BLOCK-2, Janardhan Bhagat Marg, सेक्टर 15A, न्यू पनवेल ईस्ट, पनवेल, महाराष्ट्र 410206, India",,Panvel,Panvel,Maharashtra,410206,,4.4,206,"cake_shop, bakery, wholesaler, manufacturer, food_store, store, food, point_of_interest, establishment",18.991799699999998,73.1231409,localisy024872,ChIJmWdqlWXp5zsRICGAs21AvzU,photos\localisy09706_1.jpg,,,,,Food & Restaurants,Bakeries,New Panvel
Cosmos cake and desserts,"shop no 2, Amardham road, near vadale lake, Aashiyana Society, HOC Colony, Panvel, Maharashtra 410206, India",,Panvel,Panvel,Maharashtra,410206,9082554472,4.8,15,"bakery, food_store, store, food, point_of_interest, establishment",18.9961895,73.11105839999999,localisy024873,ChIJO_4ULADp5zsRbkGY9EWitkI,photos\localisy09708_1.jpg,,,,,Food & Restaurants,Bakeries,New Panvel
Seiyo's Cheesecake House,"Shop no - 13, Jayjaywanti Co. op Housing Society Ltd, Plot No.8, Sector 15A, New Panvel East, Panvel, Maharashtra 410206, India",,Panvel,Panvel,Maharashtra,410206,,4.9,150,"cafe, food, point_of_interest, establishment",18.992513499999998,73.1252731,localisy024874,ChIJC9Kj6u3p5zsRlo4UF468gk4,photos\localisy09709_1.jpg,,,,,Food & Restaurants,Bakeries,New Panvel
The Cakerie House,"New Panvel (East, Sec:-15 A, Plot no :-18, Vichumbe Rd, opp. Panvel Railway Station, Sector 15A, New Panvel East, Panvel, Maharashtra 410206, India",,Panvel,Panvel,Maharashtra,410206,8108132470,4.9,49,"cake_shop, bakery, wholesaler, manufacturer, food_store, store, food, point_of_interest, establishment",18.990681199999997,73.12462959999999,localisy024875,ChIJN3qmpS7p5zsRegKrxuAneyY,photos\localisy09711_1.jpg,,,,,Food & Restaurants,Bakeries,New Panvel
HEAVEN IN A BITE,"Shop No 1, PRAJAPATI ORNATE, G 1, near CROMA, Sector-10, New Panvel East, Panvel, Navi Mumbai, Panvel, Maharashtra 410206, India",,Panvel,Panvel,Maharashtra,410206,7045618899,5,5,"cake_shop, bakery, wholesaler, manufacturer, food_store, store, food, point_of_interest, establishment",19.0002647,73.12011,localisy024876,ChIJs_AZN4_p5zsRjqcFEFDF0kE,,,,,,Food & Restaurants,Bakeries,New Panvel
Shree Cake Shop new Panvel (AppA),"104/10, Sector 13, New Panvel East, Panvel, Maharashtra 410206, India",,Panvel,Panvel,Maharashtra,410206,9768251907,4.4,8,"cake_shop, bakery, wholesaler, manufacturer, food_store, store, food, point_of_interest, establishment",18.997114099999997,73.1273647,localisy024877,ChIJCfeVFpvp5zsRCZHGdPP1xDI,photos\localisy09714_1.jpg,,,,,Food & Restaurants,Bakeries,New Panvel
The 3D Cake Shop,"Janardhan Bhagat Marg, Sector 15A, New Panvel East, Panvel, Maharashtra 410206, India",,Panvel,Panvel,Maharashtra,410206,8779001509,5,23,"cake_shop, bakery, wholesaler, manufacturer, food_store, store, food, point_of_interest, establishment",18.9926151,73.1255015,localisy024878,ChIJ2V4fqk7p5zsR8phiaFhiSYs,photos\localisy09718_1.jpg,,,,,Food & Restaurants,Bakeries,New Panvel
The Cake And Cream Factory,"Sector 3, New Panvel East, Panvel, Navi Mumbai, Panvel, Maharashtra 410206, India",,Panvel,Panvel,Maharashtra,410206,9004264442,3.7,23,"bakery, food_store, store, food, point_of_interest, establishment",19.000728799999997,73.1177548,localisy024879,ChIJk9on40To5zsRbdL3YqzZQWk,photos\localisy09719_1.jpg,,,,,Food & Restaurants,Bakeries,New Panvel
A little_slice_of_art Homemade cakes and chocolates,"Rd Number 3, Sector-10, New Panvel East, Panvel, Maharashtra 410206, India",,Panvel,Panvel,Maharashtra,410206,9930161734,5,72,"cake_shop, bakery, wholesaler, manufacturer, food_store, store, food, point_of_interest, establishment",19.0004113,73.1252743,localisy024880,ChIJAegI_Hnp5zsRIFEZWwBsCaw,photos\localisy09720_1.jpg,,,,,Food & Restaurants,Bakeries,New Panvel
Darkz & Dessertz,"Sector 01, Panvel Matheran Rd, Sector 19, New Panvel East, Panvel, Maharashtra 410206, India",,Panvel,Panvel,Maharashtra,410206,9892112788,4.9,24,"bakery, food_store, store, food, point_of_interest, establishment",18.996495,73.1192398,localisy024881,ChIJ0W6hBLTH5zsRFs-fbJpIfkw,photos\localisy09722_1.jpg,,,,,Food & Restaurants,Bakeries,New Panvel
Monginis Cake Shop,"No 4, Indraprasth Complex, Plot No 1, Khanda Colony, near Kandesh Hotel, Sector 10, Greater Khanda, Panvel, Maharashtra 410206, India",,Panvel,Panvel,Maharashtra,410206,7208637172,4.6,294,"cake_shop, bakery, dessert_shop, confectionery, wholesaler, manufacturer, food_store, dessert_restaurant, store, restaurant, food, point_of_interest, establishment",19.005733499999998,73.1116098,localisy024882,ChIJYz0oD1vo5zsR8ypGguka6Qc,photos\localisy09726_1.jpg,,,,,Food & Restaurants,Bakeries,New Panvel
New India Bakery Akurli,"Flat No. 304, B-wing, Bldg. No. 06, Sakshi Park-II, Panvel Matheran Rd, near St. Andrews School, near Malewadi Bus stop, Sukapur, Panvel, Akurli, Maharashtra 410206, India",,Panvel,Panvel,Maharashtra,410206,7039327879,3.8,214,"bakery, food_store, store, food, point_of_interest, establishment",19.0015657,73.1403436,localisy024883,ChIJ_ZIBuvbo5zsRMzErXxD0Vc8,photos\localisy09728_1.jpg,,,,,Food & Restaurants,Bakeries,New Panvel
Sirvi Bandhu Mitthiwala,"Shop No -7, Tulsi Heights Building, Plot No -1, Sector 5, New Panvel East, Panvel, Mumbai, Panvel, Maharashtra 410206, India",,Panvel,Panvel,Maharashtra,410206,9324774311,4.4,10,"candy_store, confectionery, food_store, store, food, point_of_interest, establishment",19.00558,73.11952169999999,localisy024884,ChIJM7l6bU_o5zsR8ZlVOhH8iSw,photos\localisy09740_1.jpg,,,,,Food & Restaurants,Sweet Shops,New Panvel
RuYa Sweets,"Park plaza, Kacchi Mohalla, Old Panvel, Panvel, Maharashtra 410206, India",,Panvel,Panvel,Maharashtra,410206,9699850505,5,13,"candy_store, confectionery, food_store, store, food, point_of_interest, establishment",18.988949299999998,73.1043212,localisy024885,ChIJHy06rH3p5zsRB_l9L7f0smI,photos\localisy09743_1.jpg,,,,,Food & Restaurants,Sweet Shops,New Panvel
Murali Mithai,"6, Panvel Matheran Rd, Sector 11, New Panvel East, Panvel, Maharashtra 410206, India",,Panvel,Panvel,Maharashtra,410206,,3.7,101,"candy_store, confectionery, food_store, food, store, point_of_interest, establishment",18.9994688,73.1264753,localisy024886,ChIJcfLYhlvo5zsRyHgtiGUWhS4,photos\localisy09750_1.jpg,,,,,Food & Restaurants,Sweet Shops,New Panvel
Kajari sweets & Dryfruits,"Harimal society, near dmart, Sector 5A, Sector 6, New Panvel East, Panvel, Maharashtra 410206, India",,Panvel,Panvel,Maharashtra,410206,9833284676,5,3,"confectionery, food_store, food, store, point_of_interest, establishment",19.006075,73.1162073,localisy024887,ChIJsR4cL8Pp5zsRjZDnw7tv3Hs,photos\localisy09759_1.jpg,,,,,Food & Restaurants,Sweet Shops,New Panvel
Shri Ram Kulfi,"410206, Vijay Rd, Sector 4, New Panvel East, Panvel, Maharashtra 410206, India",,Panvel,Panvel,Maharashtra,410206,9022612673,4.3,331,"ice_cream_shop, dessert_shop, confectionery, food_store, food, store, point_of_interest, establishment",19.001988900000004,73.11728289999999,localisy024888,ChIJx4_710Xo5zsRjgh2c0OFinc,photos\localisy09762_1.jpg,,,,,Food & Restaurants,Sweet Shops,New Panvel
SHREE JASWANT SWEET,"Khandeshwar NMMT, Bus Depot, Sector - 8, Khanda Colony, Panvel, Maharashtra 410206, India",,Panvel,Panvel,Maharashtra,410206,9833144744,4.5,17,"cafe, food, point_of_interest, establishment",19.0063353,73.1111229,localisy024889,ChIJva1yOzLp5zsRkTLqiMM6i0c,photos\localisy09772_1.jpg,,,,,Food & Restaurants,Sweet Shops,New Panvel
Shri Gokul Dairy,"Lakhans Heritage, Sector 5, New Panvel East, Panvel, Maharashtra 410206, India",,Panvel,Panvel,Maharashtra,410206,,4.3,167,"food_store, store, food, point_of_interest, establishment",19.0045306,73.11994659999999,localisy024890,ChIJgUStf0_o5zsRn5k-rlEHMqM,photos\localisy09781_1.jpg,,,,,Food & Restaurants,Sweet Shops,New Panvel
Swami_Delights,"symphony housing society, A 311, Sector 3, New Panvel East, Panvel, Maharashtra 410206, India",,Panvel,Panvel,Maharashtra,410206,8149660780,5,24,"chocolate_shop, candy_store, dessert_shop, confectionery, food_store, store, food, point_of_interest, establishment",19.002212999999998,73.12012299999999,localisy024891,ChIJw-17PD3p5zsRX27V7NeT1mw,photos\localisy09786_1.jpg,,,,,Food & Restaurants,Sweet Shops,New Panvel
Hotel Ustav Catering,"Shop No 1, Panchshil Nagar, New Panvel East, Panvel, Raigarh, Panvel, Maharashtra 410206, India",,Panvel,Panvel,Maharashtra,410206,9320778999,4.9,8,"fast_food_restaurant, restaurant, food, point_of_interest, establishment",18.9927965,73.12183569999999,localisy024892,ChIJ577IS0Lp5zsRPFaP4usnucM,photos\localisy09836_1.jpg,,,,,Food & Restaurants,Catering,New Panvel
RIDDHI SIDDHI CATERS BIRYANI,"Shop No 01, near by Railway station, Sector-10, Riad, Panvel, Maharashtra 410206, India",,Panvel,Panvel,Maharashtra,410206,8691861129,4.4,9,"restaurant, catering_service, food_delivery, food, point_of_interest, service, establishment",19.002872399999998,73.1236104,localisy024893,ChIJMdS1zlro5zsRCnxpuyfjG3s,photos\localisy09840_1.jpg,,,,,Food & Restaurants,Catering,New Panvel
Neetaz Kitchen - Home Made Food Delivery Service,"F-101, OMKAR BRAHMA, Society, Adaigaon, Panvel, Adai, Maharashtra 410206, India",,Panvel,Panvel,Maharashtra,410206,8169180137,4.4,25,"restaurant, point_of_interest, food, establishment",19.008863899999998,73.12698440000001,localisy024894,ChIJjxN1X7np5zsRPvKVZAmDNJ0,photos\localisy09845_1.jpg,,,,,Food & Restaurants,Catering,New Panvel
Royal Caterers,"Shop No 4, Hari Priya Chs, Sector 12, New Panvel East, Navi Mumbai, Sector 12, New Panvel East, Panvel, Thane, Panvel, Maharashtra 410206, India",,Panvel,Panvel,Maharashtra,410206,9819274392,5,2,"point_of_interest, food, establishment",18.9977262,73.1237333,localisy024895,ChIJe1FNtlzo5zsRFF-M0yXNUko,photos\localisy09852_1.jpg,,,,,Food & Restaurants,Catering,New Panvel
HAPPY FRESH JUICE CENTRE,"Shop No 02, Sector - 1, Khandeshwar, Panvel, Mumbai, Panvel, Maharashtra 410206, India",,Panvel,Panvel,Maharashtra,410206,9800390039,4.5,17,"juice_shop, food, point_of_interest, establishment",19.0082028,73.1095339,localisy024896,ChIJiYMSQbnp5zsR42OFLHcQZM4,photos\localisy09864_1.jpg,,,,,Food & Restaurants,Juice Centers,New Panvel
SaiRam Juice Centre,"Shop No 01, Khanda Colony, nearby Sani Mandir, Sector - 2, New Panvel East, Sector 08, Panvel, Maharashtra 410206, India",,Panvel,Panvel,Maharashtra,410206,,,,"tea_store, food_store, store, food, point_of_interest, establishment",19.009459,73.1094948,localisy024897,ChIJucwJIjjp5zsRRlFKmdSZdXY,,,,,,Food & Restaurants,Juice Centers,New Panvel
BARKAT FRUIT CENTRE,"Shop No 1, Khanda Colony, opp. Raigad Mini Market, Sector 9, New Panvel East, Panvel, Maharashtra 410206, India",,Panvel,Panvel,Maharashtra,410206,8250704821,3.8,4,"food_store, store, point_of_interest, food, establishment",19.007015300000003,73.1119618,localisy024898,ChIJmxW_OADp5zsRz7eS_rIzCx8,photos\localisy09910_1.jpg,,,,,Food & Restaurants,Juice Centers,New Panvel
Pandit Misal Center,"X4VF+VM8, Sector 14, New Panvel East, Panvel, Maharashtra 410206, India",,Panvel,Panvel,Maharashtra,410206,,4.3,717,"fast_food_restaurant, restaurant, point_of_interest, food, establishment",18.9946612,73.12420039999999,localisy024899,ChIJP45XT13o5zsRzpcNWA3aAtQ,photos\localisy09914_1.jpg,,,,,Food & Restaurants,Juice Centers,New Panvel
Kuhu's Veg Kitchen,"House no. 2, Suyash CHS, Plot no. B16, Sector 7, Khanda Colony, Sector 7, New Panvel East, Panvel, Maharashtra 410206, India",,Panvel,Panvel,Maharashtra,410206,9753776070,3,1,"food_store, store, food, point_of_interest, establishment",19.0113512,73.1130652,localisy024900,ChIJ5YgP01vp5zsRwIygP9Fmc-k,photos\localisy09964_1.jpg,,,,,Food & Restaurants,Tiffin Services,New Panvel
SVL South Indian Food Services,"23XH+QJG, Sector-19, Kharghar, Panvel, Maharashtra 410210, India",,Kharghar,Panvel,Maharashtra,410210,9820887873,4.9,15,"catering_service, south_indian_restaurant, indian_restaurant, food_delivery, restaurant, food, point_of_interest, service, establishment",19.0493824,73.0790586,localisy024901,ChIJYXOoFVvB5zsRvA8kMh4qeGg,photos\localisy09970_1.jpg,,,,,Food & Restaurants,Tiffin Services,New Panvel
Riyansh tasty foods,"Shop no-B1, janata bazar, A-type, Sector 13, New Panvel East, Panvel, Navi Mumbai, Panvel, Maharashtra 410206, India",,Panvel,Panvel,Maharashtra,410206,8291256213,5,11,"restaurant, food, point_of_interest, establishment",18.9960473,73.1264779,localisy024902,ChIJjzljnOLp5zsRaRQKkH9ZhiU,photos\localisy09972_1.jpg,,,,,Food & Restaurants,Tiffin Services,New Panvel
Gaya Scoops Panvel,"Gaya Scoop, Gaon Phata, opposite Adai Road, Sector 8, New Panvel East, Panvel, Adai, Navi Mumbai, Maharashtra 410206, India",,Panvel,Panvel,Maharashtra,410206,8976123907,4.9,34,"ice_cream_shop, dessert_shop, confectionery, food_store, store, point_of_interest, food, establishment",19.0059371,73.1221333,localisy024903,ChIJdTpZfC_p5zsReS8-KIqUKtI,photos\localisy09975_1.jpg,,,,,Food & Restaurants,Ice Cream Parlors,New Panvel
BHAIRUNATH ICE CREAM,"Shop No 1, SECTOR 17, near MAHARASHTRA DARBAR HOTEL, Motha Khanda, Greater Khanda, Panvel, Maharashtra 410206, India",,Panvel,Panvel,Maharashtra,410206,8112264383,4.8,4,"ice_cream_shop, dessert_shop, confectionery, food_store, store, point_of_interest, food, establishment",19.006263,73.1095613,localisy024904,ChIJ324n1VHp5zsR1hNUK82kuaY,photos\localisy09980_1.jpg,,,,,Food & Restaurants,Ice Cream Parlors,New Panvel
SRI SRI ICE-CREAM PARLOUR,"Shop No 30, National Complex, near MTNL OFFICE, Sector 6, New Panvel East, Panvel, Maharashtra 410206, India",,Panvel,Panvel,Maharashtra,410206,9421165693,5,17,"ice_cream_shop, dessert_shop, confectionery, food_store, store, point_of_interest, food, establishment",19.0080015,73.1161943,localisy024905,ChIJDcK4IWDp5zsRuXopdBp_Kqw,photos\localisy09986_1.jpg,,,,,Food & Restaurants,Ice Cream Parlors,New Panvel
AMUL,"Plot no -1, Madhu Apartment, 001/1, Sector 11, New Panvel East, Panvel, Maharashtra 410206, India",,Panvel,Panvel,Maharashtra,410206,,4.7,15,"ice_cream_shop, dessert_shop, confectionery, food_store, store, point_of_interest, food, establishment",18.999423699999998,73.1262459,localisy024906,ChIJf8ZAMWfp5zsRyatA-ExSSdc,photos\localisy09988_1.jpg,,,,,Food & Restaurants,Ice Cream Parlors,New Panvel
Garava Ice Cream And Cold Drinks General Stores,"2, Sector-10, New Panvel East, Panvel, Maharashtra 410206, India",,Panvel,Panvel,Maharashtra,410206,9769359765,4.2,5,"general_store, ice_cream_shop, dessert_shop, confectionery, food_store, store, point_of_interest, food, establishment",19.000944699999998,73.1241082,localisy024907,ChIJRwUJO1vo5zsRAAAAsESmaho,photos\localisy09994_1.jpg,,,,,Food & Restaurants,Ice Cream Parlors,New Panvel
SHREENATH DAIRY,"A type 35/1, near Kalika Mata Mandir, Cidco Colony, Sector 13, New Panvel East, Panvel, Maharashtra 410206, India",,Panvel,Panvel,Maharashtra,410206,8689923054,4.5,34,"food_store, store, point_of_interest, food, establishment",18.995193099999998,73.12606579999999,localisy024908,ChIJd_qQpgfp5zsRqcv4Vsm5SBk,photos\localisy10005_1.jpg,,,,,Food & Restaurants,Ice Cream Parlors,New Panvel
Jasroop Enterprises,"Shop No 1, Matheran Rd, Sector-10, New Panvel East, Panvel, Maharashtra 410206, India",,Panvel,Panvel,Maharashtra,410206,9833830201,4.7,21,"restaurant, point_of_interest, food, establishment",18.9994294,73.1261624,localisy024909,ChIJb_WSd_rp5zsR3JDBrxEUa8g,photos\localisy10009_1.jpg,,,,,Food & Restaurants,Ice Cream Parlors,New Panvel
Lokesh General Store,"A Type 54/1, Sector 13, New Panvel East, Panvel, Maharashtra 410206, India",,Panvel,Panvel,Maharashtra,410206,9819099731,4.1,23,"general_store, food_store, store, point_of_interest, food, establishment",18.995429299999998,73.12688659999999,localisy024910,ChIJb-5ZmF3o5zsRrQHZBISajag,photos\localisy10010_1.jpg,,,,,Food & Restaurants,Ice Cream Parlors,New Panvel
World of waffle,"Shop Number 15, Plot Number 18,, Sector 15 A, Hari Ashirwad Chs, Sector 15A, New Panvel East, Panvel, Maharashtra 410206, India",,Panvel,Panvel,Maharashtra,410206,,3.6,39,"ice_cream_shop, dessert_shop, confectionery, food_store, store, point_of_interest, food, establishment",18.990973999999998,73.124477,localisy024911,ChIJJd-uyWfo5zsR7xJ8cxMSQKs,photos\localisy10011_1.jpg,,,,,Food & Restaurants,Ice Cream Parlors,New Panvel
Shreedi Icecream,"Neel Harmony, opp. DAV Public school, Sector-9, New Panvel East, Panvel, Maharashtra 410206, India",,Panvel,Panvel,Maharashtra,410206,,5,5,"ice_cream_shop, dessert_shop, confectionery, food_store, store, point_of_interest, food, establishment",19.002652599999998,73.1220592,localisy024912,ChIJgbdGwI7p5zsRou8Z-VTRaa0,photos\localisy10013_1.jpg,,,,,Food & Restaurants,Ice Cream Parlors,New Panvel
Sadguru Icecream parlour & Milk booth,"X4RF+GFW, Sector 15A, New Panvel East, Panvel, Maharashtra 410206, India",,Panvel,Panvel,Maharashtra,410206,9773111102,2,1,"ice_cream_shop, dessert_shop, confectionery, food_store, store, food, point_of_interest, establishment",18.991363,73.12369009999999,localisy024913,ChIJoTQc1LPp5zsR9p_eEk4ToOg,,,,,,Food & Restaurants,Ice Cream Parlors,New Panvel
"99 Pancakes in Panvel - Mini Pancakes, Waffles, Cakes, Pastries & more","Shop No.8, Ground Floor, Shiv Corner Apartment, Plot No.9, Sector 15A Tal, Dist, Sector 15A, New Panvel East, Panvel, Maharashtra 410206, India",,Panvel,Panvel,Maharashtra,410206,8879039903,4.7,60,"dessert_restaurant, restaurant, food, point_of_interest, establishment",18.9927246,73.1253861,localisy024914,ChIJpePbfQ7p5zsR-FW4XqP8DLQ,photos\localisy10023_1.jpg,,,,,Food & Restaurants,Ice Cream Parlors,New Panvel
Aarti Dairy,"Hari Ashirwad CHS, Sector 15A, New Panvel East, Panvel, Maharashtra 410206, India",,Panvel,Panvel,Maharashtra,410206,8369366506,3.9,119,"food_store, store, food, point_of_interest, establishment",18.9905604,73.1247886,localisy024915,ChIJe3tmTGbo5zsRpb9JvYgloE4,photos\localisy10025_1.jpg,,,,,Food & Restaurants,Ice Cream Parlors,New Panvel
Dakshin Mart,"Riddhi Siddhi Society, Sector 3, Plot no 2, Shop 5, Sector 3, New Panvel East, Panvel, Maharashtra 410206, India",,Panvel,Panvel,Maharashtra,410206,9892125649,5,18,"supermarket, wholesaler, grocery_store, food_store, store, food, point_of_interest, establishment",19.0006952,73.1176866,localisy024916,ChIJyXGXslzp5zsReSCw8wL9a4U,photos\localisy10026_1.jpg,,,,,Food & Restaurants,Ice Cream Parlors,New Panvel
Shree Krishna Dairy,"Shop No 2, Shilp Banglow, Sector 19, New Panvel East, Panvel, Maharashtra 410206, India",,Panvel,Panvel,Maharashtra,410206,8369867102,4.2,39,"food_store, store, food, point_of_interest, establishment",18.995616,73.12125999999999,localisy024917,ChIJ2ez440Lo5zsRo-cpDYJGI3I,photos\localisy10030_1.jpg,,,,,Food & Restaurants,Ice Cream Parlors,New Panvel
Creamy Delight,"Shop No. 15, Hari Ashirwad CHS, Sector 15A, New Panvel East, Panvel, Maharashtra 410206, India",,Panvel,Panvel,Maharashtra,410206,8080010050,4.8,72,"cake_shop, bakery, wholesaler, food_store, store, manufacturer, food, point_of_interest, establishment",18.990679,73.12462169999999,localisy024918,ChIJrYFGjIfp5zsRXcUXhEHaejw,photos\localisy10034_1.jpg,,,,,Food & Restaurants,Ice Cream Parlors,New Panvel
Indo Chinese Food Hub,"Shop No.11/13, Shivam Arcade Housing Society, Plot No.176/183, Sector-10, New Panvel East, Panvel, Maharashtra 410206, India",,Panvel,Panvel,Maharashtra,410206,7021202411,4.5,101,"restaurant, food, point_of_interest, establishment",19.003329,73.1250487,localisy024919,ChIJs5AFLBbp5zsR6DLsvxyGUac,photos\localisy10037_1.jpg,,,,,Food & Restaurants,Street Food,New Panvel
Morya Chaat Corner,"Sai Sitara, Plot No.20, Sector 6, New Panvel East, Panvel, Maharashtra 410206, India",,Panvel,Panvel,Maharashtra,410206,,4.8,55,"food_court, food, point_of_interest, establishment",19.01155,73.11799370000001,localisy024920,ChIJPVKCkxfp5zsRzvN0i39jUuM,photos\localisy10039_1.jpg,,,,,Food & Restaurants,Street Food,New Panvel
Crave Station,"Panvel Railway Station, New, Station Rd, opp. Prajapati arcade, Sector 15, New Panvel East, Panvel, Maharashtra 410206, India",,Panvel,Panvel,Maharashtra,410206,,5,3,"food_court, food, point_of_interest, establishment",18.9910197,73.12076119999999,localisy024921,ChIJc7nHoGHp5zsRrAcVD3i7Gk4,photos\localisy10040_1.jpg,,,,,Food & Restaurants,Street Food,New Panvel
THE STREET KATTA,"near Gurudwara Road, Sector 6, New Panvel East, Panvel, Maharashtra 410206, India",,Panvel,Panvel,Maharashtra,410206,,5,4,"fast_food_restaurant, restaurant, food, point_of_interest, establishment",19.0059511,73.1187502,localisy024922,ChIJg7DL4t7p5zsRXepOtqG3YPk,photos\localisy10044_1.jpg,,,,,Food & Restaurants,Street Food,New Panvel
Advik Food Hub,"H.No.122, 4, Sukapur, New Panvel East, Panvel, Navi Mumbai, Palidevad, Maharashtra 410206, India",,Panvel,Panvel,Maharashtra,410206,9136696977,4.7,36,"chinese_restaurant, restaurant, food, point_of_interest, establishment",18.9999274,73.1296419,localisy024923,ChIJpdyyUJzp5zsRoVU1ujWOtsg,photos\localisy10045_1.jpg,,,,,Food & Restaurants,Street Food,New Panvel
Aai Snacks Corner,"2448+5XQ Shelke Wada, Sector 5, New Panvel East, Panvel, Maharashtra 410206, India",,Panvel,Panvel,Maharashtra,410206,9820686472,4,343,"vegetarian_restaurant, snack_bar, fast_food_restaurant, meal_takeaway, breakfast_restaurant, indian_restaurant, restaurant, food, point_of_interest, establishment",19.005661999999997,73.1173859,localisy024924,ChIJa3fwNU_o5zsRotyfBoR1kTs,photos\localisy10052_1.jpg,,,,,Food & Restaurants,Street Food,New Panvel
NAVNEET FOOD COURT,"Shop No 28 & 13, near Miraz Cinema, Sector 11, New Panvel East, Panvel, Maharashtra 410206, India",,Panvel,Panvel,Maharashtra,410206,9930337788,4.7,13,"restaurant, food, point_of_interest, establishment",18.999234599999998,73.12290329999999,localisy024925,ChIJf5MIp2jp5zsRbf4pb-T6vGI,photos\localisy10067_1.jpg,,,,,Food & Restaurants,Street Food,New Panvel
Chinese bowl,"Shop No, 08, Janardhan Bhagat Marg, Sector 14, New Panvel East, Panvel, Maharashtra 410206, India",,Panvel,Panvel,Maharashtra,410206,,3.6,42,"chinese_restaurant, restaurant, food, point_of_interest, establishment",18.9921316,73.1228345,localisy024926,ChIJ9QFvQ83p5zsRciBM_26ABX0,photos\localisy10071_1.jpg,,,,,Food & Restaurants,Street Food,New Panvel
Gouri Snacks and Nashtha Center,"X4WC+9R3, Sector 19, New Panvel East, Panvel, Maharashtra 410206, India",,Panvel,Panvel,Maharashtra,410206,9326059764,4.8,6,"restaurant, food, point_of_interest, establishment",18.9958915,73.12205829999999,localisy024927,ChIJ-yw6PRrp5zsRfLkZa8EKIIM,photos\localisy10073_1.jpg,,,,,Food & Restaurants,Street Food,New Panvel
MRS.SANDWICH & More,"opp. Zudio, Sector-10, New Panvel East, Panvel, Maharashtra 410206, India",,Panvel,Panvel,Maharashtra,410206,9619207424,5,10,"sandwich_shop, restaurant, food, point_of_interest, establishment",19.002809799999998,73.1257024,localisy024928,ChIJW6oSW0_p5zsR8o2mNNr9UmI,photos\localisy10074_1.jpg,,,,,Food & Restaurants,Street Food,New Panvel
Authentic Annapurna food corner,"shop no.5, Sai Shaan apartment, plot no.37/B, Sector 5, New Panvel East, Panvel, Maharashtra 410206, India",,Panvel,Panvel,Maharashtra,410206,9137304840,5,1,"indian_restaurant, restaurant, food, point_of_interest, establishment",19.004962,73.117995,localisy024929,ChIJaWtNZl_p5zsRZw8ANsHQ0UA,,,,,,Food & Restaurants,Street Food,New Panvel
Sanju's Chinese Centre,"Shop No. 04, Hari Madhur Milan Co-operative Housing Society, Plot No 41, Vijay Rd, beside D'mart, Sector 05, New Panvel East, Panvel, Maharashtra 410206, India",,Panvel,Panvel,Maharashtra,410206,8080502200,4.4,29,"chinese_restaurant, restaurant, food, point_of_interest, establishment",19.003771999999998,73.1166727,localisy024930,ChIJzwDSTQDp5zsR4jY07t0t4ko,photos\localisy10077_1.jpg,,,,,Food & Restaurants,Street Food,New Panvel
OMKAR SNACKS CORNER,"Sector 17, New Panvel East, Panvel, Maharashtra 410206, India",,Panvel,Panvel,Maharashtra,410206,7875985974,4.6,66,"restaurant, food, point_of_interest, establishment",18.992041399999998,73.1232316,localisy024931,ChIJmaTihbDp5zsRO2iwZHsnORE,photos\localisy10078_1.jpg,,,,,Food & Restaurants,Street Food,New Panvel
Patil Vada Paav,"174-176, Road No. 9, Sector 4, New Panvel East, Panvel, Maharashtra 410206, India",,Panvel,Panvel,Maharashtra,410206,,4.9,14,"restaurant, food, point_of_interest, establishment",19.0026843,73.1201787,localisy024932,ChIJ_8Zkb5fp5zsRHo1EZxLAUoM,photos\localisy10082_1.jpg,,,,,Food & Restaurants,Street Food,New Panvel
Swaranjali Chinese Corner,"Sector 9 Rd, Sector 8, New Panvel East, Panvel, Maharashtra 410206, India",,Panvel,Panvel,Maharashtra,410206,8850146331,4.2,10,"chinese_restaurant, restaurant, food, point_of_interest, establishment",19.003394699999998,73.12443019999999,localisy024933,ChIJdwycwFro5zsRyMbTdfVcihg,,,,,,Food & Restaurants,Street Food,New Panvel
Soya Chaaplin,"shop no 9, Maruti corner, opp. Panvel Railway Station, near Brijwasi sweets, Sector 17, New Panvel East, Panvel, Maharashtra 410206, India",,Panvel,Panvel,Maharashtra,410206,9321467695,4.6,16,"fast_food_restaurant, restaurant, food, point_of_interest, establishment",18.9922516,73.122641,localisy024934,ChIJQyC6TcTp5zsRRFQIzo8Nk84,,,,,,Food & Restaurants,Street Food,New Panvel
Surya Fast Food Point,"Surya Fast Food Point Sairama One World CHS Shop - 17 sect - 07 Khanda Colony, Sector 7, New Panvel East, Panvel, Maharashtra 410206, India",,Panvel,Panvel,Maharashtra,410206,9920274320,4.9,37,"fast_food_restaurant, restaurant, food, point_of_interest, establishment",19.012283,73.1122154,localisy024935,ChIJK3peLJnp5zsRhPdB0MGtJrA,photos\localisy10085_1.jpg,,,,,Food & Restaurants,Street Food,New Panvel
Food Court Orion Mall,"2nd Floor, Orion Mall, near ST Stand, Forest Colony, Panvel, Maharashtra 410206, India",,Panvel,Panvel,Maharashtra,410206,,4,421,"food_court, food, point_of_interest, establishment",18.992996599999998,73.1157075,localisy024936,ChIJXdV26EHo5zsR0I9NWShsTps,photos\localisy10087_1.jpg,,,,,Food & Restaurants,Street Food,New Panvel
APPUPA'S MR.VADEWALA,"Shop No 2,Plot No 2 Road No 18,Opposit Mallica Aptr, Sector-1, New Panvel East, Panvel, Maharashtra 410206, India",,Panvel,Panvel,Maharashtra,410206,8806147643,5,10,"fast_food_restaurant, food_court, restaurant, food, point_of_interest, establishment",18.999877599999998,73.1215557,localisy024937,ChIJ6S1p3rvp5zsRhd4RCd9kJS8,photos\localisy10088_1.jpg,,,,,Food & Restaurants,Street Food,New Panvel
Maharaja Dha,"Road no.20, near Ganesh Market, behind Indian Petrol Pump, Sector 12, New Panvel East, Panvel, Maharashtra 410206, India",,Panvel,Panvel,Maharashtra,410206,7383626111,4,26,"north_indian_restaurant, indian_restaurant, restaurant, food, point_of_interest, establishment",18.9969905,73.12397159999999,localisy024938,ChIJ7XiVRl7p5zsRIhx7zFLhFH8,photos\localisy10089_1.jpg,,,,,Food & Restaurants,Street Food,New Panvel
Annapurneshwari Restaurant,"Sector 17, New Panvel East, Panvel, Maharashtra 410206, India",,Panvel,Panvel,Maharashtra,410206,9869670264,2.9,51,"south_indian_restaurant, indian_restaurant, restaurant, food, point_of_interest, establishment",18.9923555,73.1225942,localisy024939,ChIJlUNIwD_p5zsRYM1sJPieHxk,photos\localisy10090_1.jpg,,,,,Food & Restaurants,Street Food,New Panvel
Swasth Food,"Shop No. 2, Swasth Food, Neelgiri CHS Ltd, Plot No. 48/49, D Mart Rd, near Pizza Hut, Sector 4, New Panvel East, Panvel, Raigad, Panvel, Maharashtra 410206, India",,Panvel,Panvel,Maharashtra,410206,9769173174,4.8,17,"vegetarian_restaurant, fast_food_restaurant, north_indian_restaurant, indian_restaurant, restaurant, food, point_of_interest, establishment",19.0031079,73.1169292,localisy024940,ChIJ7bNGtF_p5zsR9k0LmB3OiEI,photos\localisy10091_1.jpg,,,,,Food & Restaurants,Street Food,New Panvel
Home Made Fresh Cake's And Classes Sugar free cake,"Mahalakshmi City , Type B, Building No- 1 , Wing -C, Flat No 106 Bus stop 2 panvel matheran Road, New, Panvel, Vihighar, Maharashtra 410206, India",,Panvel,Panvel,Maharashtra,410206,,5,47,"bakery, food_store, store, point_of_interest, food, establishment",19.0026752,73.1597553,localisy024941,ChIJf8Bf9LPp5zsRmY8yEsmJ30g,photos\localisy10101_1.jpg,,,,,Food & Restaurants,Home Bakers,New Panvel
Shree Sai home made cake & classes,"Shreeji residence, Sector 8, New Panvel East, Panvel, Maharashtra 410206, India",,Panvel,Panvel,Maharashtra,410206,8108525742,4.4,12,"cake_shop, bakery, manufacturer, food_store, wholesaler, store, point_of_interest, food, establishment",19.0061093,73.1220748,localisy024942,ChIJXwG5M3Tp5zsRyGXh4CrXgXc,photos\localisy10108_1.jpg,,,,,Food & Restaurants,Home Bakers,New Panvel
O-cakes - Khanda Colony,"Shop No. 03, Mannari CHS, Plot No. 10, Sector - 13, Khanda Colony, Panvel, Maharashtra 410206, India",,Panvel,Panvel,Maharashtra,410206,9833676300,4.1,10,"cake_shop, pastry_shop, bakery, home_goods_store, dessert_shop, confectionery, food_store, manufacturer, store, wholesaler, point_of_interest, food, establishment",19.0058216,73.1103913,localisy024943,ChIJxRBsb2Xp5zsRWvkUEwrFyHo,photos\localisy10124_1.jpg,,,,,Food & Restaurants,Home Bakers,New Panvel
snehal's cake shop,"Snehal Davang C c209 Satyajyot CHS Adai gav new panvel 410206, Panvel, Adai, Maharashtra 410206, India",,Panvel,Panvel,Maharashtra,410206,8898009915,4.9,34,"bakery, food_store, store, point_of_interest, food, establishment",19.0097848,73.126299,localisy024944,ChIJKXZH3Hjp5zsRSbQX3U53f0U,photos\localisy10132_1.jpg,,,,,Food & Restaurants,Home Bakers,New Panvel
Hira bakers,"Plot no 49, Sector 15, Khanda Colony, Panvel, Maharashtra 410206, India",,Panvel,Panvel,Maharashtra,410206,,4.9,55,"bakery, food_store, store, food, point_of_interest, establishment",19.000707,73.109811,localisy024945,ChIJndvI-BDp5zsR6G7X8go3cRY,photos\localisy10138_1.jpg,,,,,Food & Restaurants,Home Bakers,New Panvel
little Happy Cakes,"Panvel Matheran Rd, Sukapur, New Panvel East, Panvel, Shilottar Raichur, Maharashtra 410206, India",,Panvel,Panvel,Maharashtra,410206,9920493545,5,38,"bakery, food_store, store, food, point_of_interest, establishment",19.0010846,73.1345628,localisy024946,ChIJ560R5FrJ5zsRqUMs2fUXnzQ,photos\localisy10145_1.jpg,,,,,Food & Restaurants,Home Bakers,New Panvel
The Cake House,"shop no 4, plot-7, sector-11, Shri Gayatri CHS, khanda colony, Sector 11, New Panvel East, Panvel, Maharashtra 410206, India",,Panvel,Panvel,Maharashtra,410206,8369378727,4.7,11,"cake_shop, bakery, food_store, wholesaler, store, food, point_of_interest, manufacturer, establishment",19.003283,73.11190909999999,localisy024947,ChIJSf2MG1fp5zsRVGUhendGxFM,photos\localisy10147_1.jpg,,,,,Food & Restaurants,Home Bakers,New Panvel
Nicks grill,"D-mart lane, new, near masjid, Sector 5, New Panvel East, Panvel, Maharashtra 410206, India",,Panvel,Panvel,Maharashtra,410206,9172132474,2,8,"restaurant, point_of_interest, food, establishment",19.003808199999998,73.1164555,localisy024948,ChIJPcbux5jp5zsR0nINpPer1e0,photos\localisy10167_1.jpg,,,,,Food & Restaurants,Food Trucks,New Panvel
Janta Mutton Shop,"Shop No 1 C Wing, Sneha Building, Sharddha, near Naka Uran Rd, Koliwada, Old Panvel, Panvel, Mumbai, Panvel, Maharashtra 410206, India",,Panvel,Panvel,Maharashtra,410206,9619721299,4.5,29,"wholesaler, food, point_of_interest, establishment",18.9829191,73.1083064,localisy024949,ChIJR8rKWhLo5zsR4qgC_oq9Dr8,photos\localisy10169_1.jpg,,,,,Food & Restaurants,Meat & Poultry Shops,New Panvel
New Maharashtra Chicken center,"X4XF+3GR, Sector 12, New Panvel East, Panvel, Maharashtra 410206, India",,Panvel,Panvel,Maharashtra,410206,,5,2,"butcher_shop, manufacturer, food_store, store, food, point_of_interest, service, establishment",18.997736,73.12377839999999,localisy024950,ChIJH3PVCgDp5zsRUxCrjpmL0AY,photos\localisy10175_1.jpg,,,,,Food & Restaurants,Meat & Poultry Shops,New Panvel
Khutkar Mutton Shop,"Vinamra Residency Hotel, Old Panvel, Panvel, Maharashtra 410206, India",,Panvel,Panvel,Maharashtra,410206,8898630787,4.9,7,"butcher_shop, manufacturer, food_store, store, food, point_of_interest, service, establishment",18.992512299999998,73.1152036,localisy024951,ChIJYZw2dmro5zsRg06CVn6S20Y,photos\localisy10179_1.jpg,,,,,Food & Restaurants,Meat & Poultry Shops,New Panvel
New King Chicken & Egg Center,"shop no :66, 67, Rd Number 16, near Vijaya Bank - New Panvel Branch, Ganesh market, Sector 19, New Panvel East, Panvel, Maharashtra 410206, India",,Panvel,Panvel,Maharashtra,410206,9920468518,4.5,2,"butcher_shop, wholesaler, manufacturer, food_store, supplier, store, food, point_of_interest, service, establishment",18.997484200000002,73.1229276,localisy024952,ChIJOzYNNkPo5zsRgmv8zArUcAo,,,,,,Food & Restaurants,Meat & Poultry Shops,New Panvel
Sunny Egg And Chicken Shop,"Uran Naka, X4M5+65C, Uran Rd, Old Panvel, Panvel, Maharashtra 410206, India",,Panvel,Panvel,Maharashtra,410206,9820669674,3,2,"butcher_shop, manufacturer, food_store, service, wholesaler, store, point_of_interest, supplier, food, establishment",18.9830638,73.1079019,localisy024953,ChIJQR6orBPo5zsRwcMiuEpnDZM,photos\localisy10190_1.jpg,,,,,Food & Restaurants,Meat & Poultry Shops,New Panvel
MAHARASHTRA CHICKEN CENTRE,"Shop No 15, Panvel, Adai, Koproli, Maharashtra 410206, India",,Panvel,Panvel,Maharashtra,410206,9320241415,4.4,7,"butcher_shop, manufacturer, food_store, service, store, restaurant, point_of_interest, food, establishment",19.0116339,73.15838509999999,localisy024954,ChIJlUduOADp5zsRhxmn5h1r-Wc,photos\localisy10193_1.jpg,,,,,Food & Restaurants,Meat & Poultry Shops,New Panvel
Ekvira Chicken Centre,"297, Panvel Matheran Rd, Yamuna Kunj, Sector-10, New Panvel East, Panvel, Palidevad, Maharashtra 410206, India",,Panvel,Panvel,Maharashtra,410206,,3.9,169,"chicken_restaurant, restaurant, point_of_interest, food, establishment",18.9999666,73.1286473,localisy024955,ChIJqQH1_lvo5zsRakj7bOyZDXw,photos\localisy10194_1.jpg,,,,,Food & Restaurants,Meat & Poultry Shops,New Panvel
Lucky Mutton Shop,"Sbi bank, near public toilet, Sector 2, New Panvel East, Panvel, Maharashtra 410206, India",,Panvel,Panvel,Maharashtra,410206,,3,2,"butcher_shop, manufacturer, food_store, service, store, point_of_interest, food, establishment",19.0121234,73.1112309,localisy024956,ChIJiwjxBIHp5zsRwFLBVOCucPw,photos\localisy10195_1.jpg,,,,,Food & Restaurants,Meat & Poultry Shops,New Panvel
Deshmukh's Poultry Products,"Shop Number 18, Plot Number 464,Ground floor, Market Yard Rd, Old Panvel, Panvel, Maharashtra 410206, India",,Panvel,Panvel,Maharashtra,410206,,5,1,"ranch, farm, manufacturer, service, point_of_interest, food, establishment",18.981211,73.111134,localisy024957,ChIJtRyjrRLo5zsRFLpSrUWXAFo,,,,,,Food & Restaurants,Meat & Poultry Shops,New Panvel
Halal Chicken SHOP,"Shop No 03, Hill View CHS, Plot No 10,11, Vijay Rd, Sector 8, New Panvel East, Panvel, Maharashtra 410206, India",,Panvel,Panvel,Maharashtra,410206,9702431397,5,1,"butcher_shop, manufacturer, food_store, service, store, point_of_interest, food, establishment",19.005551999999998,73.12221199999999,localisy024958,ChIJwYF0uzrp5zsRVzvPx0zCByQ,photos\localisy10204_1.jpg,,,,,Food & Restaurants,Meat & Poultry Shops,New Panvel
STAR CHICKEN,"Shop No 9, NAWAB BUILDING, near JAMA MASJID, PATEL MOHALLA, Panvel, Maharashtra 410206, India",,Panvel,Panvel,Maharashtra,410206,8454988677,4.2,13,"butcher_shop, manufacturer, food_store, service, store, point_of_interest, food, establishment",18.9862693,73.1071144,localisy024959,ChIJVVABKTjp5zsRT1drwMHgpW0,,,,,,Food & Restaurants,Meat & Poultry Shops,New Panvel
STAR CHICKEN SHOP,"Shop No 1, KUNWARI BUILDING, near MASJIDE E SUFFA, Kacchi Mohalla, Old Panvel, Panvel, Maharashtra 410206, India",,Panvel,Panvel,Maharashtra,410206,8874167539,4.5,4,"butcher_shop, manufacturer, food_store, service, store, point_of_interest, food, establishment",18.987603399999998,73.1064332,localisy024960,ChIJBdxgORTo5zsRQZgoh2WO3cc,photos\localisy10209_1.jpg,,,,,Food & Restaurants,Meat & Poultry Shops,New Panvel
The Premium Chicken Shop,"Shop no 3, Hare Krishna apartments, New Panvel East, Vichumbe, Maharashtra 410206, India",,Panvel,Panvel,Maharashtra,410206,,5,20,"restaurant, point_of_interest, food, establishment",18.9850225,73.1301093,localisy024961,ChIJvXVTXgDp5zsRd0OEeFrwyHE,photos\localisy10213_1.jpg,,,,,Food & Restaurants,Meat & Poultry Shops,New Panvel
Swara Fish supplier,"Uran - Panvel Rd, Old Panvel, Panvel, Navi Mumbai, Panvel, Maharashtra 410206, India",,Panvel,Panvel,Maharashtra,410206,8097651003,5,4,"wholesaler, food, point_of_interest, establishment",18.983052999999998,73.10820319999999,localisy024962,ChIJFTXGFArp5zsR-9d1lT8aSZ4,photos\localisy10233_1.jpg,,,,,Food & Restaurants,Fish Markets,New Panvel
Macchi Market,"47, Dr Babasaheb Ambedkar Flyover, Sector 9, New Panvel East, Panvel, Maharashtra 410206, India",,Panvel,Panvel,Maharashtra,410206,,3.7,19,"market, point_of_interest, establishment",19.006477,73.1117402,localisy024963,ChIJLy6kLEjo5zsRwYmjzc03Pvg,photos\localisy10239_1.jpg,,,,,Food & Restaurants,Fish Markets,New Panvel
Panvel Fish Plaza,"Shop, Sector 21, Panvel, Maharashtra 410206, India",,Panvel,Panvel,Maharashtra,410206,9029205057,5,5,"butcher_shop, wholesaler, manufacturer, food_store, store, food, point_of_interest, service, establishment",18.984133399999997,73.12040019999999,localisy024964,ChIJ0XSr2WLp5zsRtsG4fa1M7_U,photos\localisy10246_1.jpg,,,,,Food & Restaurants,Fish Markets,New Panvel
Native's Fresh Milk,"Shop No-1, 2, Parvati Niwas, near st. George school, New Panvel East, Panvel, Adai, Maharashtra 410206, India",,Panvel,Panvel,Maharashtra,410206,9321843131,4.7,104,"ranch, farm, food_delivery, food, point_of_interest, service, establishment",19.0070572,73.1257969,localisy024965,ChIJN79kWVDo5zsR09uVcGugEFU,photos\localisy10250_1.jpg,,,,,Food & Restaurants,Dairy & Milk Booths,New Panvel
Shubham Dairy,"243C+3R4, Sector 8, New Panvel East, Panvel, Maharashtra 410206, India",,Panvel,Panvel,Maharashtra,410206,,3.6,27,"food_store, store, food, point_of_interest, establishment",19.0026273,73.1220664,localisy024966,ChIJmWacPEXo5zsRHmHyQ2XGCR0,photos\localisy10252_1.jpg,,,,,Food & Restaurants,Dairy & Milk Booths,New Panvel
Mother Dairy Riya Agency,"Shop No -8 Plot, Kalpvruksha Complex Cluster_panvel_117 -4 Khanda Colony, Shop No -7, Plot, Cluster_panvel_117, No -4, Khanda Colony, Sector 9, Greater Khanda, Panvel, Mumbai, Panvel, Maharashtra 410206, India",,Panvel,Panvel,Maharashtra,410206,9930610060,4.8,31,"wholesaler, supplier, food, point_of_interest, establishment",19.006850099999998,73.1139148,localisy024967,ChIJAfHSrUno5zsRDe3djjtLtWw,photos\localisy10255_1.jpg,,,,,Food & Restaurants,Dairy & Milk Booths,New Panvel
BANTHIA DAIRY FARMS,"Shop No.2, Banthia Mansion, Plot no 171, MG Rd, Old Panvel, Panvel, Maharashtra 410206, India",,Panvel,Panvel,Maharashtra,410206,,4.8,109,"food_delivery, food, point_of_interest, establishment",18.9862142,73.10828819999999,localisy024968,ChIJ99Y59OHp5zsRPdbXGf7vRBs,photos\localisy10257_1.jpg,,,,,Food & Restaurants,Dairy & Milk Booths,New Panvel
Mauli Dairy Farm,"Rex complex, Shop no 3, Malewadi stop, Matoshri Nagar Cooperative Housing Society, Sukapur, New Panvel East, Akurli, Maharashtra 410206, India",,Panvel,Panvel,Maharashtra,410206,7045444115,3.6,28,"store, point_of_interest, establishment",19.0017297,73.1397154,localisy024969,ChIJl7SgeIro5zsRqRH_tciHMgU,photos\localisy10259_1.jpg,,,,,Food & Restaurants,Dairy & Milk Booths,New Panvel
PurityFarm,"Shop No -06, Revamp fitness gym, Mita Heights, Plot no-51-B, Sector 20, Kharghar, Panvel, Maharashtra 410210, India",,Kharghar,Panvel,Maharashtra,410210,8691833129,4.9,74,"ranch, farm, food_delivery, wholesaler, supplier, food, point_of_interest, service, establishment",19.0507922,73.0753126,localisy024970,ChIJK2gsD5j95zsRVKi2mQf28kQ,photos\localisy10261_1.jpg,,,,,Food & Restaurants,Dairy & Milk Booths,New Panvel
Vrundavan A2 Gir Cow Milk,"Panvel, Harigram, Navi Mumbai, Maharashtra 410206, India",,Panvel,Panvel,Maharashtra,410206,8657840387,3.3,6,"ranch, farm, food_delivery, food_store, store, food, point_of_interest, service, establishment",19.0216124,73.14972809999999,localisy024971,ChIJ4b31oaTp5zsRV4Hv103kKEs,photos\localisy10262_1.jpg,,,,,Food & Restaurants,Dairy & Milk Booths,New Panvel
Aaditya Online,"Plot 23, Sector 15A, New Panvel East, Panvel, Maharashtra 410206, India",,Panvel,Panvel,Maharashtra,410206,8655060309,4.5,34,"manufacturer, supplier, food, point_of_interest, establishment",19.0000595,73.10963439999999,localisy024972,ChIJ4YMuxWzo5zsRx3yeg8C6lf0,photos\localisy10267_1.jpg,,,,,Food & Restaurants,Water Can Suppliers,New Panvel
Shree Water Suppliers,"Eknath Dada Apartment, Sukapur Rd, opp. Raj Bekri, near Ayappa Temple, New Panvel East, Panvel, Palidevad, Maharashtra 410206, India",,Panvel,Panvel,Maharashtra,410206,,5,1,"point_of_interest, establishment",18.9968056,73.1307798,localisy024973,ChIJc82vphzp5zsR48oeIMZfLXk,photos\localisy10271_1.jpg,,,,,Food & Restaurants,Water Can Suppliers,New Panvel
Hi Rich Water Mart,"Paramount House, MTNL Rd, Mominpada, Old Panvel, Panvel, Maharashtra 410206, India",,Panvel,Panvel,Maharashtra,410206,,3.3,20,"supplier, food, point_of_interest, establishment",18.984273299999998,73.1122008,localisy024974,ChIJJ7rL2mzo5zsR30OhH94jVJU,,,,,,Food & Restaurants,Water Can Suppliers,New Panvel
Water supply plant,"2438+FPG, Sector 5, New Panvel East, Panvel, Maharashtra 410206, India",,Panvel,Panvel,Maharashtra,410206,,5,1,"government_office, point_of_interest, establishment",19.003678900000004,73.1168411,localisy024975,ChIJjTo9X4Lp5zsRS5bskE56p_s,,,,,,Food & Restaurants,Water Can Suppliers,New Panvel
AJAY TRANSPORT AND WATER SUPPLIERS,"Shopno.2, Takka Rd, Takka Colony, Panvel, Raigad, Panvel, Maharashtra 410206, India",,Panvel,Panvel,Maharashtra,410206,9920379421,4.2,5,"point_of_interest, establishment",18.981952600000003,73.1177414,localisy024976,ChIJ-xjg7TDp5zsR7PDyEo-u6fA,photos\localisy10300_1.jpg,,,,,Food & Restaurants,Water Can Suppliers,New Panvel
Cidco Water Tank,"2436+PQ3, Sector 10, Khanda Colony, Panvel, Maharashtra 410206, India",,Panvel,Panvel,Maharashtra,410206,,3.8,16,"manufacturer, service, government_office, point_of_interest, establishment",19.0042701,73.1119109,localisy024977,ChIJNZWpBUjo5zsRQtYe602zA80,photos\localisy10302_1.jpg,,,,,Food & Restaurants,Water Can Suppliers,New Panvel
Siddhivinayak Enterprises,"Haware Vrindavan Co-operative Housing Society 'B', 2457+99P, Sector 9, Khanda Colony, Panvel, Maharashtra 410206, India",,Panvel,Panvel,Maharashtra,410206,7208014460,5,4,"supplier, store, point_of_interest, service, establishment",19.0084668,73.1134517,localisy024978,ChIJ87Eml0no5zsR6PtVzI76X3w,,,,,,Food & Restaurants,Water Can Suppliers,New Panvel
Sai Aquatech,"Shop No24, Hari Ashirwad CHS, sector 15 A, behind Union Bank of india, near aarti dairy, Sector 15A, New Panvel East, Panvel, Maharashtra 410206, India",,Panvel,Panvel,Maharashtra,410206,9821229395,5,2,"supplier, point_of_interest, establishment",18.99062,73.1247892,localisy024979,ChIJJRNySB_p5zsRuXt8Pr6nH8k,photos\localisy10321_1.jpg,,,,,Food & Restaurants,Water Can Suppliers,New Panvel
Saishraddha Multispeciality Hospital,"Matheran Rd, Yamuna Kunj, Sector-10, New Panvel East, Panvel, Palidevad, Maharashtra 410206, India",,Panvel,Panvel,Maharashtra,410206,9151818186,4.5,65,"hospital, health, point_of_interest, service, establishment",19.000083399999998,73.12852579999999,localisy024980,ChIJF8lcBijp5zsRWzuyzBtDFg8,photos\localisy10331_1.jpg,,,,,Health & Medical,Hospitals,New Panvel
New Care Plus Multispeciality Hospital,"New Care Plus Multispeciality Hospital, Plot-1, opposite CKT School, Sector 15, New Panvel East, Panvel, Maharashtra 410206, India",,Panvel,Panvel,Maharashtra,410206,7977576219,4.9,13,"hospital, physiotherapist, doctor, medical_clinic, health, point_of_interest, service, establishment",18.9927279,73.1257279,localisy024981,ChIJa0CnNdzp5zsRk5vMuLgkECI,photos\localisy10333_1.jpg,,,,,Health & Medical,Hospitals,New Panvel
Pioneer Hospital,"152, No, Plot No, Rd Number 7, Karna CHS, Sector 4, New Panvel East, Panvel, Maharashtra 410206, India",,Panvel,Panvel,Maharashtra,410206,9136328584,4.2,78,"hospital, health, point_of_interest, service, establishment",19.002518,73.119664,localisy024982,ChIJ2Yu4BEPo5zsRrw-iCAYEd1E,photos\localisy10336_1.jpg,,,,,Health & Medical,Hospitals,New Panvel
Aayushman EAR NOSE THROAT Hospital,"Plot 6, 8, Rd Number 16, opp. Hong-Kong market, Sector 19, New Panvel East, Panvel, Maharashtra 410206, India",,Panvel,Panvel,Maharashtra,410206,8097099104,4.4,356,"hospital, health, point_of_interest, service, establishment",18.9972404,73.1220301,localisy024983,ChIJ2zoqP0Po5zsRFTnK7HbJF6E,photos\localisy10344_1.jpg,,,,,Health & Medical,Hospitals,New Panvel
New Care Plus Hospital,"Sector 15A, New Panvel East, Raigad, Mumbai, Panvel, Maharashtra 410206, India",,Panvel,Panvel,Maharashtra,410206,9167133548,4.4,14,"hospital, health, point_of_interest, service, establishment",18.9927521,73.1256744,localisy024984,ChIJq6qqvmfo5zsRdLBQyOpmt3k,photos\localisy10345_1.jpg,,,,,Health & Medical,Hospitals,New Panvel
New Panvel City Hospital,"245C+7FSector 7, Sector 7, New Panvel East, PanvelNavi, Mumbai, Panvel, Maharashtra 410206, India",,Panvel,Panvel,Maharashtra,410206,,5,2,"hospital, health, point_of_interest, service, establishment",19.00816,73.1211088,localisy024985,ChIJKeaQBgDp5zsRD_FWhFHzCGU,photos\localisy10361_1.jpg,,,,,Health & Medical,Hospitals,New Panvel
Dr Rohit Nalavade,"Shop no 4, Umashakti Building, opposite Samarth gym, near Dayanand Anglo Vedic School, Sector-9, New Panvel East, Panvel, Maharashtra 410206, India",,Panvel,Panvel,Maharashtra,410206,9167613977,4.8,122,"doctor, health, point_of_interest, establishment",19.0038494,73.1215376,localisy024986,ChIJzySyj0Lo5zsR2MGvVvIEdNQ,photos\localisy10370_1.jpg,,,,,Health & Medical,Hospitals,New Panvel
Shaha Hospitals,"2458+4M8, Sector Number 6 Rd, Sector 6, New Panvel East, Panvel, Maharashtra 410206, India",,Panvel,Panvel,Maharashtra,410206,9136862313,1,1,"general_hospital, hospital, health, point_of_interest, service, establishment",19.0077942,73.11669610000001,localisy024987,ChIJ1_G4kkHp5zsR67BKmPQWXTk,photos\localisy10376_1.jpg,,,,,Health & Medical,Hospitals,New Panvel
Dr. Alauddin Tungekar,"14-17 high Point Co.Op.Hsg Society Ltd, 206, Old Panvel, Panvel, Maharashtra 410206, India",,Panvel,Panvel,Maharashtra,410206,9833825196,4.1,15,"general_hospital, doctor, hospital, health, point_of_interest, service, establishment",18.980890199999997,73.1152644,localisy024988,ChIJ1xVkim3o5zsRJocxhAmlc4c,photos\localisy10382_1.jpg,,,,,Health & Medical,Hospitals,New Panvel
SPARSH CLINIC - DR SHILPA DUCHE,"Shop no.9, neel sanskriti appt, opp. DAV public school, Sector-9, New Panvel East, Panvel, Maharashtra 410206, India",,Panvel,Panvel,Maharashtra,410206,9987546496,5,310,"medical_center, local_government_office, consultant, government_office, doctor, hospital, health, point_of_interest, service, establishment",19.0026641,73.122237,localisy024989,ChIJ4fGF9VDp5zsRPuz-z6CY5yA,photos\localisy10383_1.jpg,,,,,Health & Medical,Clinics,New Panvel
Shree Krishna Clinic - Dr. Gharat,"244C+824, Gurudwara Rd, Sector 8, New Panvel East, Panvel, Maharashtra 410206, India",,Panvel,Panvel,Maharashtra,410206,,4.4,19,"hospital, health, point_of_interest, service, establishment",19.0057701,73.12007450000002,localisy024990,ChIJw-3ICk_o5zsRvYKybo2ugiw,photos\localisy10385_1.jpg,,,,,Health & Medical,Clinics,New Panvel
Dr Prajakta's ASHWAMEDH Diabetes & Thyroid Speciality Clinic New Panvel,"Ashwamedh villa, Ground Floor, Sector no12, Plot no 12, Rd Number 20, Sector AWC, New Panvel East, Panvel, Maharashtra 410218, India",,Roadpali,Panvel,Maharashtra,410218,,,,"medical_clinic, health, point_of_interest, establishment",19.0430101,73.1055697,localisy024991,ChIJBSqzbQHp5zsREm-Q33oalLQ,,,,,,Health & Medical,Clinics,New Panvel
Sai Child Care,"4/5, 4/5, Vijay Rd, opp. Shreeyash Hospital, Sector 19, New Panvel East, Panvel, Maharashtra 410206, India",,Panvel,Panvel,Maharashtra,410206,9833846667,3.3,397,"hospital, health, point_of_interest, service, establishment",18.9959958,73.1193784,localisy024992,ChIJeVFBskPo5zsRC-WUuji86R4,photos\localisy10393_1.jpg,,,,,Health & Medical,Clinics,New Panvel
Amale Hospital,"Shabri Hotel lane, Sector 3, New Panvel East, Panvel, Navi Mumbai, Panvel, Maharashtra 410206, India",,Panvel,Panvel,Maharashtra,410206,8291932001,4.3,177,"hospital, health, point_of_interest, service, establishment",18.9998135,73.1165558,localisy024993,ChIJB-m5y1Lp5zsRf0GkQc3PRDo,photos\localisy10395_1.jpg,,,,,Health & Medical,Clinics,New Panvel
Shree Clinic - Dr Wajekar,"Sector 3, New Panvel East, Panvel, Maharashtra 410206, India",,Panvel,Panvel,Maharashtra,410206,,3.2,32,"medical_clinic, health, point_of_interest, establishment",19.002084099999998,73.1208195,localisy024994,ChIJqfvqBEXo5zsR4fAgDrg1Qto,photos\localisy10397_1.jpg,,,,,Health & Medical,Clinics,New Panvel
Arshika Clinic,"Shop No. 36, National Complex, Sector 6, New Panvel East, Panvel, Maharashtra 410206, India",,Panvel,Panvel,Maharashtra,410206,9372526906,5,2,"medical_clinic, health, point_of_interest, establishment",19.008178,73.1161753,localisy024995,ChIJy6AfWwLp5zsRXzG_opjqllY,photos\localisy10399_1.jpg,,,,,Health & Medical,Clinics,New Panvel
Jeevika Clinic - Family Health & Aesthetic Medicine,"001, Classic sargam chs plot no 191/192, sec-04, Sector 4, New Panvel East, Panvel, Maharashtra 410206, India",,Panvel,Panvel,Maharashtra,410206,9004801417,5,23,"skin_care_clinic, consultant, medical_clinic, doctor, health, point_of_interest, service, establishment",19.0038713,73.1201695,localisy024996,ChIJkQi4oqTp5zsRRcWpky6IYLw,photos\localisy10406_1.jpg,,,,,Health & Medical,Clinics,New Panvel
CHIRAYU HOSPITAL,"4th Floor, Neel Enclave, Plot No. 1, Khanda Colony, Sector-9, New Panvel East, Panvel, Maharashtra 410206, India",,Panvel,Panvel,Maharashtra,410206,9699000700,4.1,180,"hospital, health, point_of_interest, service, establishment",19.0063542,73.11202469999999,localisy024997,ChIJxbCYLUjo5zsRBuYtB7ZP9kM,photos\localisy10409_1.jpg,,,,,Health & Medical,Clinics,New Panvel
Dr.Sourabh Kulkarni's,"Vijay Marg X4W9+4FV Sector 19, next to Bank Of India, Sector 18A, New Panvel East, Panvel, Navi Mumbai, Panvel, Maharashtra 410206, India",,Panvel,Panvel,Maharashtra,410206,7900330079,4,264,"hospital, medical_clinic, doctor, health, point_of_interest, service, establishment",18.9953125,73.1186875,localisy024998,ChIJze3GT0Lo5zsRuh-06Qc4P54,photos\localisy10410_1.jpg,,,,,Health & Medical,Clinics,New Panvel
Dr. Prasanna Chandratre,"Shop No.12, Neel Residency, Phase 2, near D.A.V. Public School, Sector 3, New Panvel East, Panvel, Maharashtra 410206, India",,Panvel,Panvel,Maharashtra,410206,9323588291,4.8,16,"medical_clinic, health, point_of_interest, establishment",19.0022481,73.12076239999999,localisy024999,ChIJ30BtBUXo5zsRcSAbX8Lp5KM,photos\localisy10412_1.jpg,,,,,Health & Medical,Clinics,New Panvel
Mamta Child Clinic ( Dr. Savita Kalel) - Pediatrician in Panvel | Doctor For Neonatal Care | Growth & Nutrition | Vaccination,"Shop No 10, Sai Sharan CHS, Khanda Colony, Sector - 8, Greater Khanda, Panvel, Maharashtra 410206, India",,Panvel,Panvel,Maharashtra,410206,7715024061,4.9,247,"medical_clinic, doctor, health, point_of_interest, establishment",19.0063128,73.10999509999999,localisy025000,ChIJyS0A_Hzp5zsRtlNDZ6wQSpw,photos\localisy10415_1.jpg,,,,,Health & Medical,Clinics,New Panvel
shree Krishna clinic,"shop no 18, balaji niwas, plot no107, new, near new panacea hospital, Sector 8, New Panvel East, Panvel, Maharashtra 410206, India",,Panvel,Panvel,Maharashtra,410206,9819899225,5,4,"doctor, medical_clinic, health, point_of_interest, establishment",19.0052692,73.1209349,localisy025001,ChIJaesudU_o5zsRS1LU-UXM0zg,,,,,,Health & Medical,Clinics,New Panvel
Arunodaya Hospital,"Sector-10, New Panvel East, Panvel, Maharashtra 410206, India",,Panvel,Panvel,Maharashtra,410206,,3.6,155,"hospital, doctor, health, point_of_interest, service, establishment",19.0007894,73.1232472,localisy025002,ChIJc3zDMFvo5zsREDj0yc8t8S0,photos\localisy10419_1.jpg,,,,,Health & Medical,Clinics,New Panvel
ANAND CLINIC,"Anand Bhawan Row house no 10, Shiv Shakti housing CHSL, Sector 3, New Panvel East, Panvel, Maharashtra 410206, India",,Panvel,Panvel,Maharashtra,410206,,5,4,"hospital, health, point_of_interest, service, establishment",19.0019882,73.1184857,localisy025003,ChIJ80npyEXo5zsRyYFfLlxz8z4,photos\localisy10420_1.jpg,,,,,Health & Medical,Clinics,New Panvel
Dr. Pawal Polyclinic,"6, SC Rd, Sector 19, New Panvel East, Panvel, Maharashtra 410206, India",,Panvel,Panvel,Maharashtra,410206,,5,4,"medical_clinic, health, point_of_interest, establishment",18.9976871,73.1226507,localisy025004,ChIJ1wIGSUPo5zsRAuNgie5TAFg,,,,,,Health & Medical,Clinics,New Panvel
Maauli Multi speciality clinic,"Metropolis lab, Vijay Rd, Sector 2, New Panvel East, Panvel, Maharashtra 410206, India",,Panvel,Panvel,Maharashtra,410206,9029298140,4.9,15,"medical_clinic, consultant, health, point_of_interest, service, establishment",18.9996168,73.1180923,localisy025005,ChIJZxKRMEHp5zsR26SSEF81BPc,photos\localisy10422_1.jpg,,,,,Health & Medical,Clinics,New Panvel
om clinic,"Giriraj CHS, Sector 15A, New Panvel East, Panvel, Maharashtra 410206, India",,Panvel,Panvel,Maharashtra,410206,8108022120,5,1,"doctor, health, point_of_interest, establishment",18.992141,73.1235075,localisy025006,ChIJI1xwAsDp5zsRdyKtqEugVXg,photos\localisy10425_1.jpg,,,,,Health & Medical,Clinics,New Panvel
Panvel clinic,"Shop No 3, plot no 350, MG Rd, Muslim Naka, Old Panvel, Panvel, Maharashtra 410206, India",,Panvel,Panvel,Maharashtra,410206,,5,1,"medical_clinic, health, point_of_interest, establishment",18.9866775,73.1079294,localisy025007,ChIJI_CPTwDp5zsRjISvvd8JAPk,photos\localisy10430_1.jpg,,,,,Health & Medical,Clinics,New Panvel
Sai Clinic (DrAshishHarishchandraBhagat and DrSarvadaAshishBhagat),"Shop no 04, TirthNirmal Building, next to DAVPublicSchool, Sector-10, New Panvel East, Panvel, Maharashtra 410206, India",,Panvel,Panvel,Maharashtra,410206,,5,4,"medical_clinic, health, point_of_interest, establishment",19.002779999999998,73.1230202,localisy025008,ChIJTYy3AS_p5zsRZxgbDR1ppT4,,,,,,Health & Medical,Clinics,New Panvel
Neo Clinic and echo centre,"Vishparbha Society, Near shivaji chowk, behind axis Bank, Vasudev Balwant Phadke Rd, MCCH Society, Panvel, Maharashtra 410206, India",,Panvel,Panvel,Maharashtra,410206,7208210350,4.6,232,"doctor, health, point_of_interest, establishment",18.9872187,73.1131846,localisy025009,ChIJi_QYZmvo5zsR7GEpzZ6Cxys,photos\localisy10432_1.jpg,,,,,Health & Medical,Clinics,New Panvel
Jogeshwari Clinic - Dr Umesh Amrutkar,"Khanda Colony Neelkantha Sadan, Sector 10, New Panvel East, Panvel, Maharashtra 410206, India",,Panvel,Panvel,Maharashtra,410206,9422495346,5,3,"doctor, health, point_of_interest, establishment",19.004758,73.1120411,localisy025010,ChIJgXM4hoLp5zsRQkf07k1ciBQ,,,,,,Health & Medical,Clinics,New Panvel
Desai clinic,"ground floor, Malhar CHS, plot no 33/52, Vaishakh Marg, Sector 3, New Panvel East, Panvel, Maharashtra 410206, India",,Panvel,Panvel,Maharashtra,410206,9372635443,5,4,"doctor, health, point_of_interest, establishment",19.002635899999998,73.12062,localisy025011,ChIJj95VUmjp5zsREodTiSo4QZ0,photos\localisy10435_1.jpg,,,,,Health & Medical,Clinics,New Panvel
Clinic,"Shop no. 19 and 20, Vrindavan (B), Khanda colony, Sector - 6, New Panvel East, Panvel, Maharashtra 410206, India",,Panvel,Panvel,Maharashtra,410206,9004123573,,,"medical_clinic, health, point_of_interest, establishment",19.0094291,73.111446,localisy025012,ChIJSQHo_UPp5zsRS4uEGMfIOi8,,,,,,Health & Medical,Clinics,New Panvel
DR DIPALEE MANE Hospital,"80/5, Sector-13, Sector 14, New Panvel East, Panvel, Maharashtra 410206, India",,Panvel,Panvel,Maharashtra,410206,,4.9,19,"doctor, health, point_of_interest, establishment",18.9946664,73.1252482,localisy025013,ChIJa7igbV3o5zsR-vCRfVYTcW4,photos\localisy10438_1.jpg,,,,,Health & Medical,Clinics,New Panvel
Dr Prashant Gaikwad children’s clinic,"Plot No 102, Over SBI, Sector 1A, New Panvel East, Panvel, Maharashtra 410206, India",,Panvel,Panvel,Maharashtra,410206,,4.1,46,"medical_clinic, health, point_of_interest, establishment",19.000111,73.1176078,localisy025014,ChIJS5R8IUTo5zsR-nJPbLrUQM8,,,,,,Health & Medical,Clinics,New Panvel
Aarogya Dental Clinic,"Vijay Rd, Sector 4, New Panvel East, Panvel, Maharashtra 410206, India",,Panvel,Panvel,Maharashtra,410206,9766921774,4.9,266,"dental_clinic, medical_clinic, health, point_of_interest, establishment",19.0028246,73.11700379999999,localisy025015,ChIJYe4YC0bo5zsRGo7wGkUr0f8,photos\localisy10443_1.jpg,,,,,Health & Medical,Dental Clinics,New Panvel
Dr Aishwarya’s Platinum Dental Care,"2, Rd Number 13, Sector 19, New Panvel East, Panvel, Maharashtra 410206, India",,Panvel,Panvel,Maharashtra,410206,9137767771,5,94,"dental_clinic, medical_clinic, health, point_of_interest, establishment",18.995962799999997,73.12229669999999,localisy025016,ChIJ6zvGPgDp5zsRvUS_Got6F9s,photos\localisy10444_1.jpg,,,,,Health & Medical,Dental Clinics,New Panvel
MicroVision Dental Clinic,"Row House no. 1, Loha Bhawan, New Panvel CHS, Sector 3, New Panvel East, Panvel, Maharashtra 410206, India",,Panvel,Panvel,Maharashtra,410206,7208583130,5,35,"dental_clinic, dentist, medical_clinic, service, health, point_of_interest, establishment",19.0017225,73.1176914,localisy025017,ChIJR2EXBuHp5zsRsCiVmm9QBpo,photos\localisy10445_1.jpg,,,,,Health & Medical,Dental Clinics,New Panvel
MIRACLE MULTI-SPECIALITY DENTAL CLINIC,"Krishna arcade, Plot number 83/84, D Mart Rd, near Sai Sansar Complex, Sector 4, New Panvel East, Panvel, Maharashtra 410206, India",,Panvel,Panvel,Maharashtra,410206,8433959505,4.8,168,"dental_clinic, dentist, medical_clinic, doctor, service, health, point_of_interest, establishment",19.0043528,73.11825979999999,localisy025018,ChIJYyz01ULp5zsRunemBxLJQMU,photos\localisy10446_1.jpg,,,,,Health & Medical,Dental Clinics,New Panvel
SMILE CARE DENTAL CLINIC,"Shop Number 9, Eden Park Building, Plot Number 9, Khanda colony, New Panvel East, Panvel, Maharashtra 410206, India",,Panvel,Panvel,Maharashtra,410206,9561952054,5,106,"dental_clinic, medical_clinic, health, point_of_interest, establishment",19.007296999999998,73.1131144,localisy025019,ChIJAXUkCfPp5zsRvSAntBWF8FM,photos\localisy10447_1.jpg,,,,,Health & Medical,Dental Clinics,New Panvel
The Dental Corner,"Shop No. 14, Tulsi Heights Building, Sector 5, New Panvel East, Panvel, Maharashtra 410206, India",,Panvel,Panvel,Maharashtra,410206,7021061453,4.9,242,"dental_clinic, dentist, medical_clinic, service, health, point_of_interest, establishment",19.0055125,73.119393,localisy025020,ChIJ92bYEdXp5zsRoNzZ_kyYaII,photos\localisy10448_1.jpg,,,,,Health & Medical,Dental Clinics,New Panvel
DR. SWAPNIL'S Super Speciality Dental Clinic and Orthodontic Center,"A-Type, 17/3, Cidco Colony, New, Sector 13, New Panvel East, Panvel, Maharashtra 410206, India",,Panvel,Panvel,Maharashtra,410206,7208317601,4.9,14,"dental_clinic, medical_clinic, health, point_of_interest, establishment",18.9949521,73.1253617,localisy025021,ChIJd8rI7ALp5zsRPb0cqyc-6f0,photos\localisy10449_1.jpg,,,,,Health & Medical,Dental Clinics,New Panvel
Smile Evolve Dental Clinic,"Vighnaharta 2/25 Government Servants CHS. Sector 2 , Chaitra Marg Shantiniketan school road, Sector 2, New Panvel East, Panvel, Maharashtra 410206, India",,Panvel,Panvel,Maharashtra,410206,9167103114,4.9,173,"dental_clinic, dentist, medical_clinic, service, health, point_of_interest, establishment",18.999209,73.1189529,localisy025022,ChIJeVuGSUPo5zsRLCBf4k-9UNw,photos\localisy10450_1.jpg,,,,,Health & Medical,Dental Clinics,New Panvel
New Age Dental Clinic | Best Dentist-Best Dental Clinic-Teeth Implant Clinic-Dental Veneers Clinic In Panvel,"A - 302, Munoth Empress, Near Ambedkar Statue, Ambedkar Road, Opp. Panvel Bus Stand, Old Panvel,, Old Panvel, Panvel, Maharashtra 410206, India",,Panvel,Panvel,Maharashtra,410206,8169258231,5,107,"dental_clinic, medical_clinic, health, point_of_interest, establishment",18.9896937,73.1151855,localisy025023,ChIJmVqTTGro5zsRJG6OwUgNmxo,photos\localisy10451_1.jpg,,,,,Health & Medical,Dental Clinics,New Panvel
S K Dental Care,"Office no 110&111,Raje complex,MCCH society, Chhatrapati Shivaji Maharaj Chowk, near kings Electronics, above axis bank, Old Panvel, Panvel, Maharashtra 410206, India",,Panvel,Panvel,Maharashtra,410206,9702089949,4.9,464,"dental_clinic, dentist, medical_clinic, doctor, health, point_of_interest, establishment",18.9875756,73.1127735,localisy025024,ChIJX5Q-TDbp5zsRd0Io_PJSxBI,photos\localisy10452_1.jpg,,,,,Health & Medical,Dental Clinics,New Panvel
Namdeo Dental Clinic Dr Garima,"243F+7PM, Sector-10, New Panvel East, Panvel, Maharashtra 410206, India",,Panvel,Panvel,Maharashtra,410206,8108439059,4.9,36,"dental_clinic, medical_clinic, health, point_of_interest, establishment",19.0032183,73.124304,localisy025025,ChIJozVlLgDp5zsRYC8GMSBHs44,photos\localisy10453_1.jpg,,,,,Health & Medical,Dental Clinics,New Panvel
Dental Experts Advanced Dental care,"2439+Q55, Sector 5, New Panvel East, Panvel, Maharashtra 410206, India",,Panvel,Panvel,Maharashtra,410206,8384027190,4.9,67,"dental_clinic, medical_clinic, health, point_of_interest, establishment",19.0043754,73.1181306,localisy025026,ChIJg8ZgY_Tp5zsRo3e1HHJrfLE,photos\localisy10454_1.jpg,,,,,Health & Medical,Dental Clinics,New Panvel
Dr mhatre dental clinic,"first floor, Chhatrapati Shivaji Maharaj Chowk, above axis bank, Old Panvel, Panvel, Maharashtra 410206, India",,Panvel,Panvel,Maharashtra,410206,9220866615,5,674,"dental_clinic, dentist, medical_clinic, health, point_of_interest, establishment",18.987435299999998,73.112693,localisy025027,ChIJ8yx6yeXp5zsRTnxhIIH0BGA,photos\localisy10455_1.jpg,,,,,Health & Medical,Dental Clinics,New Panvel
Sabka dentist,"Shop No 5, 1st Floor, Neel Impress Building, Plot No 92/93, above HDFC Bank &, near New Panvel Flyover, Sector-1, New Panvel East, Panvel, Maharashtra 410206, India",,Panvel,Panvel,Maharashtra,410206,8422013792,4.4,595,"dental_clinic, dentist, medical_clinic, doctor, service, health, point_of_interest, establishment",18.9966747,73.1186409,localisy025028,ChIJtzgclWzo5zsRXOZRd-YW9hw,photos\localisy10456_1.jpg,,,,,Health & Medical,Dental Clinics,New Panvel
Ramtirth Dental Clinic,"E-1/13/A-2 Ramtirth Dental Clinic, Sector 14, New Panvel East, Panvel, Maharashtra 410206, India",,Panvel,Panvel,Maharashtra,410206,9322281681,4.9,117,"dental_clinic, dentist, medical_center, medical_clinic, hospital, doctor, service, health, point_of_interest, establishment",18.9945402,73.12478209999999,localisy025029,ChIJ30i_al3o5zsRoT-pRWnFX_Q,photos\localisy10457_1.jpg,,,,,Health & Medical,Dental Clinics,New Panvel
Prajapati Dental Clinic,"Unit no. 24, First floor, Prajapati ornate, above Croma, Sector-10, New Panvel East, Panvel, Maharashtra 410206, India",,Panvel,Panvel,Maharashtra,410206,9324742877,4.9,83,"dental_clinic, medical_clinic, health, point_of_interest, establishment",19.0013811,73.1259348,localisy025030,ChIJA9FopULp5zsRpGbrZ31g2cM,photos\localisy10458_1.jpg,,,,,Health & Medical,Dental Clinics,New Panvel
Dentplus Dental Clinic,"Shop no. 3, ground floor, Neelam Apartment, MG Rd, near Yakub Baig Masjid, Mominpada, Old Panvel, Panvel, Maharashtra 410206, India",,Panvel,Panvel,Maharashtra,410206,9769886861,5,139,"dental_clinic, dentist, medical_clinic, health, point_of_interest, establishment",18.983518999999998,73.1120014,localisy025031,ChIJS3LZNDvp5zsRqycdC8mKpkA,photos\localisy10459_1.jpg,,,,,Health & Medical,Dental Clinics,New Panvel
Oracare Dental clinic,"Shop no-16, opp. Gurudwara Road, Sector 5, New Panvel East, Panvel, Maharashtra 410206, India",,Panvel,Panvel,Maharashtra,410206,8369157375,5,34,"medical_clinic, health, point_of_interest, establishment",19.005477900000002,73.1182255,localisy025032,ChIJDWZYIaHp5zsRgfmAtsdV_ns,photos\localisy10460_1.jpg,,,,,Health & Medical,Dental Clinics,New Panvel
Smile Care Dental Clinic,"1st floor, 10 janta bazaar, Sector 18, New Panvel East, Panvel, Maharashtra 410206, India",,Panvel,Panvel,Maharashtra,410206,8689891370,5,10,"dental_clinic, medical_clinic, health, point_of_interest, establishment",18.9947266,73.12105919999999,localisy025033,ChIJ5-nq7ULo5zsRuhlEZ5nE1vg,photos\localisy10461_1.jpg,,,,,Health & Medical,Dental Clinics,New Panvel
Dr Sonia Kekane Shitoles Shree swami Samarth dental clinic,"Plot 70, flat no 1 ground floor, Nandadeep society, near Dav school, Sector-9, New Panvel East, Panvel, Maharashtra 410206, India",,Panvel,Panvel,Maharashtra,410206,8828551818,5,32,"dental_clinic, dentist, medical_clinic, doctor, service, health, point_of_interest, establishment",19.0029172,73.12293249999999,localisy025034,ChIJYQ0tYKfp5zsRLWheaH3FT2Q,photos\localisy10462_1.jpg,,,,,Health & Medical,Dental Clinics,New Panvel
Smile N Shine Dental Clinic,"A Type-35/7, Bhantiya School Road, near Shrinath Dairy, Sector 13, New Panvel East, Panvel, Maharashtra 410206, India",,Panvel,Panvel,Maharashtra,410206,8600062032,4.9,23,"dental_clinic, dentist, medical_clinic, doctor, health, service, point_of_interest, establishment",18.9949411,73.12595859999999,localisy025035,ChIJmbBeUqfp5zsRHkvfM-lUAxs,,,,,,Health & Medical,Dental Clinics,New Panvel
Elegant Smile Dental Clinic,"Dr.Santosh Mali (Patil) ,Saflya plt no..2/10 opposite Ratnmani jewellers near shabri hotel, sec-2, New Panvel mbai 4000030, Sector 2, New Panvel East, Panvel, Mumbai, Panvel, Maharashtra 410206, India",,Panvel,Panvel,Maharashtra,410206,8879107479,5,86,"dental_clinic, medical_clinic, health, point_of_interest, establishment",18.9996393,73.1180846,localisy025036,ChIJ_____0To5zsR46BwobrGOM8,photos\localisy10464_1.jpg,,,,,Health & Medical,Dental Clinics,New Panvel
Dr.Rajvi’s Dental Care,"Ground floor, Ashwamedh villa, plot 12 road 20, behind petrol pump, opposite maharaja hotel, Sector 12, New Panvel East, Panvel, Maharashtra 410206, India",,Panvel,Panvel,Maharashtra,410206,8369760023,5,27,"dental_clinic, medical_clinic, health, point_of_interest, establishment",18.9971685,73.12393089999999,localisy025037,ChIJvWO67gfp5zsREA8_y8KruG0,photos\localisy10465_1.jpg,,,,,Health & Medical,Dental Clinics,New Panvel
Patil's Dental Avenue | Clinic In New Panvel,"101, Neel Aangan, Sector No 19, Plot No. 29, Road, near Shiva Complex, Sector 19, New Panvel East, Panvel, Matheran, Panvel, Maharashtra 410206, India",,Panvel,Panvel,Maharashtra,410206,8091151591,4.9,18,"dental_clinic, medical_clinic, health, point_of_interest, establishment",18.9976538,73.1219915,localisy025038,ChIJT1MNI2Dp5zsRzeedcMW1LcA,photos\localisy10466_1.jpg,,,,,Health & Medical,Dental Clinics,New Panvel
Dental space clinic,"Shop no.1, Rd Number 17, above shree mahalaxmi optics, Sector 19, New Panvel East, Panvel, Maharashtra 410206, India",,Panvel,Panvel,Maharashtra,410206,7700988668,5,14,"dental_clinic, medical_clinic, health, point_of_interest, establishment",18.997370099999998,73.12283579999999,localisy025039,ChIJTdjrofDp5zsR9niHXCpEAU4,photos\localisy10467_1.jpg,,,,,Health & Medical,Dental Clinics,New Panvel
32 Gems Dental Clinic,"Shop no.1, Rameshwar building, plot no 145, near pioneer hospital, Karna CHS, Sector 4, New Panvel East, Panvel, Maharashtra 410206, India",,Panvel,Panvel,Maharashtra,410206,8433694462,5,22,"dental_clinic, medical_clinic, health, point_of_interest, establishment",19.002464399999997,73.11946770000002,localisy025040,ChIJEVY0Torp5zsRjQjiU_MEaN4,photos\localisy10468_1.jpg,,,,,Health & Medical,Dental Clinics,New Panvel
Vichare Dental Clinic,"Chatrapati Shivaji Maharaj Marg, Old Panvel, Panvel, Maharashtra 410206, India",,Panvel,Panvel,Maharashtra,410206,9422026725,5,246,"dentist, dental_clinic, medical_clinic, doctor, health, point_of_interest, establishment",18.9888317,73.1118568,localisy025041,ChIJrVgpwTLp5zsRfL1mB1Ipd8o,photos\localisy10469_1.jpg,,,,,Health & Medical,Dental Clinics,New Panvel
Sheetal Dental Care,"Shop No 01 Plot No 31,32,33, Sai Shakti CHS Sector 05, Sector 5, New Panvel East, Panvel, Maharashtra 410206, India",,Panvel,Panvel,Maharashtra,410206,9172339040,5,24,"dental_clinic, medical_clinic, health, point_of_interest, establishment",19.0038157,73.11791989999999,localisy025042,ChIJ_YUdEETo5zsRXeLqMdNt0VQ,photos\localisy10470_1.jpg,,,,,Health & Medical,Dental Clinics,New Panvel
Smile Solution Clinic,"Executive Residency CHS, G floor, Plot-8, near Matheran Road, Sector 12, New Panvel East, Panvel, Maharashtra 410206, India",,Panvel,Panvel,Maharashtra,410206,9833643988,4.8,25,"dentist, health, point_of_interest, establishment",18.9989116,73.1259543,localisy025043,ChIJC4yIopnp5zsRTEE-SDRsAv0,photos\localisy10471_1.jpg,,,,,Health & Medical,Dental Clinics,New Panvel
Moraya multispeciality Dental clinic (MMDC),"Shop no.39, Maruthi Niwas, Sector 6, New Panvel East, Panvel, Maharashtra 410206, India",,Panvel,Panvel,Maharashtra,410206,,4.7,22,"dental_clinic, medical_clinic, health, point_of_interest, establishment",19.0097579,73.11688529999999,localisy025044,ChIJT4nywq7p5zsRMPhI_vxV53Q,photos\localisy10472_1.jpg,,,,,Health & Medical,Dental Clinics,New Panvel
Dazzle Dental Care,"Shop no-3, Shree Krishna Garden CHSL, Plot No - 44, New Panvel(W, Sector 9, Khanda Colony, Panvel, Maharashtra 410206, India",,Panvel,Panvel,Maharashtra,410206,9136794404,5,40,"dental_clinic, dentist, medical_clinic, health, point_of_interest, establishment",19.0078414,73.1132659,localisy025045,ChIJm0Mss_jp5zsRnDJ3ykXoLDU,photos\localisy10473_1.jpg,,,,,Health & Medical,Dental Clinics,New Panvel
Advanced Dental Clinic,"Shop no 3, National Plaza, Takka Rd, Takka Colony, Panvel, Navi Mumbai, Panvel, Maharashtra 410206, India",,Panvel,Panvel,Maharashtra,410206,9594290659,5,156,"dentist, dental_clinic, medical_clinic, health, service, point_of_interest, establishment",18.980681999999998,73.1186539,localisy025046,ChIJrUrBvoTp5zsRAT0Q6VzzalY,photos\localisy10475_1.jpg,,,,,Health & Medical,Dental Clinics,New Panvel
ELITE SMILE DENTAL CLINIC,"shop no 07 plot no 15, Sairama the suite, sector 06, Khanda Colony, Sector - 6, New Panvel East, Panvel, Maharashtra 410206, India",,Panvel,Panvel,Maharashtra,410206,8355939570,4.8,18,"dental_clinic, dentist, medical_clinic, health, point_of_interest, establishment",19.0112134,73.1118395,localisy025047,ChIJ03m7Wp_p5zsRlfknMe2CUVE,photos\localisy10476_1.jpg,,,,,Health & Medical,Dental Clinics,New Panvel
Mhatre dental clinic,"A Type-90/02, near Kalimata Mandir, Cidco Colony, Sector 13, New Panvel East, Panvel, Maharashtra 410206, India",,Panvel,Panvel,Maharashtra,410206,8879382781,5,5,"dental_clinic, medical_clinic, health, point_of_interest, establishment",18.995711399999998,73.1275728,localisy025048,ChIJm4Vpyl3o5zsRBVjo5UV49E4,photos\localisy10477_1.jpg,,,,,Health & Medical,Dental Clinics,New Panvel
Dr. Reddy's Dental Hub,"Dr. Reddy's Dental Hub, Shop no.12, Om Shriniketan Chs Ltd opposite Mahatma School Sector - 1, Khanda Colony, opposite Mahatma School Road, Sector - 1, New Panvel East, Panvel, Maharashtra 410206, India",,Panvel,Panvel,Maharashtra,410206,8788831249,4.9,89,"dental_clinic, medical_clinic, health, point_of_interest, establishment",19.0083303,73.10953599999999,localisy025049,ChIJzUrozlDp5zsRnKmVnciA9f4,photos\localisy10478_1.jpg,,,,,Health & Medical,Dental Clinics,New Panvel
Sai Multispeciality Dental Clinic,"SAI MULTISPECIALITY DENTAL CLINIC, Shop No 10, Sai Sharan CHS, Sector - 8, Khanda Colony, Panvel, Maharashtra 410206, India",,Panvel,Panvel,Maharashtra,410206,7900056169,4.9,121,"dental_clinic, medical_clinic, health, point_of_interest, establishment",19.0063127,73.10999509999999,localisy025050,ChIJ9xTdyjfo5zsRZvsTKuePkVA,photos\localisy10479_1.jpg,,,,,Health & Medical,Dental Clinics,New Panvel
Shah Smile and Glow Dental Clinic,"Shop No-14, Yashobalkrishna Co.op.Society, Old Panvel, Panvel, Maharashtra 410206, India",,Panvel,Panvel,Maharashtra,410206,8591057087,4.8,49,"dentist, dental_clinic, medical_clinic, doctor, health, point_of_interest, establishment",18.9843938,73.11308489999999,localisy025051,ChIJ61ytcsfp5zsRvpslkY_wni8,photos\localisy10480_1.jpg,,,,,Health & Medical,Dental Clinics,New Panvel
VC Tooth Care Dental Clinic,"Tilak Rd, Manek Nagar, Old Panvel, Panvel, Maharashtra 410206, India",,Panvel,Panvel,Maharashtra,410206,8850240401,5,80,"dental_clinic, medical_clinic, health, point_of_interest, establishment",18.9907626,73.10962119999999,localisy025052,ChIJ21NBhYbp5zsRBkL0cbxryVI,photos\localisy10481_1.jpg,,,,,Health & Medical,Dental Clinics,New Panvel
Dr. Shaikh's Dental Clinic and Implant Centre,"Shop No 2&3, Al-Hilal Apartment, MG Rd, near Janta Hotel, Kacchi Mohalla, Old Panvel, Panvel, Maharashtra 410206, India",,Panvel,Panvel,Maharashtra,410206,9773480686,4.9,101,"dentist, health, point_of_interest, establishment",18.9884383,73.1056942,localisy025053,ChIJfcfzKhTo5zsRnO-BM3ZcWyg,photos\localisy10482_1.jpg,,,,,Health & Medical,Dental Clinics,New Panvel
Sparkle White Dental Clinic,"Shop no 25, Sai Arcade, near union bank, Sector 15A, New Panvel East, Panvel, Maharashtra 410206, India",,Panvel,Panvel,Maharashtra,410206,9890770940,4.7,83,"dental_clinic, dentist, medical_clinic, health, point_of_interest, service, establishment",18.9910523,73.1243035,localisy025054,ChIJi4NWyGfo5zsReuVEGRbpDY4,photos\localisy10484_1.jpg,,,,,Health & Medical,Dental Clinics,New Panvel
Tamhankar Dental Clinic,"101- Ajinkya, First Floor, Near, Chhatrapati Shivaji Maharaj Chowk, Old Panvel, Panvel, Maharashtra 410206, India",,Panvel,Panvel,Maharashtra,410206,9321598686,4.8,202,"dentist, dental_clinic, doctor, medical_clinic, health, point_of_interest, establishment",18.988299299999998,73.11231599999999,localisy025055,ChIJ5TMO3mro5zsRLY8oEKIg3Nw,photos\localisy10485_1.jpg,,,,,Health & Medical,Dental Clinics,New Panvel
Dr. Shivani’s Dental Clinic,"Ground floor, Soham' No 3, Raseshwar Society, Janardhan Bhagat Marg, opposite CKT School, Sector 15, New Panvel East, Panvel, Maharashtra 410206, India",,Panvel,Panvel,Maharashtra,410206,7808514514,5,3,"dental_clinic, medical_clinic, health, point_of_interest, establishment",18.9925116,73.1257634,localisy025056,ChIJRSEV-Y7p5zsRcsKi5ytkgbU,photos\localisy10487_1.jpg,,,,,Health & Medical,Dental Clinics,New Panvel
Devikar Dental and Eye Clinic,"Shridarshan apt, Sector 9, Khanda Colony, Panvel, Navi Mumbai, Panvel, Maharashtra 410206, India",,Panvel,Panvel,Maharashtra,410206,9930006901,4.8,181,"dental_clinic, dentist, doctor, medical_clinic, health, point_of_interest, service, establishment",19.008567799999998,73.112019,localisy025057,ChIJucbuLfTp5zsR-ifVheZZTAE,photos\localisy10488_1.jpg,,,,,Health & Medical,Dental Clinics,New Panvel
Shree Swami Samarth Dental Clinic,"Shop No. 01 & 02, Ground Floor, JMM Savli CHS, Final, PLOT NO.- 88, 228/1, near ICICI Bank & Balaji Banquet, Old Panvel, Panvel, Maharashtra 410206, India",,Panvel,Panvel,Maharashtra,410206,9373237391,4.7,103,"dental_clinic, medical_clinic, health, point_of_interest, establishment",18.984818,73.1116837,localisy025058,ChIJgzYy22zo5zsRTJ_DPaNaqU0,photos\localisy10489_1.jpg,,,,,Health & Medical,Dental Clinics,New Panvel
Dr. Shilpa Sapre Godbole Dental Clinic,"Flat No 2, Shiv Ganga CHS, Plot No 10, opposite HP Gas, Sector-1, New Panvel East, Panvel, Maharashtra 410206, India",,Panvel,Panvel,Maharashtra,410206,8655032320,4.7,91,"dental_clinic, medical_clinic, health, point_of_interest, establishment",18.997311200000002,73.1189036,localisy025059,ChIJjwTjv0Po5zsRjUmHTDENda0,photos\localisy10490_1.jpg,,,,,Health & Medical,Dental Clinics,New Panvel
Dr. Kshipra Madaye (Siddhivinayak Dental clinic),"Siddhivinayak Dental clinic, Shop No 2, opp. to adai lake, Sector 8, New Panvel East, Panvel, Maharashtra 410206, India",,Panvel,Panvel,Maharashtra,410206,9558804975,5,1,"dentist, dental_clinic, medical_clinic, health, point_of_interest, establishment",19.004770999999998,73.122444,localisy025060,ChIJkQMoierp5zsRNnkKvrBZszc,photos\localisy10491_1.jpg,,,,,Health & Medical,Dental Clinics,New Panvel
Shitole Dental Clinic,"flat 1 ground floor, Nandadeep society, plot 70, Sector-9, New Panvel East, Panvel, Mumbai, Navi Mumbai, Maharashtra 410206, India",,Panvel,Panvel,Maharashtra,410206,,4.3,19,"dental_clinic, medical_clinic, health, point_of_interest, establishment",19.0029993,73.1229662,localisy025061,ChIJKWyoxFTp5zsRramx710woek,photos\localisy10492_1.jpg,,,,,Health & Medical,Dental Clinics,New Panvel
"Dr.Mamta Jain- Best Dentist in Panvel | Root Canal, Dental Implants, Teeth Removal & Whitening Treatment","Shop No 3, Shree Sai Krupa Society, PLOT NO.- 88, 64, VBP Road, Old Panvel, Panvel, Navi Mumbai, Panvel, Maharashtra 410206, India",,Panvel,Panvel,Maharashtra,410206,8850817740,5,36,"dental_clinic, dentist, medical_clinic, health, point_of_interest, establishment",18.986267599999998,73.11551299999999,localisy025062,ChIJ2eKGJAPp5zsRQjdh0Kdy3eM,photos\localisy10493_1.jpg,,,,,Health & Medical,Dental Clinics,New Panvel
Sasane Dental Clinic panvel | Implant Center| Microscope Enhanced Root Canal Center,"Ground floor, Shree Swami Maruti Niwas, Shivaji Rd, near Maruti Mandir, Line Ali, Old Panvel, Panvel, Maharashtra 410206, India",,Panvel,Panvel,Maharashtra,410206,9967661337,4.8,161,"dentist, dental_clinic, doctor, medical_clinic, health, point_of_interest, service, establishment",18.9894545,73.1126855,localisy025063,ChIJWc-o32ro5zsRcuKPqvs5I-Y,photos\localisy10494_1.jpg,,,,,Health & Medical,Dental Clinics,New Panvel
"Let's Smile Dental Clinic New Panvel, Dr Kshitij mandle","vijaygad shop no-1, phase-1, Ashtavinayak gruhsankul, Adaigaon, Navi Mumbai, Adai, Maharashtra 410206, India",,Panvel,Panvel,Maharashtra,410206,8369757266,5,4,"dental_clinic, medical_clinic, health, point_of_interest, establishment",19.008640200000002,73.12929679999999,localisy025064,ChIJS4KfQZHp5zsR_UNrJN6Rgrw,photos\localisy10495_1.jpg,,,,,Health & Medical,Dental Clinics,New Panvel
Dr. Pooja's Dental Clinic,"Shop 11, neel sai ganga building, Forest Colony Rd, opposite shree sai mandir, Forest Colony, Panvel, Maharashtra 410206, India",,Panvel,Panvel,Maharashtra,410206,9326044169,4.8,21,"dental_clinic, dentist, doctor, medical_clinic, health, point_of_interest, establishment",18.9878394,73.1183629,localisy025065,ChIJa_-0g7Tp5zsRBX3167UCqMo,photos\localisy10496_1.jpg,,,,,Health & Medical,Dental Clinics,New Panvel
Miracle Dental Clinic,"National Paradise, Maharashtra State Highway, Takka Colony, Panvel, Maharashtra 410206, India",,Panvel,Panvel,Maharashtra,410206,9867583264,4.9,158,"dentist, health, point_of_interest, establishment",18.979960000000002,73.1170546,localisy025066,ChIJ7TzM9XHo5zsR45L_vl_gYEI,photos\localisy10497_1.jpg,,,,,Health & Medical,Dental Clinics,New Panvel
"Pearl Dental Clinic & implant center, Panvel","Jabl-e-Rehmat Building, muslim naka, opp. Al-Madiha Apt, Old Panvel, Panvel, Maharashtra 410206, India",,Panvel,Panvel,Maharashtra,410206,9764741618,5,7,"dental_clinic, medical_clinic, health, point_of_interest, establishment",18.9867678,73.1066207,localisy025067,ChIJi-N6dbDp5zsRukc9KtwO8rs,photos\localisy10498_1.jpg,,,,,Health & Medical,Dental Clinics,New Panvel
The Dental 360 Multispeciality Clinic,"Shop no 14, Neelkanth darshan, opp. Orion Mall, Old Panvel, Panvel, Maharashtra 410206, India",,Panvel,Panvel,Maharashtra,410206,,4.8,53,"dental_clinic, dentist, doctor, medical_clinic, health, point_of_interest, service, establishment",18.993429799999998,73.1147024,localisy025068,ChIJ0_0jaevp5zsR0bggHdfaL9k,photos\localisy10499_1.jpg,,,,,Health & Medical,Dental Clinics,New Panvel
Tooth Legacy Dental Center |Implant Center |Digital Dentistry,"Vijay Rd, Sector 18, New Panvel East, Panvel, Maharashtra 410206, India",,Panvel,Panvel,Maharashtra,410206,9021621337,4.6,70,"dentist, dental_clinic, doctor, medical_clinic, health, point_of_interest, service, establishment",18.993840199999998,73.1206878,localisy025069,ChIJX4ixmkLo5zsR7rTQ8izq8IA,photos\localisy10500_1.jpg,,,,,Health & Medical,Dental Clinics,New Panvel
Shree Sainath Dental Clinic,"Prajapati Cascade, Sector-1, New Panvel East, Panvel, Maharashtra 410206, India",,Panvel,Panvel,Maharashtra,410206,9930326380,5,2,"dental_clinic, medical_clinic, health, point_of_interest, establishment",18.9988457,73.1221197,localisy025070,ChIJtUX6nOLp5zsRxi3SJfJrFDo,photos\localisy10502_1.jpg,,,,,Health & Medical,Dental Clinics,New Panvel
AR Diagnostics (Manipal TRUtest Authorised Franchisee Collection Centre),"Shop No 43, Plot no 05, near Miraj Cinema, Sector 11, New Panvel East, Panvel, Mumbai, Panvel, Maharashtra 410206, India",,Panvel,Panvel,Maharashtra,410206,9076459849,4.9,68,"medical_clinic, health, point_of_interest, establishment",18.999234599999998,73.12290329999999,localisy025071,ChIJh4Eaq-7p5zsRYb5Wjf3kV7A,photos\localisy10506_1.jpg,,,,,Health & Medical,Diagnostic Centers,New Panvel
"Metropolis Labs | Blood Test & Diagnostic Centre in Sector 6, New Panvel East","Shop No.02, Tirupati Garden, Plot No. F/7, opposite Ganesh Krupa Society, Sector 6, New Panvel East, Panvel, Maharashtra 410206, India",,Panvel,Panvel,Maharashtra,410206,,4.8,88,"medical_lab, doctor, medical_clinic, health, point_of_interest, service, establishment",19.0099351,73.1159442,localisy025072,ChIJO1zAauDr5zsRpalB-O95az0,photos\localisy10515_1.jpg,,,,,Health & Medical,Diagnostic Centers,New Panvel
"Metropolis Labs | Blood Test & Diagnostic Centre in Sector 7, Panvel","Shop No 1, Plot No.22, Kiran Cooperative Housing Society, opposite Shree Krupa Hall, Sector 7, New Panvel East, Panvel, Maharashtra 410206, India",,Panvel,Panvel,Maharashtra,410206,,4.9,71,"medical_lab, wellness_center, doctor, medical_clinic, health, point_of_interest, establishment",19.010645999999998,73.11195099999999,localisy025073,ChIJLydQfujp5zsRECIwym0DP9k,photos\localisy10527_1.jpg,,,,,Health & Medical,Diagnostic Centers,New Panvel
Book My MRI,"Shop No. 3 & 4, Plot No. 9, Tulsi Prerna Rd, Sector - 1, Khanda Colony, Panvel, Maharashtra 410206, India",,Panvel,Panvel,Maharashtra,410206,9930925304,5,37,"doctor, health, point_of_interest, establishment",19.0089219,73.108882,localisy025074,ChIJo_JnGpQZCgAR46Ex_Qmq7hY,photos\localisy10536_1.jpg,,,,,Health & Medical,Diagnostic Centers,New Panvel
"Metropolis Labs | Blood Test & Diagnostic Centre in Sector 14, New Panvel","SN E1/13/A1, Ground Floor, Om Apartment, Plot No 3, opposite Datta Mandir, Sector 14, New Panvel East, Panvel, Maharashtra 410206, India",,Panvel,Panvel,Maharashtra,410206,,4.7,40,"medical_lab, wellness_center, doctor, medical_clinic, health, point_of_interest, establishment",18.9946859,73.1247147,localisy025075,ChIJCdOBZoHp5zsRx0GZIoOqSUo,photos\localisy10546_1.jpg,,,,,Health & Medical,Diagnostic Centers,New Panvel
Aarya Diagnostic Centre,"105,Neel Enclave, W, Khanda Colony, Sector 9, New Panvel East, Panvel, Maharashtra 410206, India",,Panvel,Panvel,Maharashtra,410206,9619623047,5,3,"medical_lab, health, point_of_interest, establishment",19.0079519,73.11348319999999,localisy025076,ChIJnR3gYbTp5zsRMvkJPjmKLNk,photos\localisy10547_1.jpg,,,,,Health & Medical,Diagnostic Centers,New Panvel
SRL Diagnostic New panvel,"Shop 2, Deepak Wajiker clinic, Lakhani Symphony, Plot no 31, Back road, Sector 3, New Panvel East, Panvel, Maharashtra 410206, India",,Panvel,Panvel,Maharashtra,410206,9920278825,1,1,"medical_clinic, health, point_of_interest, establishment",19.0022601,73.12028099999999,localisy025077,ChIJZ-czS-3p5zsRY0OlS99EXe0,photos\localisy10549_1.jpg,,,,,Health & Medical,Diagnostic Centers,New Panvel
HealthAssure - Ashtvinayak Hospital | Diagnostic centre Navi Mumbai| Imaging And Diagnostics | Blood Tests & Ultrasound,"Plot No. 10, Khanda Colony, near Khandeshwar Lake, Sector -6, New Panvel East, W, Panvel, Maharashtra 410206, India",,Panvel,Panvel,Maharashtra,410206,9819194395,5,1,"medical_clinic, health, point_of_interest, establishment",19.0104637,73.10976269999999,localisy025078,ChIJqxBOnXLp5zsR5PrxuKT4GQA,,,,,,Health & Medical,Diagnostic Centers,New Panvel
SRL Diagnostics,"Shop No-1, Sai Paradise CHS, Plot No -100, near Bharat Gas Agency, Sec -1S, New Panvel East, Panvel, Maharashtra 410206, India",,Panvel,Panvel,Maharashtra,410206,9136199981,3.7,6,"medical_clinic, health, point_of_interest, establishment",18.999250099999998,73.1179646,localisy025079,ChIJM3ph7CPp5zsRZzvctC43TM8,,,,,,Health & Medical,Diagnostic Centers,New Panvel
SAI SHRADDHA DIAGNOSTICS,"Shop No 1, opposite VEER PARK HOTEL, Yamuna Kunj, BHAGATWADI, New Panvel East, Panvel, Palidevad, Maharashtra 410206, India",,Panvel,Panvel,Maharashtra,410206,9670384912,5,6,"medical_clinic, health, point_of_interest, establishment",18.9999991,73.1283874,localisy025080,ChIJYTemGkvp5zsRh1y2guW1wBo,photos\localisy10558_1.jpg,,,,,Health & Medical,Diagnostic Centers,New Panvel
New Bombay Physiotherapy & Spine Rehabilitation,"105 Neel Enclave , Sector 9, Khanda Colony, Khanda Colony, Sector 9, Greater Khanda, Panvel, Maharashtra 410206, India",,Panvel,Panvel,Maharashtra,410206,,5,2,"physiotherapist, medical_center, hospital, health, service, point_of_interest, establishment",19.0063039,73.1120844,localisy025081,ChIJ25TilIjp5zsR5-4D87PrfN0,photos\localisy10594_1.jpg,,,,,Health & Medical,Physiotherapy,New Panvel
Shaurya Physiotherapy Clinic,"Shop No. 5, Patil Complex, Khanda Colony, Sector 9, Greater Khanda, Panvel, Navi Mumbai, Panvel, Maharashtra 410206, India",,Panvel,Panvel,Maharashtra,410206,9673855138,4.7,3,"physiotherapist, health, point_of_interest, establishment",19.006401,73.11303099999999,localisy025082,ChIJsy6ZhseO4WcRBmf_Qk570rM,photos\localisy10595_1.jpg,,,,,Health & Medical,Physiotherapy,New Panvel
Danpremora Physio Rehab,"Balaji symphony, Sukhapur, F-602, Panvel Matheran Rd, New, Panvel, Navi Mumbai, Akurli, Maharashtra 410206, India",,Panvel,Panvel,Maharashtra,410206,8657126456,,,"doctor, hospital, medical_clinic, health, point_of_interest, service, establishment",19.0050339,73.1472548,localisy025083,ChIJJUwVWTvp5zsRl43ffO8K5D8,,,,,,Health & Medical,Physiotherapy,New Panvel
Parasnath Speciality Clinic | Knee and Spine Clinic in Panvel,"Blue Orchid Housing Society, Shop no 04 Behind Ashoka tailor (police uniform), Plot no-38 Sector-8, Near Police Station, Khanda Colony, Sector - 8, Greater Khanda, Panvel, Navi Mumbai, Mumbai, Maharashtra 410206, India",,Panvel,Panvel,Maharashtra,410206,9082400043,5,20,"health, point_of_interest, establishment",19.0071474,73.110691,localisy025084,ChIJNTuamtjp5zsRl1aWlgpSMSI,photos\localisy10609_1.jpg,,,,,Health & Medical,Physiotherapy,New Panvel
Dr Sourabh Kulkarni's OrthoRobo,"Vijay Marg Sector 19, next to Bank Of India, Sector 18A, New Panvel East, Panvel, Maharashtra 410206, India",,Panvel,Panvel,Maharashtra,410206,9930950099,5,136,"doctor, hospital, medical_clinic, health, point_of_interest, service, establishment",18.996579999999998,73.11908319999999,localisy025085,ChIJq1Y3ma3p5zsRDjl5ZsG91Fw,photos\localisy10610_1.jpg,,,,,Health & Medical,Physiotherapy,New Panvel
RESTORE CARE PHYSIOTHERAPY By Dr. Radha Pal,"Arunodaya Hospital, Sector-10, New Panvel East, Panvel, Maharashtra 410206, India",,Panvel,Panvel,Maharashtra,410206,,,,"physiotherapist, health, point_of_interest, establishment",19.000826,73.123251,localisy025086,ChIJKUKEqwzp5zsRqyFKYBLmDd0,photos\localisy10613_1.jpg,,,,,Health & Medical,Physiotherapy,New Panvel
AAROGYA PHYSIO CARE Physiotherapy Chiropractic,"Shop 1, Shiv Shakti, opp. Eden Park Building, Sector 9, Khanda Colony, Panvel, Maharashtra 410206, India",,Panvel,Panvel,Maharashtra,410206,,,,"chiropractor, health, point_of_interest, establishment",19.007371199999998,73.1134474,localisy025087,ChIJd9G_iVbp5zsRw6nwZN5cDQY,photos\localisy10617_1.jpg,,,,,Health & Medical,Physiotherapy,New Panvel
Evara Physiotherapy Clinic,"1st Floor, Riddhi Complex, opp. Petrol Pump, Sector - 13, Khanda Colony, Panvel, Navi Mumbai, Panvel, Maharashtra 410206, India",,Panvel,Panvel,Maharashtra,410206,,,,"medical_clinic, health, point_of_interest, establishment",19.0058446,73.1106338,localisy025088,ChIJmcv6RADp5zsRZDl4W5_jSm4,,,,,,Health & Medical,Physiotherapy,New Panvel
Dr Sarang Patki's - Orthopaedic Surgeon in Panvel,"Shreeyash Hospital, Fire Station, Vijay Rd, near New Panvel, Sector 19, New Panvel East, Panvel, Maharashtra 410206, India",,Panvel,Panvel,Maharashtra,410206,8369224048,5,81,"doctor, health, point_of_interest, establishment",18.995113699999997,73.1193486,localisy025089,ChIJuxRxWjrp5zsR9xuYyDJtwLc,photos\localisy10620_1.jpg,,,,,Health & Medical,Physiotherapy,New Panvel
Iris- Centre of Physiotherapy,"Podi no 1, Railway Station, Sector 15, New Panvel East, Panvel, Maharashtra 410206, India",,Panvel,Panvel,Maharashtra,410206,9967002555,5,4,"health, point_of_interest, establishment",18.9882761,73.12607580000001,localisy025090,ChIJR02GYejp5zsREjCY1V49xFI,photos\localisy10621_1.jpg,,,,,Health & Medical,Physiotherapy,New Panvel
Eye Connect Optician,"shop no-9, Sector-1, New Panvel East, Panvel, Maharashtra 410206, India",,Panvel,Panvel,Maharashtra,410206,8369625572,5,1,"medical_clinic, health, point_of_interest, establishment",18.998823299999998,73.122123,localisy025091,ChIJYws_gEPo5zsRgDKh9vnK5SE,photos\localisy10638_1.jpg,,,,,Health & Medical,Eye Care,New Panvel
Vision Care,"47, Dr Babasaheb Ambedkar Flyover, Khanda Colony, Sector 6, New Panvel East, Panvel, Maharashtra 410206, India",,Panvel,Panvel,Maharashtra,410206,,4.3,3,"health, store, point_of_interest, service, establishment",19.006429,73.1121151,localisy025092,ChIJz8bBLUjo5zsRDyXNJmY-0VE,photos\localisy10644_1.jpg,,,,,Health & Medical,Eye Care,New Panvel
Eye Max Opticx,"Shree Nikethan Society, Shop No. 10, Plot no 12, Sector 1, Khanda Colony, New Panvel West, Sector - 1, Greater Khanda, Panvel, Maharashtra 410206, India",,Panvel,Panvel,Maharashtra,410206,9699982420,,,"medical_clinic, health, point_of_interest, establishment",19.0077449,73.1094722,localisy025093,ChIJzfKLaTbo5zsRes8UNLc9grc,,,,,,Health & Medical,Eye Care,New Panvel
SN Eye Hospital,"Plot No. 11, ITM Institute of Health Science, Sector 12, New Panvel East, Panvel, Maharashtra 410206, India",,Panvel,Panvel,Maharashtra,410206,,,,"medical_clinic, health, point_of_interest, establishment",18.997823399999998,73.1268583,localisy025094,ChIJ7XcDK7np5zsRfUIa-mSGRdw,,,,,,Health & Medical,Eye Care,New Panvel
"SHRI VISHWANIRMAL AYURVED AND PANCHKARMA , ACUPUNCTURE CENTER","Flat 001, Classic Sargam Bldg, opposite Ambika Foods, Sector 4, New Panvel East, Panvel, Maharashtra 410206, India",,Panvel,Panvel,Maharashtra,410206,9920237206,5,6,"health, point_of_interest, establishment",19.0039124,73.12018499999999,localisy025095,ChIJ045rzlro5zsRYgLCV_7fo_4,photos\localisy10721_1.jpg,,,,,Health & Medical,Ayurveda,New Panvel
PRERNA AYURVEDIC,"Shop -5 Neel Sanskruti plot 45 /48, opposite DAV public school, Sector-9, New Panvel East, Panvel, Maharashtra 410206, India",,Panvel,Panvel,Maharashtra,410206,7738108700,5,1,"pharmacy, store, health, point_of_interest, establishment",19.0027317,73.1223618,localisy025096,ChIJ6ePSV9Dp5zsRUkqgFjn4BSA,photos\localisy10723_1.jpg,,,,,Health & Medical,Ayurveda,New Panvel
Dr. Rupali karad sonawane | BAMS MD Ayurvedic Consultant Panchkarma specialist | Yajurveda speciality clinic Navi Mumbai.,"Yajurveda speciality clinic, Road No. 9, Sector 19, New Panvel East, Panvel, Maharashtra 410206, India",,Panvel,Panvel,Maharashtra,410206,,5,2,"doctor, health, point_of_interest, establishment",18.996280199999998,73.12138279999999,localisy025097,ChIJM4r3MGzp5zsRcrQiMMSXBUs,photos\localisy10731_1.jpg,,,,,Health & Medical,Ayurveda,New Panvel
Dr. Rajput Ayurveda Clinic -Panvel,"PLOT NO 1, Janardhan Bhagat Marg, opposite cangu kana thakur School, Sector 15A, New Panvel East, Panvel, Maharashtra 410206, India",,Panvel,Panvel,Maharashtra,410206,9136723548,4.4,7,"health, point_of_interest, establishment",18.992759799999998,73.12577999999999,localisy025098,ChIJ75QuARTp5zsRdbC92bsw1IA,photos\localisy10741_1.jpg,,,,,Health & Medical,Ayurveda,New Panvel
Shifa Homoeopathic Clinic for Women & Kids,"Shop no 2, Balaji Lifestyle building, Panvel Matheran Rd, opposite hotel Mari aai, next to New World mart, Sukapur, New Panvel East, Panvel, Palidevad, Maharashtra 410206, India",,Panvel,Panvel,Maharashtra,410206,8291139885,5,28,"medical_clinic, doctor, service, health, point_of_interest, establishment",19.000386199999998,73.1314866,localisy025099,ChIJVVWlQU_o5zsRpKpzwK5N7aQ,photos\localisy10755_1.jpg,,,,,Health & Medical,Homeopathy,New Panvel
Nadar Homoeopathy Clinic,"Ground floor 1, Mahendra House, plot 188, beside karthik Dreamland apartment, Sector 4, New Panvel East, Panvel, Maharashtra 410206, India",,Panvel,Panvel,Maharashtra,410206,9004946946,5,8,"health, point_of_interest, establishment",19.003563,73.1202593,localisy025100,ChIJoWe4BGbp5zsRRsxiPjQZf3k,,,,,,Health & Medical,Homeopathy,New Panvel
Guruprasad Chikitsalaya,"Plot Number 7, Rd Number 6, near BSNL Office, opposite B10/14 Appartment, Sector 12, New Panvel East, Panvel, Maharashtra 410206, India",,Panvel,Panvel,Maharashtra,410206,9324368424,5,57,"doctor, health, point_of_interest, establishment",18.9981356,73.12574029999999,localisy025101,ChIJpSogMELp5zsRXc_kybWleXI,photos\localisy10774_1.jpg,,,,,Health & Medical,Homeopathy,New Panvel
Chaitanya Clinic Homeopathy,"Shop no- 16, 176-183, Sector-10, New Panvel East, Panvel, Maharashtra 410206, India",,Panvel,Panvel,Maharashtra,410206,7304380372,5,2,"medical_center, hospital, health, point_of_interest, service, establishment",19.003329,73.1250487,localisy025102,ChIJg8mSIdTp5zsRrz_bOLaj5Rw,photos\localisy10776_1.jpg,,,,,Health & Medical,Homeopathy,New Panvel
We Care Clinic By Dr Vaishali ( homoeopathy & weight loss),"Shree Corner Apartment, Plot 149, Sector-10, New Panvel East, Panvel, Maharashtra 410206, India",,Panvel,Panvel,Maharashtra,410206,9082932947,5,6,"skin_care_clinic, medical_clinic, health, point_of_interest, establishment",19.0021119,73.1240574,localisy025103,ChIJiVp22VDp5zsRwVuj8tneOM8,,,,,,Health & Medical,Homeopathy,New Panvel
Dr Hamza's HEALix Homeopathy Clinic,"Shop No 43, Satya Sai Plaza, Plot 05, near Miraj Cinema, Sector 11, New Panvel East, Panvel, Maharashtra 410206, India",,Panvel,Panvel,Maharashtra,410206,7304135035,5,7,"medical_clinic, health, point_of_interest, establishment",18.999234599999998,73.12290329999999,localisy025104,ChIJA-dwdz7p5zsRUf5Km2-A0w4,photos\localisy10782_1.jpg,,,,,Health & Medical,Homeopathy,New Panvel
Shri Aurobindo Homoeo Clinic,"SHOP NO 2, Twinkle, New Panvel CHS, Road No. 4, opp. GOVT SOCIETY, Sector-1, New Panvel East, Panvel, Maharashtra 410206, India",,Panvel,Panvel,Maharashtra,410206,8080431232,5,3,"health, point_of_interest, establishment",18.999113899999998,73.1191479,localisy025105,ChIJ1eEHq4zp5zsRmnSJZIV8f7U,photos\localisy10785_1.jpg,,,,,Health & Medical,Homeopathy,New Panvel
Dr. Ashwini Raval,"Shop No. 5, Plot No. 5, Sneh, Sankalp CHS, near Dominos, Sector 21, Panvel, Vichumbe, Panvel, Maharashtra 410210, India",,Kharghar,Panvel,Maharashtra,410210,,4.9,15,"doctor, health, point_of_interest, establishment",19.050004599999998,73.0654613,localisy025106,ChIJT2V0OWrp5zsRzHi9IS75tp8,photos\localisy10788_1.jpg,,,,,Health & Medical,Homeopathy,New Panvel
MIRACLE HOMOEOPATHY CLINIC,"Krishna Arcade, Sector 4, New Panvel East, Panvel, Maharashtra 410206, India",,Panvel,Panvel,Maharashtra,410206,,5,1,"health, point_of_interest, establishment",19.011404,73.1164002,localisy025107,ChIJ91yHt2Dp5zsR_bzmlj80PtA,,,,,,Health & Medical,Homeopathy,New Panvel
Dr.Rajendra K Patel homeopathy,"7, Rd Number 6, Sector 12, New Panvel East, Panvel, Maharashtra 410206, India",,Panvel,Panvel,Maharashtra,410206,,5,2,"medical_clinic, health, point_of_interest, establishment",18.9974425,73.1261353,localisy025108,ChIJbdibZwDp5zsR996lUFsjxcQ,,,,,,Health & Medical,Homeopathy,New Panvel
Essence Of Life Homeopathic Clinic New Panvel,"Shop no 21, Kalapataru Arcade, near Domino's Pizza Shop, Sector 4, New Panvel East, Panvel, Maharashtra 410206, India",,Panvel,Panvel,Maharashtra,410206,9067416898,5,1,"health, point_of_interest, establishment",19.0026792,73.1173391,localisy025109,ChIJkRirG-Hp5zsRDASSRyCIABQ,photos\localisy10795_1.jpg,,,,,Health & Medical,Homeopathy,New Panvel
SHREE GYM (Since 2008),"1st floor, Trimurti sadan, plot 30, near police station, Sector 8, New Panvel East, Panvel, Maharashtra 410206, India",,Panvel,Panvel,Maharashtra,410206,,4.9,56,"gym, sports_activity_location, health, point_of_interest, establishment",19.0074191,73.11099349999999,localisy025110,ChIJw9DlJAHp5zsRwIjfMbZT23Y,photos\localisy10803_1.jpg,,,,,Health & Medical,Gyms,New Panvel
Paramount Physiqx,"Fourth floor, Ravriya City, Sector 18, New Panvel East, Panvel, Maharashtra 410206, India",,Panvel,Panvel,Maharashtra,410206,,3.9,52,"fitness_center, gym, sports_activity_location, health, point_of_interest, establishment",18.994204099999997,73.1201117,localisy025111,ChIJhcwg5Q_p5zsRAsHn9Zac3G0,photos\localisy10807_1.jpg,,,,,Health & Medical,Gyms,New Panvel
Fitness world,"opp. Spice Wadi hotel sukhapur, New Panvel East, Panvel, Palidevad, Maharashtra 410206, India",,Panvel,Panvel,Maharashtra,410206,7021803984,4.8,47,"gym, sports_activity_location, health, point_of_interest, establishment",18.999526799999998,73.1283567,localisy025112,ChIJT9o0sgfp5zsRqsUqEej-SDg,photos\localisy10820_1.jpg,,,,,Health & Medical,Gyms,New Panvel
A FITNESS CLUB,"Om residency, gaon, Vasan Nagar, Nevali, Panvel, Maharashtra 410206, India",,Panvel,Panvel,Maharashtra,410206,,4.9,142,"gym, sports_activity_location, health, point_of_interest, establishment",19.0226796,73.1243606,localisy025113,ChIJS1VYfMjp5zsRFipsTOkKaIc,photos\localisy10821_1.jpg,,,,,Health & Medical,Gyms,New Panvel
Yuj Fitness Studio,"Shop No. 5, Varad Vinayak Complex, Plot No.4, near Salt and Pepper hotel, Sector 5, New Panvel East, Panvel, Maharashtra 410206, India",,Panvel,Panvel,Maharashtra,410206,9702650756,5,20,"fitness_center, gym, sports_activity_location, health, point_of_interest, establishment",19.0056452,73.1182456,localisy025114,ChIJFzZ-_iLp5zsRloH51-xeKpA,photos\localisy10833_1.jpg,,,,,Health & Medical,Gyms,New Panvel
Hotel food and more,"Row House, 6, Shivam Arcade, Plot No. 16, Sector-10, Sector-9, New Panvel East, Panvel, Maharashtra 410206, India",,Panvel,Panvel,Maharashtra,410206,,3.7,149,"gym, sports_activity_location, health, point_of_interest, establishment",19.0033743,73.1251346,localisy025115,ChIJrYMS7Vro5zsRxWivNjKHkuI,photos\localisy10862_1.jpg,,,,,Health & Medical,Gyms,New Panvel
Best Yoga classes at New panvel,"Navtej fitness centre, Modern Yogis Academy, Sector 12, New Panvel East, Panvel, Vichumbe, Panvel, Maharashtra 410206, India",,Panvel,Panvel,Maharashtra,410206,8828500754,3,1,"yoga_studio, fitness_center, sports_school, sports_complex, gym, sports_activity_location, health, point_of_interest, establishment",19.002575200000003,73.1249497,localisy025116,ChIJdQAAAEXo5zsRp_8irK5Lvj0,photos\localisy10881_1.jpg,,,,,Health & Medical,Yoga Centers,New Panvel
OM PRANIC HEALING CENTER,"Sector 6, New Panvel East, Panvel, Maharashtra 410206, India",,Panvel,Panvel,Maharashtra,410206,,5,12,"health, point_of_interest, establishment",19.0101272,73.1184373,localisy025117,ChIJi3J6Ctnp5zsRyGEXcddNRNo,photos\localisy10917_1.jpg,,,,,Health & Medical,Yoga Centers,New Panvel
Day 7 Chemist,"Shop Number 65, Riddhi Shidhi Residency, plot Number 53a, Sector 8, New Panvel East, Panvel, Maharashtra 410206, India",,Panvel,Panvel,Maharashtra,410206,9167911051,3.5,8,"drugstore, pharmacy, health, store, point_of_interest, establishment",19.002309999999998,73.12117800000001,localisy025118,ChIJl5hoGkXo5zsRBNC83caShCI,photos\localisy10925_1.jpg,,,,,Health & Medical,Medical Stores,New Panvel
Sai Shradha Medical & General Stores,"Shop No. 1,Classic pearl Bldg. Plot No, Sector 22, Sector 12, New Panvel East, Panvel, Maharashtra 410206, India",,Panvel,Panvel,Maharashtra,410206,9820016506,5,1,"drugstore, health, store, point_of_interest, establishment",18.9977759,73.127127,localisy025119,ChIJ8VoUaFzo5zsRJjAB-izzUHY,photos\localisy10930_1.jpg,,,,,Health & Medical,Medical Stores,New Panvel
MedPlus Railway Station Road Panvel,"Shops Nos 10 and 11 PL 18 Sec-15A, Hari Ashirwad CHS, Apt, New Panvel East, Panvel, Navi Mumbai, Panvel, Maharashtra 410206, India",,Panvel,Panvel,Maharashtra,410206,,3.8,14,"pharmacy, general_store, drugstore, food_store, health, store, food, point_of_interest, establishment",18.9907151,73.1245896,localisy025120,ChIJww-7r-rp5zsRORxTKyYeuak,photos\localisy10931_1.jpg,,,,,Health & Medical,Medical Stores,New Panvel
"Zeno Health Pharmacy - Sector -3, New Panvel.","Shop No. 18, RIDDHI SIDDHI RESIDENCY, plot no-53/53A, Sector 3, New Panvel East, Panvel, Maharashtra 410206, India",,Panvel,Panvel,Maharashtra,410206,8355893887,4.9,302,"pharmacy, drugstore, health, store, point_of_interest, establishment",19.0022321,73.1209059,localisy025121,ChIJh-GgWdTp5zsRCkaZCv6-ETk,photos\localisy10932_1.jpg,,,,,Health & Medical,Medical Stores,New Panvel
SIDDHI MEDICAL & GENRAL STORES TJSB,"shop no 5, PUSHPA SARGAM CHS, opposite SHREYASH HOSPITAL, Sector - 1, New Panvel East, SECTOR 19, Panvel, Maharashtra 410206, India",,Panvel,Panvel,Maharashtra,410206,9892288339,4.9,31,"pharmacy, health, store, point_of_interest, establishment",19.008034300000002,73.1092961,localisy025122,ChIJL49IKQrp5zsRYLAWBtyJQaY,photos\localisy10934_1.jpg,,,,,Health & Medical,Medical Stores,New Panvel
Maharashtra Medical &General Store,"Shop 7,8, Pushp Kalash Building, Matheran Rd, near Ram Balaji Mandir, Sukapur, New Panvel East, Panvel, Shilottar Raichur, Maharashtra 410206, India",,Panvel,Panvel,Maharashtra,410206,8879737343,5,21,"drugstore, health, store, point_of_interest, establishment",19.000383499999998,73.1345525,localisy025123,ChIJDcl1r1jo5zsRmcqpWTK42zQ,photos\localisy10936_1.jpg,,,,,Health & Medical,Medical Stores,New Panvel
Vinayak Medical and General Stores,"Shop No. 12, Tirupati Garden, Plot No. F-7, Sector 6, New Panvel East, Panvel, Maharashtra 410206, India",,Panvel,Panvel,Maharashtra,410206,9321040000,5,10,"pharmacy, cosmetics_store, health, store, point_of_interest, establishment",19.0097873,73.1161158,localisy025124,ChIJLRf_mq_p5zsRLIOjSk5q0Eg,photos\localisy10938_1.jpg,,,,,Health & Medical,Medical Stores,New Panvel
Jain medical,"A/28/10, sector-13, cidco colony, Sector 13, New Panvel East, Panvel, Maharashtra 410206, India",,Panvel,Panvel,Maharashtra,410206,9987829158,5,4,"pharmacy, health, store, point_of_interest, establishment",18.995924,73.1255915,localisy025125,ChIJnSDzG8vp5zsRiGk9w9ZKETA,photos\localisy10939_1.jpg,,,,,Health & Medical,Medical Stores,New Panvel
S.I.P. Medical & General Store,"X4H3+72F, Unnamed Road, Dombala, Panvel, Karanjade, Maharashtra 410206, India",,Panvel,Panvel,Maharashtra,410206,9372180870,4.2,6,"drugstore, pharmacy, health, store, point_of_interest, establishment",18.9781966,73.10255939999999,localisy025126,ChIJK3x-TA7o5zsROLrgFNDKQsQ,photos\localisy10940_1.jpg,,,,,Health & Medical,Medical Stores,New Panvel
GENERIC MEDICO,"SHOP NO.10 BALAJI NIWAS CHS LTD SECTOR NO.8 PLOT NO. 107-108 , NEW, 2449+7XX, Sector 8, New Panvel East, Panvel, Maharashtra 410206, India",,Panvel,Panvel,Maharashtra,410206,8356013960,5,8,"health, store, point_of_interest, establishment",19.0056858,73.11992769999999,localisy025127,ChIJm2BWMW7p5zsR28DekmZ2Y-8,photos\localisy10941_1.jpg,,,,,Health & Medical,Medical Stores,New Panvel
PHARMAZEN GENERIC MEDICAL,"SHOP NO 29, PLOT NO 1&2, NEW, Sector 11, New Panvel East, Panvel, Maharashtra 410206, India",,Panvel,Panvel,Maharashtra,410206,8104455042,5,11,"drugstore, health, store, point_of_interest, establishment",18.9987355,73.1230202,localisy025128,ChIJdU5Vz1Xp5zsRKtiDYuP8C7c,photos\localisy10942_1.jpg,,,,,Health & Medical,Medical Stores,New Panvel
Navratan Medical & General Store,"Shop No.7, S, Neel Gagan, Vijay Rd, Sector-1, New Panvel East, Panvel, Maharashtra 410206, India",,Panvel,Panvel,Maharashtra,410206,9768790551,4.3,6,"pharmacy, general_store, food_store, health, store, point_of_interest, food, establishment",18.999996799999998,73.1176691,localisy025129,ChIJB0NLIkTo5zsRs_ydz3_LGbg,photos\localisy10943_1.jpg,,,,,Health & Medical,Medical Stores,New Panvel
Ambaji Medical,"Shop 10, Ashwamegh Plot, 18, Khanda Colony, Sector - 8, New Panvel East, Panvel, Thane, Panvel, Maharashtra 410206, India",,Panvel,Panvel,Maharashtra,410206,8928828660,5,1,"pharmacy, health, store, point_of_interest, establishment",19.007281199999998,73.11180019999999,localisy025130,ChIJ7YoL2kno5zsRloP7L_CxZoI,photos\localisy10944_1.jpg,,,,,Health & Medical,Medical Stores,New Panvel
Modern Medical & General Stores,"Shop No.2, Plot, 22, Sukapur Rd, Sector 13, New Panvel East, Panvel, Maharashtra 410206, India",,Panvel,Panvel,Maharashtra,410206,7045097121,4.9,9,"pharmacy, general_store, food_store, health, store, point_of_interest, food, establishment",18.9962317,73.1278928,localisy025131,ChIJqTUJzF3o5zsRbexLIr4IJDE,photos\localisy10946_1.jpg,,,,,Health & Medical,Medical Stores,New Panvel
PIONEER MEDICAL AND GENERAL STORES,"2439+2R4, Karna CHS, Sector 4, New Panvel East, Panvel, Maharashtra 410206, India",,Panvel,Panvel,Maharashtra,410206,7040525166,5,2,"pharmacy, health, store, point_of_interest, establishment",19.0025075,73.1195712,localisy025132,ChIJLSOVpEXo5zsRuaTjZk0LFN0,photos\localisy10948_1.jpg,,,,,Health & Medical,Medical Stores,New Panvel
Sagar Medical,"Shop No.4, Plot, 22, Sector 13, Sukpur, Panvel, Maharashtra 410206, India",,Panvel,Panvel,Maharashtra,410206,,4.8,5,"pharmacy, health, store, point_of_interest, establishment",18.996156199999998,73.127928,localisy025133,ChIJjamPNWTp5zsR2lfODY0XWNk,photos\localisy10951_1.jpg,,,,,Health & Medical,Medical Stores,New Panvel
Unique Pharma {Retail & Wholesale},"RIDDHI SIDDHI RESIDENCY, Vaishakh Marg, Sector 8, New Panvel East, Panvel, Maharashtra 410206, India",,Panvel,Panvel,Maharashtra,410206,9870662482,5,3,"pharmacy, general_store, food_store, health, store, point_of_interest, food, establishment",19.002658,73.1208881,localisy025134,ChIJcTFmDkXo5zsRlpHaOTWcPD8,photos\localisy10952_1.jpg,,,,,Health & Medical,Medical Stores,New Panvel
Genericare Medical,"Shop No-4, Tulsi Height, Plot No-1, Sector 5, New Panvel East, Panvel, Maharashtra 410206, India",,Panvel,Panvel,Maharashtra,410206,8879688688,5,3,"pharmacy, health, store, point_of_interest, establishment",19.0055072,73.11955730000001,localisy025135,ChIJOzocLoPp5zsRmWqGKaA-YMM,photos\localisy10955_1.jpg,,,,,Health & Medical,Medical Stores,New Panvel
NEW MALGANGA MEDICAL MCBL,"Shop No 4, ASHTAVINAYAK GRUH SANKUL, PHASE 2, Adai Rd, near GAODEVI MANDIR, New Panvel East, Panvel, Adai, Maharashtra 410206, India",,Panvel,Panvel,Maharashtra,410206,8097318986,5,1,"pharmacy, health, store, point_of_interest, establishment",19.0085059,73.1293935,localisy025136,ChIJhTrnCerp5zsRiu9La5O73Ek,,,,,,Health & Medical,Medical Stores,New Panvel
Medicity Chemist,"Medicity Chemist, near Railway Station, Sector 17, New Panvel East, Panvel, Navi Mumbai, Panvel, Maharashtra 410206, India",,Panvel,Panvel,Maharashtra,410206,,,,"pharmacy, health, store, point_of_interest, establishment",18.9921309,73.12280969999999,localisy025137,ChIJ9_soafbp5zsRtU4LbMTKi94,,,,,,Health & Medical,Medical Stores,New Panvel
A.P. Surgicals,"Shop no 2, Plot no 48 to 51, PHAE 2 CHS, Sector 3, New Panvel East, Panvel, Maharashtra 410206, India",,Panvel,Panvel,Maharashtra,410206,,4.7,28,"wholesaler, health, store, point_of_interest, establishment",19.0021877,73.12077239999999,localisy025138,ChIJ6aROnbvp5zsRPiOz9z8YSRk,photos\localisy10959_1.jpg,,,,,Health & Medical,Medical Stores,New Panvel
MARUTI MEDICO,"shop no.2, plot no2, Ganesh krupa, near k k jewellers, Sector 2, New Panvel East, Panvel, Maharashtra 410206, India",,Panvel,Panvel,Maharashtra,410206,9920251233,4.7,7,"health, store, point_of_interest, establishment",18.9989077,73.1185256,localisy025139,ChIJHcT4eJjp5zsRGMQ_VSY8a6Q,photos\localisy10960_1.jpg,,,,,Health & Medical,Medical Stores,New Panvel
Helpline Medical,"X4RF+V59, Janardhan Bhagat Marg, Sector 17, New Panvel East, Panvel, Maharashtra 410206, India",,Panvel,Panvel,Maharashtra,410206,,3.5,10,"pharmacy, health, store, point_of_interest, establishment",18.9921512,73.1229877,localisy025140,ChIJORTpC2jo5zsRlBa6zUm_j3I,photos\localisy10962_1.jpg,,,,,Health & Medical,Medical Stores,New Panvel
Siddhi Medical & General Store,"Shop No. 05, Plot No. 2/4/6, Gr Flr, Pushpa Sargam, Sector-19, New Panvel East, Panvel, Navi Mumbai, Panvel, Maharashtra 410206, India",,Panvel,Panvel,Maharashtra,410206,9892288339,4.8,5,"pharmacy, health, store, point_of_interest, establishment",18.9953067,73.1200715,localisy025141,ChIJt9tPVkLo5zsRnUTBg91Cnfg,,,,,,Health & Medical,Medical Stores,New Panvel
NEW BHAVANI MEDICAL AND GENERAL STORE,"Shop No 3, POPETA PROPERTY, Panvel Matheran Rd, opposite BALAJI SYMPHONY, Sukapur, New Panvel East, Panvel, Shilottar Raichur, Maharashtra 410206, India",,Panvel,Panvel,Maharashtra,410206,9892607898,5,3,"pharmacy, health, store, point_of_interest, establishment",19.0006608,73.1335407,localisy025142,ChIJbe0e4k3p5zsRlkOncyhZXxA,photos\localisy10965_1.jpg,,,,,Health & Medical,Medical Stores,New Panvel
Riya Medical And General Stoers,"Shop No 1, Chs Plot No 30, Sai Sakti Co-Operative Housing Society, near D Mart, Sector 5, New Panvel East, Panvel, Raigad, Panvel, Maharashtra 410206, India",,Panvel,Panvel,Maharashtra,410206,7977648891,,,"pharmacy, health, store, point_of_interest, establishment",19.004402199999998,73.1185478,localisy025143,ChIJxWptb0Pp5zsR6_1Bdd2LLuI,,,,,,Health & Medical,Medical Stores,New Panvel
Shruti Medical & General Stores,"Shop No 16, Sai Swarg, Plot No B, 35, near MTNL Office, Sector 6, New Panvel East, Panvel, Maharashtra 410206, India",,Panvel,Panvel,Maharashtra,410206,9969603010,4.8,5,"drugstore, health, store, point_of_interest, establishment",19.0087856,73.1162781,localisy025144,ChIJ_TcCeFXp5zsRGTSY3CAFKOM,photos\localisy10968_1.jpg,,,,,Health & Medical,Medical Stores,New Panvel
Mahadev Medical And General Store,"A17/1, near by Datta Mandir, Sector 13, New Panvel East, Panvel, Maharashtra 410206, India",,Panvel,Panvel,Maharashtra,410206,9372992966,4.6,20,"pharmacy, health, store, point_of_interest, establishment",18.995036799999998,73.125519,localisy025145,ChIJL3u0-CHp5zsREzg2Ss6aQZ0,photos\localisy10969_1.jpg,,,,,Health & Medical,Medical Stores,New Panvel
NEW MEDLIFE MEDICAL,"Shop no-42, shubham complex, Rd Number 16, near miraj cineraj cinemas, Sector 11, New Panvel East, Panvel, Maharashtra 410206, India",,Panvel,Panvel,Maharashtra,410206,9619106548,5,2,"pharmacy, medical_center, hospital, health, store, point_of_interest, service, establishment",18.9990521,73.1231329,localisy025146,ChIJ1Vh-mibp5zsR9xdpAEn90jw,photos\localisy10971_1.jpg,,,,,Health & Medical,Medical Stores,New Panvel
Zydeka Pharma,"Raigarh, A-302 Plot-98, Gahlot Residency, Sec-1-S, New Panvel East, Panvel, Maharashtra 410206, India",,Panvel,Panvel,Maharashtra,410206,9322802783,4.7,56,"pharmacy, health, store, point_of_interest, establishment",18.9986315,73.1180464,localisy025147,ChIJ49dBIQDp5zsRZic4TwPZz_M,photos\localisy10972_1.jpg,,,,,Health & Medical,Medical Stores,New Panvel
Healthcare supplies at Home,"Shop No. 5, Kalpataru Arcade, behind Peter England, Sector 4, New Panvel East, Panvel, Maharashtra 410206, India",,Panvel,Panvel,Maharashtra,410206,8657406953,5,2,"medical_clinic, health, store, point_of_interest, establishment",19.0026171,73.11718309999999,localisy025148,ChIJu-eXPzPp5zsRIIhXvR4kaVo,photos\localisy10973_1.jpg,,,,,Health & Medical,Medical Stores,New Panvel
Bhagyoday Medical,"Shop No 21, Sector 18, New Panvel East, Panvel, Maharashtra 410206, India",,Panvel,Panvel,Maharashtra,410206,9820850780,4.9,15,"pharmacy, health, store, point_of_interest, establishment",18.9946587,73.12139909999999,localisy025149,ChIJ8yR260Lo5zsRQtS03sH5Phc,photos\localisy10974_1.jpg,,,,,Health & Medical,Medical Stores,New Panvel
MEDICITY CHEMIST SUKAPUR,"GROUND FLOOR, HOUSE NO.333, 1&333/2, SHOP NO.01 & 02, Panvel Matheran Rd, near Balaji Symphony, Sukapur, Panvel, Shilottar Raichur, Maharashtra 410206, India",,Panvel,Panvel,Maharashtra,410206,,4,4,"medical_center, hospital, health, point_of_interest, service, establishment",19.0006967,73.13353839999999,localisy025150,ChIJxQIhVADp5zsR-rblDbSMzqw,photos\localisy10977_1.jpg,,,,,Health & Medical,Medical Stores,New Panvel
Shiv Shakti Medical,"Sai Shan Cooperative Housing Society, 37B, Dr Babasaheb Ambedkar Flyover, near Shubh Sagar Restaurant, Sector 5, New Panvel East, Panvel, Maharashtra 410206, India",,Panvel,Panvel,Maharashtra,410206,9819383181,3.2,10,"pharmacy, health, store, point_of_interest, establishment",19.0046198,73.1178379,localisy025151,ChIJlb65UE_o5zsR3ICPHWlnudg,photos\localisy10979_1.jpg,,,,,Health & Medical,Medical Stores,New Panvel
"Zeno Health Pharmacy - Khanda Colony, New Panvel.","Shop no.1, Shree Darshan CHS, Plot no.34, Sector.9, Khanda Colony, Sector 9, New Panvel East, Panvel, Maharashtra 410206, India",,Panvel,Panvel,Maharashtra,410206,8928494233,4.6,50,"pharmacy, health, store, point_of_interest, establishment",19.0089401,73.1121841,localisy025152,ChIJ1_Ci793p5zsR_FBR97dHI4Y,photos\localisy10981_1.jpg,,,,,Health & Medical,Medical Stores,New Panvel
"Dr. Dnyaneshwar Thakare | MBBS, MD Medicine & Critical Care Specialist","Veer Hospital, Khanda Colony, Sector 9, Greater Khanda, Panvel, Maharashtra 410206, India",,Panvel,Panvel,Maharashtra,410206,,5,31,"doctor, health, point_of_interest, establishment",19.0063332,73.1120791,localisy025153,ChIJ1S4dqIPp5zsRFQx7KPqH6WY,photos\localisy11007_1.jpg,,,,,Health & Medical,Hospital Trusts,New Panvel
Vatsalya Polyclinic And Laproscopy Center,"AVEK APARTMENT, BLOSSOM, Citi Park CHS, PLOT NO-44, Sector - 13, Khanda Colony, Panvel, Maharashtra 410206, India",,Panvel,Panvel,Maharashtra,410206,9594944356,4.9,105,"doctor, medical_center, local_government_office, consultant, government_office, hospital, health, point_of_interest, service, establishment",19.004590999999998,73.11155099999999,localisy025154,ChIJe1NtHEjo5zsRL3mWWpMKrlc,photos\localisy11020_1.jpg,,,,,Health & Medical,Hospital Trusts,New Panvel
CHAVHAN CHEST CLINIC,"Shop No-21, Indrsprasht CHS, Plot No-1, Sector-10, Khanda Colony, near Flyover, Sector 10, New Panvel East, Panvel, Maharashtra 410206, India",,Panvel,Panvel,Maharashtra,410206,9004985020,4.7,117,"medical_clinic, hospital, doctor, health, service, point_of_interest, establishment",19.0057452,73.1123187,localisy025155,ChIJo44V0Dfo5zsRBR60WtO0Vhs,photos\localisy11037_1.jpg,,,,,Health & Medical,Hospital Trusts,New Panvel
Dr. Milind Tipnis,"Apt. No. 0:4, Building No. C-6/15, Sector 18, New Panvel East, Panvel, Maharashtra 410206, India",,Panvel,Panvel,Maharashtra,410206,9321304821,4.6,232,"doctor, health, point_of_interest, establishment",18.9944576,73.12217059999999,localisy025156,ChIJsYiqo0Lo5zsRlBnSh0DhQT8,photos\localisy11042_1.jpg,,,,,Health & Medical,Hospital Trusts,New Panvel
Jagruti Prakalp,"242C+FCQ, Sector 2, New Panvel East, Panvel, Maharashtra 410206, India",,Panvel,Panvel,Maharashtra,410206,,4.8,19,"health, point_of_interest, service, establishment",19.0012138,73.1211205,localisy025157,ChIJddG21S3p5zsR2F9L6By-Fw8,photos\localisy11058_1.jpg,,,,,Health & Medical,Nursing Homes,New Panvel
Bhusare Nursing Home & Polyclinic,"CIDCO Office, Plot no 30, Sector-1, New Panvel East, Panvel, Maharashtra 410206, India",,Panvel,Panvel,Maharashtra,410206,,3.8,34,"medical_clinic, health, point_of_interest, establishment",18.9984115,73.11858769999999,localisy025158,ChIJz4Fz9UPo5zsRvaZxB0e93fc,photos\localisy11062_1.jpg,,,,,Health & Medical,Nursing Homes,New Panvel
"Dr Nitin Joshi's , Shri Ramkrishna Nursing Home and Urological Clinic","X4XC+HWV, Sector 11, New Panvel East, Panvel, Maharashtra 410206, India",,Panvel,Panvel,Maharashtra,410206,9221617271,3.7,15,"hospital, health, point_of_interest, service, establishment",18.998992899999998,73.12231109999999,localisy025159,ChIJMXuaNOHp5zsRuu1_gJNdN6E,photos\localisy11070_1.jpg,,,,,Health & Medical,Nursing Homes,New Panvel
Rajeshwar Home Appliances,"Plot No. 40, Sai Mahal CHS, Sector 3, New Panvel East, Panvel, Maharashtra 410206, India",,Panvel,Panvel,Maharashtra,410206,8003341155,5,3,"health, point_of_interest, service, establishment",19.0015517,73.1206277,localisy025160,ChIJUeZQsKTp5zsR2o7HPTdKPkU,photos\localisy11075_1.jpg,,,,,Health & Medical,Nursing Homes,New Panvel
ITM IHS college of Nursing,"X4XH+654, Guru Tegh Bahadur Nagar, Panvel, Maharashtra 410206, India",,Panvel,Panvel,Maharashtra,410206,,4,34,"educational_institution, health, point_of_interest, establishment",18.998007299999998,73.1279404,localisy025161,ChIJhWzAKRfp5zsRB1itMJQ0yDw,photos\localisy11087_1.jpg,,,,,Health & Medical,Nursing Homes,New Panvel
Mauli Health Care 24 Pvt.Ltd,"Office no-9, Melody Tower, behind Union Bank, Sector 15A, New Panvel East, Panvel, Maharashtra 410206, India",,Panvel,Panvel,Maharashtra,410206,8356849949,5,2,"health, point_of_interest, service, establishment",18.990873999999998,73.1244955,localisy025162,ChIJy-cWDWjo5zsRcpwYbquNYNg,,,,,,Health & Medical,Home Nursing Services,New Panvel
Navya Nursing Bureau,"Jari mari road, Sukapur, Panvel, Shilottar Raichur, Maharashtra 410206, India",,Panvel,Panvel,Maharashtra,410206,,,,"service, health, point_of_interest, establishment",19.0007251,73.1342229,localisy025163,ChIJhyGoYpXp5zsRHW2wqCgmgco,photos\localisy11203_1.jpg,,,,,Health & Medical,Home Nursing Services,New Panvel
Seva Sarathi Enterprises (OPC) Pvt Ltd,"Address 201 B wing, Balaji, Aangan CHS, ST Bus depot, near Panvel, Sector 8, New Panvel East, Panvel, Maharashtra, Panvel, Maharashtra 410206, India",,Panvel,Panvel,Maharashtra,410206,,,,"health, point_of_interest, service, establishment",19.005373199999998,73.1223218,localisy025164,ChIJa3H8dVjp5zsR1IYwWH6ANUA,photos\localisy11214_1.jpg,,,,,Health & Medical,Home Nursing Services,New Panvel
श्री हॉस्पिटल,"Shree Gurudutta Niwas, 1st Floor, Infront Of, Balaji Symphony, Panvel Matheran Rd, near Balaji Mandir, Sukapur, New Panvel East, Panvel, Shilottar Raichur, Maharashtra 410206, India",,Panvel,Panvel,Maharashtra,410206,8655455655,4.2,82,"hospital, service, health, point_of_interest, establishment",19.000698399999997,73.13549979999999,localisy025165,ChIJu4sgr1jo5zsR3Tplq5dlXlo,photos\localisy11282_1.jpg,,,,,Health & Medical,Maternity Homes,New Panvel
Girija Old Age Home Panvel,"257C+P87, Panvel Matheran Rd, near Gajanan Mandir, opp. Gulab and Sons Dairy, Nere, Maharashtra 410206, India",,Panvel,Panvel,Maharashtra,410206,,5,1,"housing_complex, service, point_of_interest, establishment",19.0142898,73.1707893,localisy025166,ChIJvd60Dg7p5zsRMchcXc7tbzQ,photos\localisy11318_1.jpg,,,,,Health & Medical,Old Age Care Homes,New Panvel
Mystical Rose house,"Mystical Rose, Rd Number 6, Sector 11, New Panvel East, Panvel, Maharashtra 410206, India",,Panvel,Panvel,Maharashtra,410206,7021838110,5,1,"housing_complex, service, point_of_interest, establishment",18.9999626,73.125113,localisy025167,ChIJz0NI5pPp5zsRN3dXiCmDdu8,,,,,,Health & Medical,Old Age Care Homes,New Panvel
स्नेहकुंज आधारगृह - Snehakunj Aadhargruha,"567, Panvel Matheran Rd, Nerepada, Maharashtra 410206, India",,Panvel,Panvel,Maharashtra,410206,9594965684,4.9,9,"health, service, point_of_interest, establishment",19.0133786,73.1694894,localisy025168,ChIJ5689Eybp5zsRZB5g2vn5R74,photos\localisy11325_1.jpg,,,,,Health & Medical,Old Age Care Homes,New Panvel
Tirupati Garden New Panvel,"New Panvel East, Sector 6, New Panvel East, Panvel, Maharashtra 410206, India",,Panvel,Panvel,Maharashtra,410206,,4.5,58,"apartment_building, point_of_interest, service, establishment",19.0097873,73.1161158,localisy025169,ChIJiXClsw_p5zsRdRuCUktWXQY,photos\localisy11349_1.jpg,,,,,Health & Medical,Old Age Care Homes,New Panvel
"Metropolis Labs | Blood Test & Diagnostic Centre in Sector 2, New Panvel","Stafalya Goverment Housing Society, PN 9, near Sabri Hotel, Sector 2, New Panvel East, Panvel, Navi Mumbai, Panvel, Maharashtra 410206, India",,Panvel,Panvel,Maharashtra,410206,,4.6,16,"wellness_center, medical_lab, medical_clinic, doctor, health, point_of_interest, establishment",18.999305,73.118177,localisy025170,ChIJb8MZoj_p5zsR38I7aZbkr94,photos\localisy11406_1.jpg,,,,,Health & Medical,Pathology Labs,New Panvel
SHREE PATHOLOGY LAB,"kartikeya garden building, gurutegh bahadur road, near jarimari temple, Sukapur, New Panvel East, Panvel, Palidevad, Maharashtra 410206, India",,Panvel,Panvel,Maharashtra,410206,8369863802,5,7,"medical_lab, health, point_of_interest, establishment",18.997086499999998,73.12970589999999,localisy025171,ChIJNSdbJ9Tp5zsRjBcE_d6UW8U,photos\localisy11409_1.jpg,,,,,Health & Medical,Pathology Labs,New Panvel
Uplift Essentials,"Shop no 1 House no 123 Ground floor Vimalwadi, opposite to new world mart and Mauli car wash centre, Sukapur, New Panvel East, Panvel, Shilottar Raichur, Maharashtra 410206, India",,Panvel,Panvel,Maharashtra,410206,9152441055,5,69,"massage, point_of_interest, service, establishment",19.0009738,73.1375509,localisy025172,ChIJHcAmfdbp5zsR63MvD5txIHk,photos\localisy11431_1.jpg,,,,,Beauty & Wellness,Spas,New Panvel
7 Stars Unisex Salon,"Shop No. 1, ro. House, New Kailash Cooperative Housing Society, opp. IndusInd Bank, Sector 12, New Panvel East, Panvel, Maharashtra 410206, India",,Panvel,Panvel,Maharashtra,410206,9920451266,4.9,783,"beauty_salon, point_of_interest, service, establishment",18.9987381,73.1251216,localisy025173,ChIJWfCeXwDp5zsRHmbtkP33mBQ,photos\localisy11448_1.jpg,,,,,Beauty & Wellness,Spas,New Panvel
Miracle Aesthetic Beauty Centre & Academy.,"Shop Number 1, Pushp Kalash 2 Building, Balaji Symphony tower, Tapovan stop, near Akshar Digital & Shree Hospital, next to Balaji Mandir & Shreeram Kirana store, Sukapur, New Panvel East, Panvel, Shilottar Raichur, Maharashtra 410206, India",,Panvel,Panvel,Maharashtra,410206,8108755396,4.9,564,"beauty_salon, medical_clinic, health, point_of_interest, service, establishment",19.0004528,73.1350673,localisy025174,ChIJoz2Fr1jo5zsREdguqRfUxMs,photos\localisy11455_1.jpg,,,,,Beauty & Wellness,Spas,New Panvel
Prapti's parlour,"Shop No23, Sai Arcade, near, Railway Station, Sector 15A, New Panvel East, Panvel, Maharashtra 410206, India",,Panvel,Panvel,Maharashtra,410206,9619319227,4.8,64,"beauty_salon, point_of_interest, service, establishment",18.9909626,73.12429039999999,localisy025175,ChIJcy3Nlmfo5zsRP66INM-NB9o,photos\localisy11461_1.jpg,,,,,Beauty & Wellness,Spas,New Panvel
Divine Fuzion,"Sai Arcade, Sector 15A, New Panvel East, Panvel, Maharashtra 410206, India",,Panvel,Panvel,Maharashtra,410206,,4.5,22,"beauty_salon, point_of_interest, service, establishment",18.9909634,73.1242788,localisy025176,ChIJObkhadjp5zsRorTj1Y-kngs,photos\localisy11467_1.jpg,,,,,Beauty & Wellness,Spas,New Panvel
Nails By Diya,"22-A swapnapurti, Row House, sec :-06, Sector 6, New Panvel East, Panvel, Maharashtra 410206, India",,Panvel,Panvel,Maharashtra,410206,,5,2,"nail_salon, beauty_salon, point_of_interest, service, establishment",19.008120299999998,73.1183772,localisy025177,ChIJvUtK013p5zsRGB4OOW8XofQ,photos\localisy11478_1.jpg,,,,,Beauty & Wellness,Nail Studios,New Panvel
MD nails by Mansi,"Vichumbe Village Rd, New Panvel East, Navi Mumbai, Vichumbe, Maharashtra 410206, India",,Panvel,Panvel,Maharashtra,410206,8108776363,4.9,8,"nail_salon, beauty_salon, point_of_interest, service, establishment",18.987171,73.133965,localisy025178,ChIJ-fIHdtLp5zsRMdLsebUWzMk,photos\localisy11479_1.jpg,,,,,Beauty & Wellness,Nail Studios,New Panvel
The Tipsy Nail Archive,"Sector-1, New Panvel East, Panvel, Maharashtra 410206, India",,Panvel,Panvel,Maharashtra,410206,9239774760,,,"nail_salon, beauty_salon, point_of_interest, service, establishment",18.9969586,73.118954,localisy025179,ChIJ8ztPHp_p5zsRzuXik_QgIUA,photos\localisy11486_1.jpg,,,,,Beauty & Wellness,Nail Studios,New Panvel
Shreya's Nails Art,"Khandeshwar, near by Hanuman temple, Sector 4B, Khanda Colony, Panvel, Mumbai, Panvel, Maharashtra 410218, India",,Roadpali,Panvel,Maharashtra,410218,8779657407,4.1,13,"nail_salon, beauty_salon, point_of_interest, service, establishment",19.012886400000003,73.1121244,localisy025180,ChIJx3tIIW3p5zsRPJxMQQI8Qac,photos\localisy11489_1.jpg,,,,,Beauty & Wellness,Nail Studios,New Panvel
S.A FAMILY SALON & ACADEMY,"Shree SuryaKiran chs plot no 5 sector 5 shop no 12, Shop name, family salon & academy, s a, opposite Gurudwara Road, Sector 5, New Panvel East, Panvel, Maharashtra 410206, India",,Panvel,Panvel,Maharashtra,410206,8976505197,5,83,"beauty_salon, point_of_interest, service, establishment",19.005476200000004,73.117843,localisy025181,ChIJ8bWcSpjp5zsRulyOQljK-Wg,photos\localisy11499_1.jpg,,,,,Beauty & Wellness,Nail Studios,New Panvel
Makeup n Nail by Vidya,"Sector 3, New Panvel East, Panvel, Maharashtra 410206, India",,Panvel,Panvel,Maharashtra,410206,9507979555,4.2,5,"makeup_artist, nail_salon, beauty_salon, point_of_interest, service, establishment",18.998189099999998,73.12198010000002,localisy025182,ChIJqV0cYI7p5zsR0wTAi3SbpV0,photos\localisy11509_1.jpg,,,,,Beauty & Wellness,Nail Studios,New Panvel
Bloomunisexsalon,"Shop no7, ganesh spride, plot no4, Sector 5A, Sector 5, Karanjade, Panvel, Karanjade, Maharashtra 410206, India",,Panvel,Panvel,Maharashtra,410206,7208067155,4.9,54,"nail_salon, tanning_studio, beauty_salon, spa, point_of_interest, service, establishment",18.9765047,73.10727220000001,localisy025183,ChIJrZfl0dvp5zsRF8uEFkodJdE,photos\localisy11513_1.jpg,,,,,Beauty & Wellness,Nail Studios,New Panvel
3D Salon,"Shop no: 47, NATIONAL PARADISE, Takka Colony, Panvel, Maharashtra 410206, India",,Panvel,Panvel,Maharashtra,410206,9834064010,4.7,280,"beauty_salon, point_of_interest, service, establishment",18.9800145,73.1173252,localisy025184,ChIJG3s8iCXp5zsReFFNAf46GAc,photos\localisy11514_1.jpg,,,,,Beauty & Wellness,Nail Studios,New Panvel
Hair Craft Family Salon,"Shop no 002, Indraprasth CHS, New, Sector 10, Khanda Colony, Panvel, Maharashtra 410206, India",,Panvel,Panvel,Maharashtra,410206,8454072714,4.9,365,"beauty_salon, point_of_interest, service, establishment",19.0056743,73.11189689999999,localisy025185,ChIJXVpDdmPp5zsRrPKKswWIsss,photos\localisy11525_1.jpg,,,,,Beauty & Wellness,Nail Studios,New Panvel
Niomi,"Shop no 1, 1st floor, Prajapati Ornate, near Lenskart and Croma, Sector-10, New Panvel East, Panvel, Maharashtra 410206, India",,Panvel,Panvel,Maharashtra,410206,9082339465,5,17,"skin_care_clinic, medical_clinic, health, point_of_interest, establishment",19.0023083,73.12550019999999,localisy025186,ChIJoxRD8wHp5zsRjNV3-jtBBdw,photos\localisy11539_1.jpg,,,,,Beauty & Wellness,Skin Clinics,New Panvel
Pure Beauty Care,"Shop No 1, Prem Nivas, opposite Shreeyash Hospital, near Swaro Bites, Sector 19, New Panvel East, Panvel, Maharashtra 410206, India",,Panvel,Panvel,Maharashtra,410206,9325999511,5,7,"skin_care_clinic, medical_clinic, health, point_of_interest, establishment",18.996582999999998,73.123813,localisy025187,ChIJkUKyvazp5zsRoBJmOghezeQ,photos\localisy11552_1.jpg,,,,,Beauty & Wellness,Skin Clinics,New Panvel
Ink and Beauty Clinic,"New, Sector 11, New Panvel East, Panvel, Maharashtra 410206, India",,Panvel,Panvel,Maharashtra,410206,,,,"skin_care_clinic, medical_clinic, health, point_of_interest, establishment",18.9993603,73.1255726,localisy025188,ChIJM7OK4BDp5zsR8yIK9tybUlA,,,,,,Beauty & Wellness,Skin Clinics,New Panvel
Shreya Clinic,"Panvel, Shop No 1, Sai Dham CHS, Khanda Colony, Sector 4B, Asudgaon, Greater Khanda, Panvel, Maharashtra 410218, India",,Roadpali,Panvel,Maharashtra,410218,9619851857,5,3,"skin_care_clinic, medical_clinic, health, point_of_interest, establishment",19.0129689,73.11266959999999,localisy025189,ChIJV9t0jUro5zsRMMWEzDNAv74,photos\localisy11565_1.jpg,,,,,Beauty & Wellness,Skin Clinics,New Panvel
Ritu Family Clinic,"Shop No.7, Sai Sakti Co-Operative Housing Society, Complex, Gurudwara Rd, Sector 5, New Panvel East, Panvel, Maharashtra 410206, India",,Panvel,Panvel,Maharashtra,410206,9892129637,5,4,"medical_clinic, health, point_of_interest, establishment",19.0044056,73.1180985,localisy025190,ChIJYY9IWE_o5zsRCkS58-K81xU,photos\localisy11569_1.jpg,,,,,Beauty & Wellness,Skin Clinics,New Panvel
Dr. Shivani's OraMax Aesthetica,"Shop no. 1, Om Shree Niketan society, plot no. 12, Sector - 1, Khanda Colony, Panvel, Maharashtra 410206, India",,Panvel,Panvel,Maharashtra,410206,9076801606,5,81,"dental_clinic, doctor, medical_clinic, health, point_of_interest, establishment",19.008250000000004,73.1093491,localisy025191,ChIJE1grBuLp5zsR-_BnwCm1EBA,photos\localisy11581_1.jpg,,,,,Beauty & Wellness,Skin Clinics,New Panvel
Jain Clinic,"E1/22/B2, Sector 14, New Panvel East, Panvel, Maharashtra 410206, India",,Panvel,Panvel,Maharashtra,410206,9322024677,4.5,6,"medical_clinic, health, point_of_interest, establishment",18.994814599999998,73.12577329999999,localisy025192,ChIJEfFODV3o5zsRpzd7JFwK3CM,photos\localisy11585_1.jpg,,,,,Beauty & Wellness,Skin Clinics,New Panvel
Pankaj Mehandi Artist,"Kamal Supermarket, Khanda Colony, near Indian Petrol Pump, Sector - 13, New Panvel East, Panvel, Mumbai, Panvel, Maharashtra 410206, India",,Panvel,Panvel,Maharashtra,410206,8433591958,4.8,45,"body_art_service, point_of_interest, establishment",19.0060012,73.11087669999999,localisy025193,ChIJqzBQHaLp5zsRmZBeVYZ2vsM,photos\localisy11627_1.jpg,,,,,Beauty & Wellness,Tattoo Studios,New Panvel
Tattoos 41,"Shop no:78, Shiva Complex, Ganesh market, Sector 12, New Panvel East, Panvel, Maharashtra 410206, India",,Panvel,Panvel,Maharashtra,410206,8104248433,5,1,"body_art_service, point_of_interest, service, establishment",18.9976934,73.1227833,localisy025194,ChIJpx-AWT3p5zsRLDTYX30ZERY,photos\localisy11632_1.jpg,,,,,Beauty & Wellness,Tattoo Studios,New Panvel
Priyanka Beauty Parlour,"Lotus, Plot no 7, Rd Number 5, Sector 11, New Panvel East, Panvel, Maharashtra 410206, India",,Panvel,Panvel,Maharashtra,410206,9821752591,4.9,50,"beauty_salon, service, point_of_interest, establishment",19.0007675,73.12521629999999,localisy025195,ChIJc8OnO1vo5zsRI8jH6SGcThY,photos\localisy11714_1.jpg,,,,,Beauty & Wellness,Beauty Parlours,New Panvel
D Dreams beauty salon,"Shop no: 55, RIDDHI SIDDHI RESIDENCY, plot no: 53&53, Sector 3, New Panvel East, Panvel, Maharashtra 410206, India",,Panvel,Panvel,Maharashtra,410206,,5,12,"beauty_salon, service, point_of_interest, establishment",19.0039931,73.117431,localisy025196,ChIJl9chFQDp5zsRmxq4mKZtiAk,photos\localisy11718_1.jpg,,,,,Beauty & Wellness,Beauty Parlours,New Panvel
Enhance Family Salon,"Shop no 07, Indraprasth building, Khanda Colony, sec 10, New Panvel East, Panvel, Maharashtra 410206, India",,Panvel,Panvel,Maharashtra,410206,9326256678,5,205,"beauty_salon, service, point_of_interest, establishment",19.005833,73.11198259999999,localisy025197,ChIJkSxdruDp5zsRY9haWLZdAIE,photos\localisy11721_1.jpg,,,,,Beauty & Wellness,Beauty Parlours,New Panvel
AR Beauty Lounge & Academy | Makeup Parlour in Panvel,"Shop No 8, Ram View, DEEP CITY, Road, New Panvel East, Usarli Khurd, Navi Mumbai, Usarli Kh., Maharashtra 410206, India",,Panvel,Panvel,Maharashtra,410206,8879519848,4.8,18,"beauty_salon, service, point_of_interest, establishment",18.979988199999998,73.1344333,localisy025198,ChIJD_KKQp_p5zsRGsxBMIXcT9c,photos\localisy11724_1.jpg,,,,,Beauty & Wellness,Beauty Parlours,New Panvel
Beauty Bliss Salon and Makeup Studio,"Blue Star, Plot No 77, near DAV Public School, Sector-9, New Panvel East, Panvel, Maharashtra 410206, India",,Panvel,Panvel,Maharashtra,410206,8975572865,5,3,"beauty_salon, service, point_of_interest, establishment",19.0037411,73.1233118,localisy025199,ChIJYZs1tfXp5zsRfd4VgON6Qnw,photos\localisy11726_1.jpg,,,,,Beauty & Wellness,Beauty Parlours,New Panvel
Ashvira beauty Studio,"Sai Arcade, Sector 15A, New Panvel East, Panvel, Maharashtra 410206, India",,Panvel,Panvel,Maharashtra,410206,7450030500,4.9,46,"beauty_salon, service, point_of_interest, establishment",18.991267099999998,73.1241309,localisy025200,ChIJO8pzmT_p5zsRzzj-9cGiuGM,photos\localisy11728_1.jpg,,,,,Beauty & Wellness,Beauty Parlours,New Panvel
The Beauty Spot,"Shop 2, Sai Saaj Cooperative Housing Limited, opp. Gurudwara Road, Sector 5, New Panvel East, Panvel, Maharashtra 410206, India",,Panvel,Panvel,Maharashtra,410206,9579370415,5,10,"beauty_salon, service, point_of_interest, establishment",19.0054224,73.1185943,localisy025201,ChIJ5Y2yqefp5zsRFytBXU8aEA8,photos\localisy11733_1.jpg,,,,,Beauty & Wellness,Beauty Parlours,New Panvel
Jawed Habib Hair and Beauty Salon,"Row house 4, Suyash CHS, Plot no. 2, opp. Shabari Hotel, Sector 2, New Panvel East, Panvel, Maharashtra 410206, India",,Panvel,Panvel,Maharashtra,410206,9619690290,3.9,11,"hair_salon, hair_care, service, point_of_interest, establishment",19.0001565,73.1179168,localisy025202,ChIJI96IlEPp5zsRA1IOlNiKfZU,photos\localisy11739_1.jpg,,,,,Beauty & Wellness,Beauty Parlours,New Panvel
Blossom Beauty parlour,"Shop No. 6, Sai shakti chs, opposite of Sai Sansar Complex, Sector 5, New Panvel East, Panvel, Maharashtra 410206, India",,Panvel,Panvel,Maharashtra,410206,9220810504,5,4,"beauty_salon, service, point_of_interest, establishment",19.004048700000002,73.1180862,localisy025203,ChIJOUKLwiLp5zsRrhsRZQdYEeI,photos\localisy11743_1.jpg,,,,,Beauty & Wellness,Beauty Parlours,New Panvel
"Vijaya Beauty Parlour,Shop No 145,Mahalaxmi complex,Mahalaxmi Nagar, Nere ,New Panvel","Panvel Matheran Road, Shop no 145, Mahalaxmi Complex, New, Mahalaxmi Nagar, Panvel, Nere, Navi Mumbai, Maharashtra 410206, India",,Panvel,Panvel,Maharashtra,410206,7039583443,4.9,45,"beauty_salon, service, point_of_interest, establishment",19.0100387,73.17209439999999,localisy025204,ChIJY-ZWI5_p5zsRtKFMPvLMWWQ,photos\localisy11746_1.jpg,,,,,Beauty & Wellness,Beauty Parlours,New Panvel
Hasina Parlour,"Shop No. 06, Crystal Plaza, New Panvel East - Vichumbe Rd, near Auto Stand, New Panvel East, Adaigaon, Adai, Maharashtra 410206, India",,Panvel,Panvel,Maharashtra,410206,9136853213,5,45,"beauty_salon, service, point_of_interest, establishment",19.008817999999998,73.1281067,localisy025205,ChIJu4GHTkLp5zsRak_0Bm_uvNw,photos\localisy11747_1.jpg,,,,,Beauty & Wellness,Beauty Parlours,New Panvel
Geeta's Ladies Beauty Parlour,"Shop no -4,plot no .186/187,Sector-4, Sector 4, New Panvel East, Panvel, Maharashtra 410206, India",,Panvel,Panvel,Maharashtra,410206,9359561868,4.7,32,"beauty_salon, service, point_of_interest, establishment",19.003419200000003,73.1203179,localisy025206,ChIJFaqdkgu_5zsRgPeosQT4MEI,photos\localisy11748_1.jpg,,,,,Beauty & Wellness,Beauty Parlours,New Panvel
Glamour Beauty Parlour,"Shop no 101 Pushpakanta, 1st Floor Plot no, 6, Rd Number 18, Sector-1, New Panvel East, Panvel, Maharashtra 410206, India",,Panvel,Panvel,Maharashtra,410206,8976334531,4,14,"beauty_salon, service, point_of_interest, establishment",18.9997395,73.1216328,localisy025207,ChIJ5xdJi4vp5zsRKOQIDjD6Cuw,photos\localisy11750_1.jpg,,,,,Beauty & Wellness,Beauty Parlours,New Panvel
Oraa Ladies beauty salon,"LAKHANI, Lakhanis Dolphin Apartments, SHOP-01, PL-22, Sector 13, New Panvel East, Panvel, Maharashtra 410206, India",,Panvel,Panvel,Maharashtra,410206,9136837601,4.7,12,"beauty_salon, service, point_of_interest, establishment",18.996208199999998,73.1276929,localisy025208,ChIJEQ2KXQHp5zsRriU9P-dsjBg,photos\localisy11753_1.jpg,,,,,Beauty & Wellness,Beauty Parlours,New Panvel
Shivani Beauty Parlour &classes professional makeup,"SHOP NO 4, GURUPREM CHS, Sector - 8, Khanda Colony, सेक्टर 3, न्यू पनवेल ईस्ट, पनवेल, महाराष्ट्र 410206, India",,Panvel,Panvel,Maharashtra,410206,9619975845,4.5,25,"beauty_salon, service, point_of_interest, establishment",19.0015736,73.12020799999999,localisy025209,ChIJ5WlhrDfo5zsRUR8Q3aztiWw,photos\localisy11755_1.jpg,,,,,Beauty & Wellness,Beauty Parlours,New Panvel
Sheetal Professional Makeup Artist,"Shop No 13, Aishwarya Beauty Parlour, Sector 11, New Panvel East, Panvel, Maharashtra 410206, India",,Panvel,Panvel,Maharashtra,410206,9594216455,4.8,114,"makeup_artist, point_of_interest, establishment",18.998951299999998,73.1221082,localisy025210,ChIJ9Ucsw4Pp5zsRB6WBzR-dA2M,photos\localisy11759_1.jpg,,,,,Beauty & Wellness,Beauty Parlours,New Panvel
Ophelia Family Salon and Academy,"Shubhdarshan Apartments, PL-157-160, Vijay Marg, Sector-9, New Panvel East, Panvel, Maharashtra 410206, India",,Panvel,Panvel,Maharashtra,410206,9930376355,4.4,36,"beauty_salon, service, point_of_interest, establishment",19.0047931,73.1236814,localisy025211,ChIJD3UlcQ3p5zsRfm8wJCNfDW0,photos\localisy11760_1.jpg,,,,,Beauty & Wellness,Beauty Parlours,New Panvel
Alkas Beauty Planet And Academy,"Shop No 01 & 04, Plot No 6, Khanda Colony, Sector 9, Khanda Colony, Panvel, Maharashtra 410206, India",,Panvel,Panvel,Maharashtra,410206,9819616298,4.2,63,"beauty_salon, beautician, makeup_artist, school, educational_institution, service, point_of_interest, establishment",19.006348499999998,73.1140295,localisy025212,ChIJ____r0no5zsR9AQEP-UYego,photos\localisy11761_1.jpg,,,,,Beauty & Wellness,Beauty Parlours,New Panvel
Queen Beauty Parlour,"Gokul Society, Vaishakh Marg, Sector 4, New Panvel East, Panvel, Maharashtra 410206, India",,Panvel,Panvel,Maharashtra,410206,9321201017,4.1,44,"beauty_salon, service, point_of_interest, establishment",19.0037068,73.1204217,localisy025213,ChIJTXlndEXo5zsROUJIcWaT8UA,photos\localisy11762_1.jpg,,,,,Beauty & Wellness,Beauty Parlours,New Panvel
FACELINE,"Faceline, plot- C-5/31 Behind Dr. Pillai's Global Academy Sector - 7, Khanda Colony, Sector 7, New Panvel East, w, Panvel, Maharashtra 410206, India",,Panvel,Panvel,Maharashtra,410206,9323762765,4.6,62,"beauty_salon, makeup_artist, school, educational_institution, service, point_of_interest, establishment",19.0115286,73.11379149999999,localisy025214,ChIJz3FRCUro5zsRChDHRu6Yomc,photos\localisy11763_1.jpg,,,,,Beauty & Wellness,Beauty Parlours,New Panvel
THE SALON,"Row house 4, suyash CHS, Plot no 2, opp. Shabari Hotel, Sector 2, New Panvel East, Panvel, Maharashtra 410206, India",,Panvel,Panvel,Maharashtra,410206,9326851236,4.7,16,"beauty_salon, hair_salon, hair_care, service, point_of_interest, establishment",19.0002294,73.1179255,localisy025215,ChIJfbW7APjp5zsR3IrdQtxkvf4,photos\localisy11764_1.jpg,,,,,Beauty & Wellness,Beauty Parlours,New Panvel
"Dietitian Prachi Ambolkar | Best Dietitian for Weight loss, Weight Gain, PreDiabetes Reversal , PCOS, Diabetic Diet.","Wellness Centauri' Diet Clinic, Shop No.A02, Plot no.210-211 Sector-4, Diamond Park Society, and 12, Between, Rd Number 11, Sector 8, New Panvel East, Panvel, Maharashtra 410206, India",,Panvel,Panvel,Maharashtra,410206,9920354577,4.9,84,"consultant, health, service, point_of_interest, establishment",19.0036937,73.1204192,localisy025216,ChIJJX4TKKzp5zsR19eLz-NwXvI,photos\localisy11832_1.jpg,,,,,Beauty & Wellness,Slimming Centers,New Panvel
Healthy U Turn by Dt. Saima Shaikh (Dietician in Kharghar & Nutritionist in Kharghar),"C-Wing, Elite Enclave, 1401, opposite Medicover Hospital, Anushaktinagar, Sector 10, Kharghar, Panvel, Maharashtra 410210, India",,Kharghar,Panvel,Maharashtra,410210,8082795348,5,93,"consultant, service, health, point_of_interest, establishment",19.0362504,73.0776917,localisy025217,ChIJc1oWECbJ5zsRBe-XKyJYHB4,photos\localisy11850_1.jpg,,,,,Beauty & Wellness,Slimming Centers,New Panvel
Femma Clinic and Diagnostics - Best Gynecologist in Khanda Colony,"shop no1, Aura luxisca, plot no 6, Sector 17, Khanda Colony, Greater Khanda, Panvel, Maharashtra 410206, India",,Panvel,Panvel,Maharashtra,410206,8779637007,4.9,49,"doctor, health, point_of_interest, establishment",19.009002799999998,73.1062649,localisy025218,ChIJCaY1E-Xp5zsRLQQRzBITJ4Y,photos\localisy11857_1.jpg,,,,,Beauty & Wellness,Slimming Centers,New Panvel
Nilofer's Nutrition Diet and Metabolic reset : Diet Plan for Weight Gain,"Hari Priya apt, Sector 12, New Panvel East, Panvel, Maharashtra 410210, India",,Kharghar,Panvel,Maharashtra,410210,7045775811,5,3,"consultant, medical_clinic, health, point_of_interest, service, establishment",18.9978196,73.1237027,localisy025219,ChIJiYfVcnvp5zsRvw7L_I-0iSw,photos\localisy11868_1.jpg,,,,,Beauty & Wellness,Slimming Centers,New Panvel
JOURNEY TO FITNESS,"JOURNEY TO FITNESS , NUTRITION CENTRE Shree Sidhivinayak Encave shop No.11, E) 410206, near DAV PUBLIC SCHOOL, Sector 8, New Panvel East, Panvel, Maharashtra 410206, India",,Panvel,Panvel,Maharashtra,410206,,5,2,"consultant, health, point_of_interest, service, establishment",19.0036693,73.12173,localisy025220,ChIJrXx6MH3p5zsR00_gaeTTqEc,photos\localisy11871_1.jpg,,,,,Beauty & Wellness,Slimming Centers,New Panvel
"The Wellness Jar Diet Clinic - Best Nutrition & Diet Clinic in Kharghar,Navi Mumbai","Sector 21, Kharghar, Panvel, Maharashtra 410210, India",,Kharghar,Panvel,Maharashtra,410210,7044091181,5,16,"consultant, health, point_of_interest, service, establishment",19.050186,73.0677082,localisy025221,ChIJO_G3l6jD5zsRHNVxZTnxu3M,photos\localisy11880_1.jpg,,,,,Beauty & Wellness,Slimming Centers,New Panvel
SHELKE AIR CONDITIONING,"Shop No 3, Hill View CHS, LAKE, opposite ADAI, Sector 8, New Panvel East, Panvel, Maharashtra 410206, India",,Panvel,Panvel,Maharashtra,410206,8356043909,5,1,"point_of_interest, service, establishment",19.0056024,73.1221673,localisy025222,ChIJw04-QQjp5zsR2uqqzTT6LT0,photos\localisy12180_1.jpg,,,,,Home Services,AC Repair,New Panvel
Shubham Car Air Condition Service,"Shop No. 9, Shree Ganesh Plaza, 2, New, Sector - 1, Khanda Colony, Panvel, Maharashtra 410206, India",,Panvel,Panvel,Maharashtra,410206,8655550992,3.9,16,"car_repair, point_of_interest, service, establishment",19.006305599999997,73.1112778,localisy025223,ChIJ86np0zXo5zsRPAv8KzbxfiE,photos\localisy12185_1.jpg,,,,,Home Services,AC Repair,New Panvel
Daikin Airconditioning Solution Plaza,"7, Bhoomi LandMark, Khandeshwar Station Road, Sector 17, New, Panvel, Maharashtra 410206, India",,Panvel,Panvel,Maharashtra,410206,9819077234,4.1,28,"store, point_of_interest, establishment",19.0058744,73.1070275,localisy025224,ChIJoX_GrP_p5zsR17tWTB9cTeA,photos\localisy12191_1.jpg,,,,,Home Services,AC Repair,New Panvel
N S Aircon,"2448+CMV, Gurudwara Rd, Sector 6, New Panvel East, Panvel, Maharashtra 410206, India",,Panvel,Panvel,Maharashtra,410206,9833186096,5,1,"point_of_interest, establishment",19.006113199999998,73.1166574,localisy025225,ChIJmz0Iz0jo5zsRfiRcyfToAhE,photos\localisy12192_1.jpg,,,,,Home Services,AC Repair,New Panvel
J B Aircon,"9, National Paradise, No, Mumbai - Pune Highway, Takka Colony, Panvel, Maharashtra 410206, India",,Panvel,Panvel,Maharashtra,410206,9869364042,4.7,13,"chauffeur_service, transportation_service, point_of_interest, service, establishment",18.9801869,73.1164642,localisy025226,ChIJq0mIEHLo5zsRwpnElyKBjrQ,,,,,,Home Services,AC Repair,New Panvel
Choudhary chimney service and repairs,"New Panvel East, Adaigaon, Mumbai, Adai, Maharashtra 410206, India",,Panvel,Panvel,Maharashtra,410206,,5,7,"service, point_of_interest, establishment",19.010828099999998,73.1276267,localisy025227,ChIJa34BYZnp5zsRdnfaLAu27cg,photos\localisy12211_1.jpg,,,,,Home Services,Appliance Repair,New Panvel
HBS AIRCON ( Appliances spare part sales & service),"Shop no. 05, Sahyadri heights, plot no. 304, Sec - R3, Vadghar, Panvel, Vadghar, Maharashtra 410206, India",,Panvel,Panvel,Maharashtra,410206,9152856797,4.7,15,"manufacturer, supplier, store, point_of_interest, establishment",18.9850803,73.09401729999999,localisy025228,ChIJLxJQEP7p5zsRsJwx_krGd2Y,,,,,,Home Services,Appliance Repair,New Panvel
Mahalaxmi repair center,"Shop no-22, shree unity complex, near new indian bakery Malewadi, Panvel, Akurli, Shilottar Raichur, Maharashtra 410206, India",,Panvel,Panvel,Maharashtra,410206,6387575536,,,"point_of_interest, service, establishment",19.001137099999998,73.1399479,localisy025229,ChIJoQbPXLbp5zsRUa3H4XW3J04,photos\localisy12253_1.jpg,,,,,Home Services,Appliance Repair,New Panvel
Fix-All Services,"Shree Samarth Krupa bld office number4, Matheran Rd, near Balaji Symphony, Sukapur, New Panvel East, Panvel, Shilottar Raichur, Maharashtra 410206, India",,Panvel,Panvel,Maharashtra,410206,9920348057,4.6,41,"point_of_interest, supplier, establishment",19.000448499999997,73.13492219999999,localisy025230,ChIJq6qXpljo5zsRLGnUFrSA64Y,photos\localisy12328_1.jpg,,,,,Home Services,Water Purifier Services,New Panvel
Agarwal Packers And Movers,"Shop No 656, near खांदा कॉलोनी मार्ग, Sector - 6, Greater Khanda, Panvel, Maharashtra 410206, India",,Panvel,Panvel,Maharashtra,410206,9653156071,5,3,"transportation_service, manufacturer, point_of_interest, establishment",19.0092155,73.1114068,localisy025231,ChIJhSvh4STp5zsRgL-JkRz0bh0,,,,,,Home Services,Movers & Packers,New Panvel
Hanuman Jyotishi Center,"Shop No 28, Shri Mahalaxmi Mall, Plot No. 6/6 B, Sector 35, Kamothe, Panvel, Maharashtra 410209, India",,Kamothe,Panvel,Maharashtra,410209,9967743609,5,4,"consultant, point_of_interest, service, establishment",19.0216434,73.0897165,localisy025232,ChIJI9iystfp5zsRD59apb8swmg,,,,,,Home Services,Vaastu Consultants,New Panvel
Jainsons Furnishing,"Shop No 16 Neel Castel CHS Plot No 54 Navi Mumbai, Sector 3, Sector-9, New Panvel East, Panvel, Mumbai, Panvel, Maharashtra 410206, India",,Panvel,Panvel,Maharashtra,410206,8779256656,5,1,"furniture_store, home_improvement_store, home_goods_store, store, point_of_interest, establishment",19.0020393,73.1211206,localisy025233,ChIJyaqqrkXo5zsRWVICXxyvn6U,photos\localisy12613_1.jpg,,,,,Home Services,Curtains & Furnishings,New Panvel
Auto Care,"Railway colony, opposite Ambika Nagar, Sector 1A, New Panvel East, Panvel, Maharashtra 410206, India",,Panvel,Panvel,Maharashtra,410206,9322402692,4.9,8,"car_repair, point_of_interest, service, establishment",18.9955005,73.1171938,localisy025234,ChIJm09Q1wDp5zsRFlPYY0opG3o,photos\localisy12635_1.jpg,,,,,Automotive,Car Service,New Panvel
Prince Car Care Service Centre,"Sector 5, New Panvel East, Raigad, Mumbai, Panvel, Maharashtra 410206, India",,Panvel,Panvel,Maharashtra,410206,9221049293,2.3,3,"car_repair, point_of_interest, service, establishment",19.0056652,73.1168252,localisy025235,ChIJVVVVRU_o5zsRgXEo3h2gO1c,photos\localisy12638_1.jpg,,,,,Automotive,Car Service,New Panvel
Grand Automotive Service Centre,"Amardham Naka, Plot no 14, Panvel Industrial Co-Op Estate Rd, opposite to Garden, Sector 15, Khanda Colony, Panvel, Maharashtra 410206, India",,Panvel,Panvel,Maharashtra,410206,9004309516,4.8,73,"car_repair, point_of_interest, service, establishment",18.9990414,73.11119599999999,localisy025236,ChIJ-TL2uu7p5zsRbyVYPIq8r8I,photos\localisy12639_1.jpg,,,,,Automotive,Car Service,New Panvel
Shridhar Auto Garage ( GOVT APPROVED),"S Plot no 71, Sector No-1, Sector, Rd Number 2, next to alok clinic, industrial area, New Panvel East, Panvel, Maharashtra 410206, India",,Panvel,Panvel,Maharashtra,410206,9820788878,4.8,153,"car_repair, point_of_interest, service, establishment",18.996882499999998,73.1169279,localisy025237,ChIJh____0To5zsReTnW1cswn2Y,photos\localisy12640_1.jpg,,,,,Automotive,Car Service,New Panvel
TSERV - Sumati Automobiles,"Panvel Co-Op Industrial Estate, Plot No. 71, Mumbai - Pune Hwy, Panvel Industrial Estate, Panvel, Mumbai, Panvel, Maharashtra 410206, India",,Panvel,Panvel,Maharashtra,410206,,5,9,"car_repair, point_of_interest, service, establishment",18.9962262,73.1142898,localisy025238,ChIJQySqYo_p5zsRtFX5jUxMdQo,photos\localisy12641_1.jpg,,,,,Automotive,Car Service,New Panvel
Car accessories 👍NEW CAR POINT,"Shop No. 01, Balaji Lifestyle Bldg, Panvel Matheran Rd, Sukapur, New Panvel East, Palidevad, Maharashtra 410206, India",,Panvel,Panvel,Maharashtra,410206,7738348784,4.9,42,"car_repair, point_of_interest, service, establishment",19.000454599999998,73.1312221,localisy025239,ChIJY2BnA4Pp5zsRa84JJgqWmi4,photos\localisy12649_1.jpg,,,,,Automotive,Car Service,New Panvel
IDEAL Automobiles,"297, Panvel Matheran Rd, Yamuna Kunj, Sector-10, New Panvel East, Panvel, Palidevad, Maharashtra 410206, India",,Panvel,Panvel,Maharashtra,410206,,4.5,76,"car_repair, point_of_interest, service, establishment",18.9998941,73.12788499999999,localisy025240,ChIJWybE81vo5zsRtFUclr1aFg0,photos\localisy12651_1.jpg,,,,,Automotive,Car Service,New Panvel
LnV Electric Vehicle Service llp,"Shop No 5, Plot No 9, Hari, Om Sai CHS, Sector-9, New Panvel East, Panvel, Maharashtra 410206, India",,Panvel,Panvel,Maharashtra,410206,9702264387,4.4,8,"point_of_interest, service, establishment",19.0072114,73.1146974,localisy025241,ChIJt6Og4tHp5zsRC2Kl3ySoG0k,photos\localisy12656_1.jpg,,,,,Automotive,Car Service,New Panvel
Mt decarbonisation Center panvel,"Shope no 97/2, shekle wadi, behind dmart, Sector 5, New Panvel East, Panvel, Maharashtra 410206, India",,Panvel,Panvel,Maharashtra,410206,9029596672,5,34,"point_of_interest, establishment",19.0056013,73.1169889,localisy025242,ChIJhwWb_Mfp5zsRqWLW52dEfQY,photos\localisy12660_1.jpg,,,,,Automotive,Car Service,New Panvel
Shabari Naka Auto Stand,"2429+44G, Vijay Rd, Sector 3, New Panvel East, Panvel, Maharashtra 410206, India",,Panvel,Panvel,Maharashtra,410206,,3,3,"taxi_stand, taxi_service, transportation_service, point_of_interest, service, establishment",19.000308099999998,73.1178298,localisy025243,ChIJhZe3JETo5zsRo71ja1AWlP4,,,,,,Automotive,Car Service,New Panvel
Royal Car Accessories,"Shop No 5, 410206, Vijay Rd, beside Shree Ram kulfi, opp. satyam pride Building, Sector 4, New Panvel East, Panvel, Maharashtra 410206, India",,Panvel,Panvel,Maharashtra,410206,9321098460,5,75,"store, point_of_interest, establishment",19.0019942,73.1173373,localisy025244,ChIJK1lYT5Pp5zsRBeZeNo4jcTQ,photos\localisy12665_1.jpg,,,,,Automotive,Car Service,New Panvel
Sabhir Auto Gareg,"6, Sector 4, New Panvel East, Panvel, Maharashtra 410206, India",,Panvel,Panvel,Maharashtra,410206,9769276893,4.4,7,"car_repair, point_of_interest, service, establishment",19.001944299999998,73.1173027,localisy025245,ChIJf2_361_p5zsR4twOVQT5SQM,photos\localisy12667_1.jpg,,,,,Automotive,Car Service,New Panvel
Monu Tempo Service,"15, Vichumbe Rd, Sector 15, New Panvel East, Panvel, Maharashtra 410206, India",,Panvel,Panvel,Maharashtra,410206,,5,1,"transportation_service, point_of_interest, establishment",18.988070699999998,73.12813659999999,localisy025246,ChIJxfkHp2bo5zsRpfVeb8mmOqw,,,,,,Automotive,Car Service,New Panvel
METRO MOTOR GARAGE,"Shop number 05 plot number E31, Riddhishaya societysector 06, Sector 6, New Panvel East, Panvel, Mumbai, Panvel, Maharashtra 410206, India",,Panvel,Panvel,Maharashtra,410206,8080402547,4.4,8,"car_repair, point_of_interest, service, establishment",19.0099807,73.1196298,localisy025247,ChIJG8vUSv_p5zsRHcqW_ZH7YXo,photos\localisy12672_1.jpg,,,,,Automotive,Car Service,New Panvel
P.D. Engineers,"Mumbai - Pune Expy, Yamuna Kunj, Sector-10, New Panvel East, Panvel, Palidevad, Maharashtra 410206, India",,Panvel,Panvel,Maharashtra,410206,9224359990,4.3,94,"car_repair, point_of_interest, service, establishment",19.0001745,73.12903829999999,localisy025248,ChIJQezfV1no5zsR-my7i4OWioQ,photos\localisy12673_1.jpg,,,,,Automotive,Car Service,New Panvel
SHREE AUTOMOBILES,"Shop No 243, Classic Castle CHS, Plot No 6, near Adai Circle, Sector 12, New Panvel East, Panvel, Maharashtra 410206, India",,Panvel,Panvel,Maharashtra,410206,7208367946,3.8,13,"car_repair, service, point_of_interest, establishment",18.9989027,73.126741,localisy025249,ChIJa1hYhqjp5zsRTyAxLKQdw5Y,photos\localisy12689_1.jpg,,,,,Automotive,Bike Service,New Panvel
R.T. Bike Service,"2458+5C5, Vijay Rd, Sector 6, New Panvel East, Panvel, Maharashtra 410206, India",,Panvel,Panvel,Maharashtra,410206,,,,"point_of_interest, establishment",19.0078931,73.1161104,localisy025250,ChIJfT9wPEno5zsRpcHK_yvM0K0,,,,,,Automotive,Bike Service,New Panvel
Bike on Rent,"Speed Gear Helmet shop, Lakeview, Near Adai Talav, Sector-9, New Panvel East, Panvel, Maharashtra 410206, India",,Panvel,Panvel,Maharashtra,410206,8779898088,4.3,3,"transportation_service, point_of_interest, establishment",19.0046554,73.1232255,localisy025251,ChIJV_wbOCXp5zsRrLtgh6euPnQ,photos\localisy12693_1.jpg,,,,,Automotive,Bike Service,New Panvel
Bikers All Bike Servicing,"Shop No 1, 242J+36Q, Sukapur, New Panvel East, Panvel, Palidevad, Mumbai, Maharashtra 410206, India",,Panvel,Panvel,Maharashtra,410206,9871918217,,,"car_repair, point_of_interest, service, establishment",19.0001875,73.13056250000001,localisy025252,ChIJn2ssNlno5zsRD_0niFGdQBg,,,,,,Automotive,Bike Service,New Panvel
Rakesh garage,"Shop No.7, Sai Tej, Plot No. 1&3, Sector 19, New Panvel East, Panvel, Maharashtra 410206, India",,Panvel,Panvel,Maharashtra,410206,9372424323,4.5,4,"car_repair, point_of_interest, service, establishment",18.99582,73.1218193,localisy025253,ChIJP4CXliTp5zsRCI4RtMb1kP8,photos\localisy12713_1.jpg,,,,,Automotive,Bike Service,New Panvel
NOOR BIKE POINT,"Shop No 66, MINI MARKET, POLICE STATION, near KHANDA COLONY, Sector - 8, Khanda Colony, Panvel, Maharashtra 410206, India",,Panvel,Panvel,Maharashtra,410206,9892801731,5,1,"car_repair, point_of_interest, service, establishment",19.0070987,73.1100752,localisy025254,ChIJWYcyV9_p5zsR8aQwOaQJkLk,photos\localisy12714_1.jpg,,,,,Automotive,Bike Service,New Panvel
A K MOTORS,"SHOP NO 19 GROUND FLOOR NEEL SANSKRUTI PLOT NO 45-48, SEC 09, Sector 8, New Panvel East, Panvel, Maharashtra 410206, India",,Panvel,Panvel,Maharashtra,410206,9082236446,5,21,"car_dealer, store, point_of_interest, service, establishment",19.0028298,73.12198959999999,localisy025255,ChIJSb-iZdfp5zsRCzgjQkKnVvU,photos\localisy12721_1.jpg,,,,,Automotive,Bike Service,New Panvel
THAKUR AUTO GARAGE,"Adai Rd, New Panvel East, Adaigaon, Adai, Maharashtra 410206, India",,Panvel,Panvel,Maharashtra,410206,9096295237,4.9,20,"car_repair, point_of_interest, service, establishment",19.0091257,73.1279576,localisy025256,ChIJnZM692Hp5zsRFfAHGRtbUIo,photos\localisy12725_1.jpg,,,,,Automotive,Bike Service,New Panvel
Prakash automobiles,"shop no7 plot, Hari om apartment, sector no9, Khanda Colony, Sector 9, New Panvel East, Panvel, Maharashtra 410206, India",,Panvel,Panvel,Maharashtra,410206,8652468267,4.4,13,"store, point_of_interest, establishment",19.0072944,73.1148755,localisy025257,ChIJ_Q0dofDp5zsRFRG69DCp9RI,photos\localisy12729_1.jpg,,,,,Automotive,Bike Service,New Panvel
KOMAKI PARMAR AUTOMOBILES,"S, Plot no- 82, Rd Number 1, Sector-1, New Panvel East, Panvel, Navi Mumbai, Panvel, Maharashtra 410206, India",,Panvel,Panvel,Maharashtra,410206,9323796095,3.8,107,"romanian_restaurant, insurance_agency, wholesaler, car_repair, store, restaurant, food, point_of_interest, manufacturer, service, establishment",18.9981036,73.12111170000001,localisy025258,ChIJ63eMw0Po5zsRrD1kBxPLVqs,photos\localisy12731_1.jpg,,,,,Automotive,Bike Service,New Panvel
4XD Detailing And Car Care Studio,"Sector 15, Khanda Colony, Panvel, Maharashtra 410206, India",,Panvel,Panvel,Maharashtra,410206,7400351044,4.8,26,"car_wash, point_of_interest, service, establishment",19.000269199999998,73.10859590000001,localisy025259,ChIJuSfFJgDp5zsRhKjgUqzvH94,photos\localisy12740_1.jpg,,,,,Automotive,Car Wash,New Panvel
SK CAR WASHING,"Jama masjid, Banglow Society, Nityanand Nagar, Sai Nagar, Panvel, Maharashtra 410206, India",,Panvel,Panvel,Maharashtra,410206,,,,"car_wash, point_of_interest, service, establishment",18.994540999999998,73.1059787,localisy025260,ChIJZxGJ2Zjp5zsRn8tfN0mAbbY,photos\localisy12762_1.jpg,,,,,Automotive,Car Wash,New Panvel
UCD_Ultra Car Detailing Studio @ Premium Car Detailing Service # Experience Luxury Care for Your Car,"Shop no 8, NH-4B, JNPT Rd, near SAI WORLD CITY, Palaspe Phata, Panvel, Adai, Navi Mumbai, Maharashtra 410206, India",,Panvel,Panvel,Maharashtra,410206,7666812529,5,15,"car_wash, car_repair, point_of_interest, service, establishment",18.9679878,73.1305745,localisy025261,ChIJpZPfeXfp5zsRcF4ggMh4q9U,photos\localisy12769_1.jpg,,,,,Automotive,Car Wash,New Panvel
Janvi Washing Center,"01, Sector-10, New Panvel East, Panvel, Maharashtra 410206, India",,Panvel,Panvel,Maharashtra,410206,9970659790,,,"car_wash, service, point_of_interest, establishment",19.003777499999998,73.1251338,localisy025262,ChIJXQDWamPp5zsRS2zVc0f5nXk,,,,,,Automotive,Car Wash,New Panvel
Mr.Bubbles Car Wash,"River. View Row House Chs, RH-11, Panvel Matheran Rd, Karna CHS, Sector 3, New Panvel East, Panvel, Chiple, Panvel, Maharashtra 410206, India",,Panvel,Panvel,Maharashtra,410206,,,,"car_wash, service, point_of_interest, establishment",19.0023312,73.11944720000001,localisy025263,ChIJ_VfJukXo5zsR6BVJdxhZL5E,,,,,,Automotive,Car Wash,New Panvel
Parth Washing Center,"38, Sector-10, New Panvel East, Panvel, Maharashtra 410206, India",,Panvel,Panvel,Maharashtra,410206,7387496762,,,"car_wash, service, point_of_interest, establishment",19.0034643,73.1256437,localisy025264,ChIJ_0VrmzLp5zsRozJJ9ZIdZek,,,,,,Automotive,Car Wash,New Panvel
Shree samarth krupa washing centre,"Shop Number 1 Plot Numbe 290, Shiv Shambo Niwas, Panvel Matheran Rd, near Malewadi Bus Stop, New, Panvel, Akurli, Navi Mumbai, Maharashtra 410206, India",,Panvel,Panvel,Maharashtra,410206,,3,2,"car_wash, service, point_of_interest, establishment",19.0033907,73.1431307,localisy025265,ChIJzfuZWgDp5zsRbENgvKyZRZg,photos\localisy12789_1.jpg,,,,,Automotive,Car Wash,New Panvel
Mathura Enterprises Tyres And Battery,"Shop no 5, shubhdarshan apartment, plot no 157-160, opp. Adai Talao, Sector-9, New Panvel East, Panvel, Navi Mumbai, Panvel, Maharashtra 410206, India",,Panvel,Panvel,Maharashtra,410206,9323679162,5,53,"point_of_interest, establishment",19.0048209,73.1238904,localisy025266,ChIJZdFie4np5zsRy5D2r0eiQwk,photos\localisy12794_1.jpg,,,,,Automotive,Tyre Shops,New Panvel
MITRA TYRES,"Shop no.6, near Gram Panchayat office, Devad, New Panvel East, Panvel, Vichumbe, Navi Mumbai, Maharashtra 410206, India",,Panvel,Panvel,Maharashtra,410206,7718957538,5,2,"tire_shop, auto_parts_store, car_repair, store, point_of_interest, service, establishment",18.990588,73.13341,localisy025267,ChIJbcGlsfjp5zsRP8aqZ94wEaY,photos\localisy12813_1.jpg,,,,,Automotive,Tyre Shops,New Panvel
New Panvel Tyre Point,"242H+2P8, Yamuna Kunj, Sector-10, New Panvel East, Panvel, Palidevad, Maharashtra 410206, India",,Panvel,Panvel,Maharashtra,410206,,3.3,7,"tire_shop, auto_parts_store, car_repair, store, point_of_interest, service, establishment",19.000039599999997,73.1293163,localisy025268,ChIJ89Ww6xbp5zsR6aeTQD0Bihs,,,,,,Automotive,Tyre Shops,New Panvel
A To Z Tyres,"Shop Number 1 , Sukapur, Bus Stop Nero, Matheran Rd, Mangaldeep Society, Sukapur, New Panvel East, Panvel, Shilottar Raichur, Maharashtra 410206, India",,Panvel,Panvel,Maharashtra,410206,8976199097,4,4,"tire_shop, auto_parts_store, car_repair, store, point_of_interest, service, establishment",19.0004431,73.1334366,localisy025269,ChIJv6lJxljo5zsRkmLYeWjstag,photos\localisy12830_1.jpg,,,,,Automotive,Tyre Shops,New Panvel
Sonu Tyres And Automobiles,"Plot No 8, beside Shahid Yogesh Patil Automobiles, Block J, Kesar Symphony, Sector 14, Kharghar, Panvel, Maharashtra 410210, India",,Kharghar,Panvel,Maharashtra,410210,9920360121,5,9,"car_repair, point_of_interest, service, establishment",19.0466689,73.0746343,localisy025270,ChIJtQm_oxrC5zsRx2-QnNlf4YM,photos\localisy12833_1.jpg,,,,,Automotive,Tyre Shops,New Panvel
Vikram Tyre Service,"Shop No 1, near Metro Brege, Block G, Sector 13, Kharghar, Panvel, Maharashtra 410210, India",,Kharghar,Panvel,Maharashtra,410210,8591168003,4.7,13,"car_repair, point_of_interest, service, establishment",19.0415386,73.0725035,localisy025271,ChIJDYoGvDvD5zsRq9TZzyUI8Us,photos\localisy12838_1.jpg,,,,,Automotive,Tyre Shops,New Panvel
Bharat Petroleum (Panvel 1),"146, Sector 9 Rd, Sector 8, New Panvel East, Panvel, Maharashtra 410206, India",,Panvel,Panvel,Maharashtra,410206,,3.1,17,"gas_station, service, point_of_interest, establishment",19.0044818,73.1246168,localisy025272,ChIJCyAFLwDp5zsRkQAO9zb6Na0,photos\localisy12875_1.jpg,,,,,Automotive,Petrol Pumps,New Panvel
Kunali Motor Training,"MORAJ RIVERSIDE PARK, P3, Takka Rd, Takka Colony, Panvel, Maharashtra 410206, India",,Panvel,Panvel,Maharashtra,410206,,4.8,5,"point_of_interest, establishment",18.9796783,73.12057680000001,localisy025273,ChIJEwiacKjp5zsR67Kdk5QJA9Q,photos\localisy12957_1.jpg,,,,,Automotive,Driving Schools,New Panvel
Shri Swami Samarth car rental self drive,"Orion Mall, Forest Colony, Panvel, Maharashtra 410206, India",,Panvel,Panvel,Maharashtra,410206,7666555510,5,143,"point_of_interest, establishment",18.9928793,73.1166423,localisy025274,ChIJsUGb9M7p5zsRfj0YBdCLfxY,photos\localisy12981_1.jpg,,,,,Automotive,Car Rentals,New Panvel
Shree Omkar Travels,"Rh no 03, Harsha Varsha CHS, Sector 3, New Panvel East, Panvel, Maharashtra 410206, India",,Panvel,Panvel,Maharashtra,410206,8108949668,5,13,"point_of_interest, establishment",19.0009472,73.117696,localisy025275,ChIJhfRyDNzp5zsRQ0nnLf9esBI,photos\localisy12983_1.jpg,,,,,Automotive,Car Rentals,New Panvel
Uday Tours and Travels,"Circle, Sector 3, New Panvel East, Panvel, Adai, Panvel, Maharashtra 410206, India",,Panvel,Panvel,Maharashtra,410206,9920100557,5,16,"point_of_interest, establishment",19.0015736,73.12020799999999,localisy025276,ChIJP368SJzp5zsRlJfwN2OS-Lg,photos\localisy12990_1.jpg,,,,,Automotive,Car Rentals,New Panvel
Car rental wedding/function,"Sector 12, New Panvel East, Panvel, Maharashtra 410206, India",,Panvel,Panvel,Maharashtra,410206,,,,"car_rental, point_of_interest, service, establishment",18.9981356,73.12574029999999,localisy025277,ChIJnaWQZgzp5zsRkE5Qm7Tf-98,,,,,,Automotive,Car Rentals,New Panvel
P.S.HALDE TOURS AND TRAVELS,"New Panvel East, C - 56 Room No.1,Sector 7 Shree Dattaguru Gruihnirman Sahakari Sanstha, Sector 7, New Panvel East, Panvel, Maharashtra 410206, India",,Panvel,Panvel,Maharashtra,410206,9769144818,5,1,"point_of_interest, establishment",19.007462399999998,73.1209346,localisy025278,ChIJicsJk87p5zsR7CsqFjL4gmE,,,,,,Automotive,Car Rentals,New Panvel
Prabhav Tours & Travels,"Neelkanth Building, 1, Gaon, New Panvel East, Adaigaon, Adai, Navi Mumbai, Maharashtra 410206, India",,Panvel,Panvel,Maharashtra,410206,,5,1,"car_rental, service, point_of_interest, establishment",19.010388799999998,73.1276355,localisy025279,ChIJ021regDp5zsRQMz01THxt7c,photos\localisy13026_1.jpg,,,,,Automotive,Car Rentals,New Panvel
Towing van parking,"242H+8WR, Mumbai - Pune Expy, Yamuna Kunj, Sector-10, New Panvel East, Panvel, Palidevad, Maharashtra 410206, India",,Panvel,Panvel,Maharashtra,410206,,,,"transportation_service, point_of_interest, establishment",19.0008542,73.12976789999999,localisy025280,ChIJ7-N_MQDp5zsRA0gYIh7fM0E,,,,,,Automotive,Towing Services,New Panvel
Sachin Electrician - Sukapur,"Janalaxmi society, 205, Matheran Rd, Sukapur, New Panvel East, sukhpur, Shilottar Raichur, Maharashtra 410206, India",,Panvel,Panvel,Maharashtra,410206,7021332785,4.9,93,"electrician, point_of_interest, service, establishment",18.9984353,73.13389,localisy025281,ChIJB3SspRHp5zsRa73tZAxIxH4,photos\localisy13090_1.jpg,,,,,Automotive,Auto Electricians,New Panvel
Electrician kp,"Forest Colony, Panvel, Maharashtra 410206, India",,Panvel,Panvel,Maharashtra,410206,9096679678,5,40,"electrician, point_of_interest, service, establishment",18.989375,73.1176031,localisy025282,ChIJofo1u_3p5zsRpGPIt2ad5iQ,photos\localisy13097_1.jpg,,,,,Automotive,Auto Electricians,New Panvel
All time. Electicions. Ansari,"Sector 11, New Panvel East, Panvel, Maharashtra 410206, India",,Panvel,Panvel,Maharashtra,410206,9137079962,4.7,25,"electrician, point_of_interest, service, establishment",18.9985142,73.1230346,localisy025283,ChIJh7yGQw3p5zsRnEKik24lwRo,photos\localisy13107_1.jpg,,,,,Automotive,Auto Electricians,New Panvel
S.S.AUTO ELECTRICAL GARAGE,"New Panvel East, Panvel, Palidevad, Maharashtra 410206, India",,Panvel,Panvel,Maharashtra,410206,9076978334,,,"parking_garage, parking_lot, parking, auto_parts_store, car_repair, transportation_service, store, point_of_interest, service, establishment",18.999628500000004,73.1284225,localisy025284,ChIJq58uJ4Dp5zsR7euS2ovnegw,photos\localisy13111_1.jpg,,,,,Automotive,Auto Electricians,New Panvel
Farhan Heavy Electricals,"Plot No 67, Rangara Industries 33/35 kiravali-Adavali, Old Thane-Pune Road Taluka: Panvel, Dist: Raigad, opp. Indian Oil Petrol Pump, Adivali, Panvel, Maharashtra 410208, India",,Taloja,Panvel,Maharashtra,410208,9819990088,4.3,85,"point_of_interest, service, establishment",19.1054153,73.0628339,localisy025285,ChIJRVR9ciHP5zsRNnn2ojwg4M4,photos\localisy13135_1.jpg,,,,,Automotive,Auto Electricians,New Panvel
Bajaj Life,"Shop No 6, opposite Balaji Aangan, Forest Colony, Panvel, Navi Mumbai, Panvel, Maharashtra 410206, India",,Panvel,Panvel,Maharashtra,410206,,4.9,41,"insurance_agency, service, point_of_interest, establishment",18.9933442,73.1165295,localisy025286,ChIJqdar-mjp5zsR4GWSIraXdpU,photos\localisy13168_1.jpg,,,,,Automotive,Vehicle Insurance Agents,New Panvel
Auto Hive Cars,"Jasai naka, Uran - Panvel Rd, Panvel, Jasai, Maharashtra 410206, India",,Panvel,Panvel,Maharashtra,410206,,5,21,"car_dealer, store, point_of_interest, establishment",18.9312072,73.0167602,localisy025287,ChIJ71ACCzHd5zsRNNuTQ2EdssQ,photos\localisy13269_1.jpg,,,,,Automotive,Second Hand Vehicle Dealers,New Panvel
Shrissha Enterprises,"Sector 13, cidco colony, Panvel, Maharashtra 410206, India",,Panvel,Panvel,Maharashtra,410206,,5,21,"service, point_of_interest, establishment",18.995393399999998,73.1252533,localisy025288,ChIJPfx6LjLp5zsRjPba7_O9r7M,photos\localisy13354_1.jpg,,,,,Real Estate,Property Dealers,New Panvel
R N Estate,"Shop No 21 Prajapati Arcade CHS, Sector 15A, Plot No. 22&23, Sector 15A, New Panvel East, Panvel, Maharashtra 410206, India",,Panvel,Panvel,Maharashtra,410206,9987100097,5,30,"real_estate_agency, consultant, service, point_of_interest, establishment",18.991556199999998,73.1236196,localisy025289,ChIJ_9UGTAPp5zsRucohWStCqMQ,photos\localisy13358_1.jpg,,,,,Real Estate,Property Dealers,New Panvel
P.k.Real Estate Om Shakti Real Estate Property Consultant,"Sai Shaan chs, Sector 5, New Panvel East, Panvel, Maharashtra 410206, India",,Panvel,Panvel,Maharashtra,410206,8369816370,4.8,25,"real_estate_agency, service, point_of_interest, establishment",19.004612,73.1178485,localisy025290,ChIJ14wkjyrp5zsRPjc5hDYPR5s,photos\localisy13359_1.jpg,,,,,Real Estate,Property Dealers,New Panvel
Janhavi Properties,"Shiva Complex, SC Rd, Sector 19, New Panvel East, Panvel, Maharashtra 410206, India",,Panvel,Panvel,Maharashtra,410206,9819509441,4.8,12,"real_estate_agency, service, point_of_interest, establishment",18.997584,73.12268019999999,localisy025291,ChIJdUK_SUPo5zsRjAevRnWUX5o,photos\localisy13360_1.jpg,,,,,Real Estate,Property Dealers,New Panvel
Kalyani Real Estate Consultant,"Shop No.27, Hari Mahal Chs, Plot No. 43,44,45, near DMart New Panvel, Sector 5A, Sector 6, New Panvel East, Panvel, Maharashtra 410206, India",,Panvel,Panvel,Maharashtra,410206,9029022288,4.8,17,"real_estate_agency, point_of_interest, service, establishment",19.0061374,73.1167917,localisy025292,ChIJRThp20jo5zsRPaomVRSIE4U,photos\localisy13368_1.jpg,,,,,Real Estate,Property Dealers,New Panvel
Akshat Enterprises,"Shop no 8, 242C+H9M Neel Plaza, beside SBI Bank, Co-Operative Housing Society, Sector 3, New Panvel East, Panvel, Maharashtra 410206, India",,Panvel,Panvel,Maharashtra,410206,9833919818,5,31,"consultant, point_of_interest, real_estate_agency, service, establishment",19.0013635,73.1208778,localisy025293,ChIJh5woF0Xo5zsRk7iiLpPYN0w,photos\localisy13371_1.jpg,,,,,Real Estate,Property Dealers,New Panvel
SWEET HOME REAL ESTATE,"Shop No 5 plot no 4 kalpavrux Chs, Khanda Colony, Sector 9, New Panvel East, Panvel, Maharashtra 410206, India",,Panvel,Panvel,Maharashtra,410206,9224748334,5,3,"consultant, point_of_interest, real_estate_agency, service, establishment",19.006850099999998,73.1139148,localisy025294,ChIJKWZ1bfjp5zsR3baUwUTxIWk,photos\localisy13383_1.jpg,,,,,Real Estate,Property Dealers,New Panvel
Vardhani properties,"Bldg Plot No-9, Flat no-1, Shiv Darshan, Sector 11, New Panvel East, Panvel, Maharashtra 410206, India",,Panvel,Panvel,Maharashtra,410206,8652709889,3.8,4,"real_estate_agency, point_of_interest, service, establishment",18.9993767,73.1235605,localisy025295,ChIJq6qqVlvo5zsRjTpb0DQk7tg,photos\localisy13389_1.jpg,,,,,Real Estate,Property Dealers,New Panvel
Aashiyana Elite Properties,"Shubhdarshan CHS, Plot No.157/160, Sector-9, New Panvel East, Panvel, Maharashtra 410206, India",,Panvel,Panvel,Maharashtra,410206,8652301211,5,4,"consultant, point_of_interest, real_estate_agency, service, establishment",19.001077,73.12241159999999,localisy025296,ChIJm35pJXXp5zsROyfLQ21h-Rs,photos\localisy13393_1.jpg,,,,,Real Estate,Property Dealers,New Panvel
Rubaru Global Real Estate,"Ground Floor, Hari Mahal Building, near Axis Bank ATM, Sector 5A, Sector 6, New Panvel East, Panvel, Maharashtra 410206, India",,Panvel,Panvel,Maharashtra,410206,9820606187,4.8,5,"consultant, point_of_interest, real_estate_agency, service, establishment",19.0062677,73.1161533,localisy025297,ChIJh7iRhbjp5zsRZ2V6vcCrNws,photos\localisy13396_1.jpg,,,,,Real Estate,Property Dealers,New Panvel
Sandeep Sawant Group,"Office No. 408/409 Plot No. 34/34A Bhoomi LandMark Sector 17, Khanda Colony, Sector 17, New Panvel East, Panvel, Maharashtra 410206, India",,Panvel,Panvel,Maharashtra,410206,9967399759,4.8,96,"general_contractor, point_of_interest, service, establishment",19.005797899999997,73.1070587,localisy025298,ChIJ2XAG7HXp5zsR9rGcJswgPK0,photos\localisy13399_1.jpg,,,,,Real Estate,Property Dealers,New Panvel
DNK GROUP,"Shivrachana Chs, Plot 103/104, near virtue karma foundation, Sector-10, New Panvel East, Panvel, Maharashtra 410206, India",,Panvel,Panvel,Maharashtra,410206,7021323926,5,284,"general_contractor, service, point_of_interest, establishment",19.001504999999998,73.123525,localisy025299,ChIJycQ4YZbp5zsRUWFRTURcdW8,photos\localisy13403_1.jpg,,,,,Real Estate,Builders,New Panvel
Hello Homes,"Office No.102-104, First Floor, Junction 406, above Canara Bank, Sector 21, Panvel, W, Panvel, Maharashtra 410206, India",,Panvel,Panvel,Maharashtra,410206,8080808909,4.6,170,"apartment_complex, finance, general_contractor, service, point_of_interest, establishment",18.9878869,73.1197576,localisy025300,ChIJgR9UM1zo5zsRfAwZ1g8y-X8,photos\localisy13409_1.jpg,,,,,Real Estate,Builders,New Panvel
Neelsidhi Ballarat New Panvel,"Plot No 40, New, Sector 17, Khandeshwar, Panvel, Maharashtra 410206, India",,Panvel,Panvel,Maharashtra,410206,9619792230,4.4,75,"general_contractor, service, point_of_interest, establishment",19.0050378,73.10492889999999,localisy025301,ChIJV5BP2hLp5zsRtfSpMDR_eIY,photos\localisy13410_1.jpg,,,,,Real Estate,Builders,New Panvel
S S Developer,"Shop No 2, Ganesh Plaza, Phase 2, 3, 4, Plot no 2, New, Sector - 1, Khanda Colony, Panvel, Maharashtra 410206, India",,Panvel,Panvel,Maharashtra,410206,,4.7,39,"general_contractor, service, point_of_interest, establishment",19.006305599999997,73.1112778,localisy025302,ChIJqZlHzdzp5zsRBWhqYZG0gb8,photos\localisy13416_1.jpg,,,,,Real Estate,Builders,New Panvel
Balaji Vista (Varsha Group),"Plot No.32, Khanda Colony, Sector 17, New Panvel East, Panvel, Maharashtra 410206, India",,Panvel,Panvel,Maharashtra,410206,,4.8,5,"general_contractor, service, point_of_interest, establishment",19.0060759,73.10598259999999,localisy025303,ChIJra9sP9fp5zsRgLdBYeaBHHM,photos\localisy13419_1.jpg,,,,,Real Estate,Builders,New Panvel
Shreeji Lifespaces builders,"Sector 8, New Panvel East, Panvel, Maharashtra 410206, India",,Panvel,Panvel,Maharashtra,410206,9820801043,4.3,6,"general_contractor, point_of_interest, service, establishment",19.0045589,73.1214645,localisy025304,ChIJ_wmj_dbp5zsRvdGriURrQcs,photos\localisy13422_1.jpg,,,,,Real Estate,Builders,New Panvel
"Shri Namdeo Group,Namrata Properties,Builders & Developers","Shri namdeo group,Namrata Properties,office no-04, Sector 17, 27, PL-5, New Panvel East, Panvel, Maharashtra 410206, India",,Panvel,Panvel,Maharashtra,410206,8080797873,3.8,17,"general_contractor, point_of_interest, service, establishment",18.9928632,73.1232984,localisy025305,ChIJOQAAvGfo5zsR4GwEyIb4vp4,photos\localisy13425_1.jpg,,,,,Real Estate,Builders,New Panvel
Emkayen Group,"509 & 510, Neelkanth Landmark, Plot no 365/1 & 365/2 A, behind Orion Mall, Forest Colony, Panvel, Maharashtra 410206, India",,Panvel,Panvel,Maharashtra,410206,,4.7,7,"general_contractor, point_of_interest, service, establishment",18.9944934,73.1161429,localisy025306,ChIJRa6-KGfp5zsRVhi7NOTbt6E,photos\localisy13426_1.jpg,,,,,Real Estate,Builders,New Panvel
Prishty Group,"Plot 11A, Sector 11, New Panvel East, Panvel, Maharashtra 410206, India",,Panvel,Panvel,Maharashtra,410206,9820256770,4.6,39,"general_contractor, point_of_interest, service, establishment",19.000366200000002,73.1226958,localisy025307,ChIJ_f___0To5zsRFZ6fDrd9yMk,photos\localisy13430_1.jpg,,,,,Real Estate,Builders,New Panvel
Parshwa City,"Parshwa City Survey No. 16/22/3, Next to Mahalaxmi City Vihighar, New Panvel (East, Navi Mumbai, Vihighar, Maharashtra 410206, India",,Panvel,Panvel,Maharashtra,410206,8567891891,4.7,21,"general_contractor, point_of_interest, service, establishment",19.0024361,73.15948589999999,localisy025308,ChIJWVPPon7p5zsRUFGlswQHm9w,photos\localisy13431_1.jpg,,,,,Real Estate,Builders,New Panvel
Pote Group Builders & Developers,"shop 1, NIRMAN CHS, Sector - 13, Khanda Colony, New Panvel, Sector - 13, Greater Khanda, Panvel, Maharashtra 410206, India",,Panvel,Panvel,Maharashtra,410206,,4.5,8,"general_contractor, point_of_interest, service, establishment",19.005547,73.1098798,localisy025309,ChIJeUlzuDfo5zsRl-jwwJ39iC8,photos\localisy13432_1.jpg,,,,,Real Estate,Builders,New Panvel
Shreeji Residency,"Sector 8, New Panvel East, Panvel, Maharashtra 410206, India",,Panvel,Panvel,Maharashtra,410206,,4.5,11,"general_contractor, point_of_interest, service, establishment",19.0042994,73.1218012,localisy025310,ChIJefLr0DLp5zsRE0N1K8W4fGM,photos\localisy13433_1.jpg,,,,,Real Estate,Builders,New Panvel
Vijay Properties,"Shop No.4, X4XC+3MG Hari Krupa Apt, Plot No.27, Sector 19, New Panvel East, Panvel, Maharashtra 410206, India",,Panvel,Panvel,Maharashtra,410206,9198203366,4.7,19,"general_contractor, point_of_interest, service, establishment",18.9977113,73.12176219999999,localisy025311,ChIJz6XtQUPo5zsRBAslVRYiyxU,photos\localisy13435_1.jpg,,,,,Real Estate,Builders,New Panvel
KVK Homes,"PLOT NO 17, KVK OFFICE, Rd Number 17, opposite Hong Kong Arcade, Sector 19, New Panvel East, Panvel, Maharashtra 410206, India",,Panvel,Panvel,Maharashtra,410206,7666434301,4.1,19,"general_contractor, point_of_interest, service, establishment",18.997161,73.12244319999999,localisy025312,ChIJtVOhR0Po5zsRcIyJrLs-N_8,photos\localisy13436_1.jpg,,,,,Real Estate,Builders,New Panvel
Nigudkar Realty,"NIGUDKAR REALTY PL - 6, 8/2, near Abhyudaya Bank, Sect -17, CIDCO Colony, New Panvel East, Panvel, Maharashtra 410206, India",,Panvel,Panvel,Maharashtra,410206,7400494746,4.4,31,"general_contractor, point_of_interest, service, establishment",18.993641999999998,73.1223748,localisy025313,ChIJS501iwTp5zsRcDnMbgJLnFE,photos\localisy13438_1.jpg,,,,,Real Estate,Builders,New Panvel
Nigudkar Developers & Design,"Howkars Shop Akurli, Matheran Rd, New Panvel East, Navi Mumbai, Shilottar Raichur, Maharashtra 410206, India",,Panvel,Panvel,Maharashtra,410206,,5,10,"general_contractor, point_of_interest, service, establishment",19.00176,73.14071249999999,localisy025314,ChIJxXmSBQDp5zsRQiuDAT2vOlY,photos\localisy13439_1.jpg,,,,,Real Estate,Builders,New Panvel
Lakshmi Developers,"1st Floor, Shree Suryakiran CHS, Plot No. 5, Sector 5, New Panvel East, Panvel, Maharashtra 410206, India",,Panvel,Panvel,Maharashtra,410206,,,,"general_contractor, point_of_interest, service, establishment",19.0055002,73.11776189999999,localisy025315,ChIJP5HWKnLp5zsRrdLJ0yB5oi4,,,,,,Real Estate,Builders,New Panvel
Prajapati Construction Ltd,"1st floor, Plot no 13B, Panvel Matheran Rd, near Kotak Mahindra Bank, Sector 19, New Panvel East, Panvel, Maharashtra 410206, India",,Panvel,Panvel,Maharashtra,410206,,5,4,"general_contractor, point_of_interest, association_or_organization, service, establishment",18.9972633,73.1205622,localisy025316,ChIJRXMIStbp5zsROZOnHk2rHwc,photos\localisy13443_1.jpg,,,,,Real Estate,Builders,New Panvel
India Developers And Builders,"Tejaswini arcade, Sector 21, Takka Colony, Panvel, Maharashtra 410206, India",,Panvel,Panvel,Maharashtra,410206,,4.2,5,"general_contractor, point_of_interest, service, establishment",18.9867319,73.1198598,localisy025317,ChIJi8t-ZgDp5zsRMI2ED0ZsMBo,photos\localisy13444_1.jpg,,,,,Real Estate,Builders,New Panvel
Prime Home Builders & Developers,"Shop No.211, Second Floor, A Wing, above G.P Parsik Bank, Sai Arcade, NR Life Line Hospital, Opp S.T Stand Panvel, Tal. Panvel Dist, Old Panvel, Panvel, Maharashtra 410206, India",,Panvel,Panvel,Maharashtra,410206,,5,1,"general_contractor, point_of_interest, service, establishment",18.9920141,73.11519009999999,localisy025318,ChIJZyuttb7p5zsRwaGHeUOC2Qo,,,,,,Real Estate,Builders,New Panvel
Neelsidhi Regalia,"Plot No. 22, Opp Changu Kanha Thakur College Sector 11 Khanda Colony, Sector 12, New Panvel East, Panvel, Maharashtra 410206, India",,Panvel,Panvel,Maharashtra,410206,8452097183,4.5,104,"point_of_interest, association_or_organization, service, establishment",19.0029213,73.1144302,localisy025319,ChIJaQMvlanp5zsRUGNZi9J6YNQ,photos\localisy13447_1.jpg,,,,,Real Estate,Builders,New Panvel
Shree Vastupurti Group,"Shop No 1, No. 02, Shubham Complex, Rd Number 16, Sector 11, New Panvel East, Panvel, Maharashtra 410206, India",,Panvel,Panvel,Maharashtra,410206,,4.3,12,"general_contractor, point_of_interest, service, establishment",18.998490699999998,73.12324819999999,localisy025320,ChIJ1cRzG23o5zsRcpqp1v3fTn0,photos\localisy13448_1.jpg,,,,,Real Estate,Builders,New Panvel
S.P.CONSTRUCTION,"01, Crystal Chs, Plot no. 25, Opp. Axis Bank, Sector-19, Matheran Road, New Panvel East, Sector 19, New Panvel East, Panvel, Mumbai, Panvel, Maharashtra 410206, India",,Panvel,Panvel,Maharashtra,410206,8080176666,2.6,7,"real_estate_agency, apartment_complex, general_contractor, point_of_interest, consultant, service, establishment",18.997620299999998,73.1216322,localisy025321,ChIJ5W-An0Po5zsR4IEwgfbpt-4,photos\localisy13450_1.jpg,,,,,Real Estate,Builders,New Panvel
NMS 17 West,"Plot no 8, Sector 17 Khandeshwar, New Panvel East, W, Panvel, Maharashtra 410206, India",,Panvel,Panvel,Maharashtra,410206,,2.8,12,"general_contractor, point_of_interest, service, establishment",19.008255899999998,73.1063262,localisy025322,ChIJd9cbMpfp5zsRIEYv2Gu2264,photos\localisy13452_1.jpg,,,,,Real Estate,Builders,New Panvel
Siddhivinayak Builders & Developers,"Janai complex, plot no. 224, sector R4, Vadghar, Panvel, Kopar, Vadghar, Maharashtra 410206, India",,Panvel,Panvel,Maharashtra,410206,9820710864,4.3,4,"general_contractor, point_of_interest, service, establishment",18.984644,73.0965186,localisy025323,ChIJ0fxm8A7p5zsR4_62zqLObTk,photos\localisy13455_1.jpg,,,,,Real Estate,Builders,New Panvel
Rahi Mansion Cooperative Housing Society,"243C+C6C, Rd Number 11, Sector 4, New Panvel East, Panvel, Maharashtra 410206, India",,Panvel,Panvel,Maharashtra,410206,,4.4,23,"general_contractor, point_of_interest, service, establishment",19.003560099999998,73.1205179,localisy025324,ChIJx1mwcEXo5zsRDXasP_C2Lcw,photos\localisy13456_1.jpg,,,,,Real Estate,Builders,New Panvel
Samarth Associates Builders and Developers,"1st Floor, E 10, Rd Number 4, near Abhyudaya Co-operative Bank Ltd, Sector 18, New Panvel East, Panvel, Maharashtra 410206, India",,Panvel,Panvel,Maharashtra,410206,8779168106,5,12,"real_estate_agency, point_of_interest, consultant, service, establishment",18.993994,73.12104219999999,localisy025325,ChIJ3Um65RTp5zsRa6YR1mg-ouo,photos\localisy13457_1.jpg,,,,,Real Estate,Builders,New Panvel
Pushpak Nagar Project,"Sadasundar, Rd Number 4, Sector 4, Pushpak Nagar, Panvel, Maharashtra 410206, India",,Panvel,Panvel,Maharashtra,410206,7506369310,5,2,"general_contractor, point_of_interest, service, establishment",19.003024099999998,73.11843010000001,localisy025326,ChIJFaTZnF3p5zsR0x6oABHWKbA,photos\localisy13459_1.jpg,,,,,Real Estate,Builders,New Panvel
Home Rental Services,"B/35, Sector 7 Rd, Sector 6, New Panvel East, Panvel, Adai, Maharashtra 410206, India",,Panvel,Panvel,Maharashtra,410206,8169290210,5,1,"real_estate_agency, consultant, service, point_of_interest, establishment",19.0067275,73.1218645,localisy025327,ChIJtzx6CgDp5zsRS-RDsmqs9lA,photos\localisy13471_1.jpg,,,,,Real Estate,Rental Properties,New Panvel
Neel Sankalp CHSL,"2438+QX9, Vaishakh Marg, near DMart New Panvel, Sector 5, New Panvel East, Panvel, Maharashtra 410206, India",,Panvel,Panvel,Maharashtra,410206,,4,51,"housing_complex, finance, point_of_interest, association_or_organization, service, establishment",19.0044243,73.1174698,localisy025328,ChIJrRcA_EXo5zsRRhp4N5PV8zM,,,,,,Real Estate,Rental Properties,New Panvel
National Harmony,"Cluster_panvel_130, Sector 15, New Panvel East, Panvel, Maharashtra 410206, India",,Panvel,Panvel,Maharashtra,410206,,4.6,57,"apartment_complex, point_of_interest, service, establishment",18.9874922,73.1265037,localisy025329,ChIJO4OwM2To5zsREoyfkas_KAs,photos\localisy13483_1.jpg,,,,,Real Estate,Rental Properties,New Panvel
Satyam Pride,"New Panvel East, Panvel, Maharashtra 410206, India",,Panvel,Panvel,Maharashtra,410206,8652539223,4.6,53,"housing_complex, point_of_interest, service, establishment",19.0014125,73.1170387,localisy025330,ChIJD4yU_HHp5zsRHRGZIvU-URU,photos\localisy13485_1.jpg,,,,,Real Estate,Rental Properties,New Panvel
Millennium Hilton,"Plot No. 140, Sector, near D Mart Road, opposite Jockey, New Panvel East, Panvel, Maharashtra 410206, India",,Panvel,Panvel,Maharashtra,410206,8448445574,4.5,49,"apartment_building, point_of_interest, service, establishment",19.0032979,73.1163746,localisy025331,ChIJ0WpHCH3p5zsRHo2q5qFxCEM,photos\localisy13487_1.jpg,,,,,Real Estate,Rental Properties,New Panvel
Sai Paradise CHS,"X4X9+P4F, Vijay Rd, Sector-1, New Panvel East, Panvel, Maharashtra 410206, India",,Panvel,Panvel,Maharashtra,410206,,4,34,"point_of_interest, association_or_organization, service, establishment",18.999311799999997,73.11778749999999,localisy025332,ChIJ05esCETo5zsRHM2QSWLxQfE,photos\localisy13493_1.jpg,,,,,Real Estate,Rental Properties,New Panvel
Sky High Properties,"Plot No. 1&3, Matheran Rd, Sector 11, New Panvel East, PanvelNavi, Mumbai, Navi Mumbai, Maharashtra 410206, India",,Panvel,Panvel,Maharashtra,410206,7977688286,5,1,"real_estate_agency, point_of_interest, service, establishment",18.9987355,73.1230202,localisy025333,ChIJg4wmVQDp5zsR_m_U5fSSLj8,photos\localisy13508_1.jpg,,,,,Real Estate,Rental Properties,New Panvel
Shreen Apartment,"Rd Number 2, Sector 12, New Panvel East, Panvel, Maharashtra 410206, India",,Panvel,Panvel,Maharashtra,410206,7021411669,5,1,"apartment_building, point_of_interest, service, establishment",18.9976874,73.12694019999999,localisy025334,ChIJd9fUNnzp5zsRQNWz8CMPo9g,photos\localisy13509_1.jpg,,,,,Real Estate,Rental Properties,New Panvel
Nav Bharat CHS,"Sec 2 Plot 5, Nr Shabri Hotel, Road No. 9, Sector 2, New Panvel East, Panvel, Maharashtra 410206, India",,Panvel,Panvel,Maharashtra,410206,,4.2,65,"point_of_interest, association_or_organization, service, establishment",19.000588999999998,73.11893189999999,localisy025335,ChIJMQr7TkTo5zsRKtn7kcR3fsI,photos\localisy13511_1.jpg,,,,,Real Estate,Rental Properties,New Panvel
Pearl Apartment CHS,"Plot no-150, 151, Karna CHS, Sector 4, New Panvel East, Panvel, Maharashtra 410206, India",,Panvel,Panvel,Maharashtra,410206,,4.2,5,"apartment_building, point_of_interest, service, establishment",19.002745,73.1195581,localisy025336,ChIJA-PszSHp5zsReG_QWDIq4lo,,,,,,Real Estate,Rental Properties,New Panvel
Solitaire,"Plot No.E-28+29+30, Mumbai - Pune Expy, Sector 6, New Panvel East, Panvel, Maharashtra 410206, India",,Panvel,Panvel,Maharashtra,410206,9867737309,3.9,46,"condominium_complex, point_of_interest, service, establishment",19.0102497,73.1190579,localisy025337,ChIJ_f__T0no5zsRYcUsUC5yEwc,photos\localisy13519_1.jpg,,,,,Real Estate,Rental Properties,New Panvel
Prajapati Gardens,"Prajapati Gardprajapaens CHS, Plot No. 39, Sector 5, New Panvel East, Panvel, Maharashtra 410206, India",,Panvel,Panvel,Maharashtra,410206,,4.6,67,"point_of_interest, association_or_organization, service, establishment",19.0039867,73.1170827,localisy025338,ChIJ2Y9ZAEbo5zsR3vFdqB42Un0,photos\localisy13520_1.jpg,,,,,Real Estate,Rental Properties,New Panvel
Serenity Interior Design Studio(new panvel),"Siddhivinayak shubhashish,sec-19,plot no, 27,room, no-004, Sector 19, New Panvel East, Panvel, Maharashtra 410206, India",,Panvel,Panvel,Maharashtra,410206,8693080266,5,4,"general_contractor, point_of_interest, service, establishment",18.9977728,73.122104,localisy025339,ChIJaxxOz0Hp5zsRSf3eVPziZ5I,photos\localisy13535_1.jpg,,,,,Real Estate,Interior Designers,New Panvel
Premium Interiors New Mumbai,"Chandrakuns bldg room, no 02, Sector 8, New Panvel East, Panvel, Maharashtra 410206, India",,Panvel,Panvel,Maharashtra,410206,9082973329,4.9,8,"general_contractor, service, point_of_interest, establishment",19.0032127,73.1207458,localisy025340,ChIJx03nU83p5zsRtU4nREzm6RE,photos\localisy13541_1.jpg,,,,,Real Estate,Interior Designers,New Panvel
Icon Modular,"101, Classic Pearl, V.M Road, Sector 12, New Panvel East, Panvel, Mumbai, Panvel, Maharashtra 410206, India",,Panvel,Panvel,Maharashtra,410206,9773139498,5,11,"general_contractor, service, point_of_interest, establishment",18.9977755,73.1271273,localisy025341,ChIJzUsTUTTp5zsR_hF4vgNqGfA,photos\localisy13555_1.jpg,,,,,Real Estate,Interior Designers,New Panvel
Architect Shamaila,"Bima CHS, Sector 3, New Panvel East, Panvel, Mumbai, Panvel, Maharashtra 410206, India",,Panvel,Panvel,Maharashtra,410206,,,,"point_of_interest, service, establishment",19.0010147,73.1195164,localisy025342,ChIJ2YQIxcbp5zsR9Z-Sb2nlt1A,,,,,,Real Estate,Architects,New Panvel
Pillai College of Architecture (Autonomous),"10, Sector 16, New Panvel East, Panvel, Mumbai, Panvel, Maharashtra 410206, India",,Panvel,Panvel,Maharashtra,410206,,4.4,348,"educational_institution, point_of_interest, establishment",18.990251699999998,73.1277432,localisy025343,ChIJRVR9ciHP5zsRG2lQRGGJixo,photos\localisy13621_1.jpg,,,,,Real Estate,Architects,New Panvel
Bhawana Enterprises Pvt Ltd,"Shop no 2, Kailash Uptown Commercial Complex, Sector - 6, Karanjade, Maharashtra 410206, India",,Panvel,Panvel,Maharashtra,410206,,4.9,50,"point_of_interest, service, establishment",18.9726516,73.11202709999999,localisy025344,ChIJ13JnQTfp5zsR1yHjd6dMMMs,photos\localisy13624_1.jpg,,,,,Real Estate,Architects,New Panvel
Today Group Registration Lounge,"National Complex, Vijay Rd, Sector 6, New Panvel East, Panvel, Navi Mumbai, Panvel, Maharashtra 410206, India",,Panvel,Panvel,Maharashtra,410206,,4.8,63,"general_contractor, service, point_of_interest, establishment",19.0078207,73.11634610000002,localisy025345,ChIJ-VjUYgDp5zsRcJdMs1tERZs,photos\localisy13658_1.jpg,,,,,Real Estate,Construction Contractors,New Panvel
J.M.Mhatre Infra Pvt Ltd,"Sahakar Nagar Market Yard, Sai Krupa Society, 492, near Kalpataru Riverside Market Yard Road, Old Panvel, Panvel, Maharashtra 410206, India",,Panvel,Panvel,Maharashtra,410206,,4.4,270,"general_contractor, service, point_of_interest, establishment",18.979294499999998,73.1112619,localisy025346,ChIJT3H6Sg3o5zsRs7vlWddpQU4,photos\localisy13659_1.jpg,,,,,Real Estate,Construction Contractors,New Panvel
Thakur Infraheight,"Shop No 3, Sai Arcade, Plot No 20, Sector 15A, New Panvel East, Panvel, Maharashtra 410206, India",,Panvel,Panvel,Maharashtra,410206,,5,5,"corporate_office, general_contractor, service, point_of_interest, establishment",18.9912668,73.12434669999999,localisy025347,ChIJUVXFxWfo5zsRiNj9a_J_txk,photos\localisy13671_1.jpg,,,,,Real Estate,Construction Contractors,New Panvel
National Civil Work,"Shop No. 5, Matheran Rd, near Mariaai Hotel, Mangaldeep Society, Sukapur, New Panvel East, Panvel, Palidevad, Maharashtra 410206, India",,Panvel,Panvel,Maharashtra,410206,9967231518,5,14,"general_contractor, service, point_of_interest, establishment",19.0003586,73.132628,localisy025348,ChIJn5gELuDp5zsRKeBs5guyu90,photos\localisy13677_1.jpg,,,,,Real Estate,Construction Contractors,New Panvel
Tata Projects Limited (Site Lab),"85, Sector 1A, New Panvel East, Panvel, Maharashtra 410206, India",,Panvel,Panvel,Maharashtra,410206,,5,1,"general_contractor, point_of_interest, service, establishment",18.9966035,73.11765009999999,localisy025349,ChIJ4xF0oZHp5zsR0hZV2mlE2RA,,,,,,Real Estate,Construction Contractors,New Panvel
Delta Panvel,"Sector, 17 , Plot, no. 25, Khanda Colony, Motha Khanda, New panvel (w, Panvel, Maharashtra 410206, India",,Panvel,Panvel,Maharashtra,410206,,4.3,6,"general_contractor, point_of_interest, service, establishment",19.0060738,73.1028856,localisy025350,ChIJD-zf6ibp5zsRXZiYrRCMg7U,photos\localisy13690_1.jpg,,,,,Real Estate,Construction Contractors,New Panvel
Scholars School and mathematics & science (SMS),"Neena Apartment, Plot-no 32, near Dayanand Anglo Vedic School, Sector-9, New Panvel East, Panvel, Maharashtra 410206, India",,Panvel,Panvel,Maharashtra,410206,8169049852,4.8,193,"educational_institution, point_of_interest, establishment",19.0040342,73.1213971,localisy025351,ChIJCatPVcHp5zsRSATL4K_WR94,photos\localisy13710_1.jpg,,,,,Education & Training,Schools,New Panvel
"Adya Krantiveer Vasudeo Balwant Phadake Vidyalaya, New Panvel","Plot No 113, Sector 6, Greater Khanda, Panvel, Maharashtra 410206, India",,Panvel,Panvel,Maharashtra,410206,,,,"school, educational_institution, point_of_interest, establishment",19.0100239,73.1183073,localisy025352,ChIJU3a_pk7o5zsRZnJF_7b6SjE,photos\localisy13712_1.jpg,,,,,Education & Training,Schools,New Panvel
St. Wilfred's Kids School,"Secrtor 8, near Cidco Garden, Sector 8, New Panvel East, Panvel, Navi Mumbai, Panvel, Maharashtra 410206, India",,Panvel,Panvel,Maharashtra,410206,7039710277,4.9,117,"preschool, child_care_agency, school, educational_institution, point_of_interest, service, establishment",19.004994099999998,73.1212755,localisy025353,ChIJCeNnJgDp5zsRXcfeL0G51TE,photos\localisy13713_1.jpg,,,,,Education & Training,Schools,New Panvel
"K A Banthiya School, New Panvel","Sector 18, New Panvel East, Panvel, Maharashtra 410206, India",,Panvel,Panvel,Maharashtra,410206,,,,"school, educational_institution, point_of_interest, establishment",18.9944375,73.1233125,localisy025354,ChIJuUOfS13o5zsR6x0PayqsV4g,photos\localisy13718_1.jpg,,,,,Education & Training,Schools,New Panvel
International school,"2439+78H, Sector 4, New Panvel East, Panvel, Maharashtra 410206, India",,Panvel,Panvel,Maharashtra,410206,8452914403,,,"school, educational_institution, point_of_interest, establishment",19.003198899999997,73.11836380000001,localisy025355,ChIJvU7zYOfp5zsR8YuBst-J_CQ,,,,,,Education & Training,Schools,New Panvel
"St. Joseph's High School, Panvel, Navi Mumbai - SSC","SSC, St. Joseph's High School, plot no 9, Sector 7, New Panvel East, Panvel, Maharashtra 410206, India",,Panvel,Panvel,Maharashtra,410206,,,,"school, educational_institution, point_of_interest, establishment",19.007372699999998,73.1197469,localisy025356,ChIJ63LaOwPp5zsRbQl5EXpHs1E,,,,,,Education & Training,Schools,New Panvel
Emmanuel Mission School Panvel,"Plot no. 10, Road No. 8, Sector 11, New Panvel East, Panvel, Maharashtra 410206, India",,Panvel,Panvel,Maharashtra,410206,9870313974,,,"primary_school, preschool, secondary_school, school, educational_institution, child_care_agency, point_of_interest, service, establishment",18.9991405,73.1240318,localisy025357,ChIJbflsCWXp5zsR0KLqtoc1oTQ,photos\localisy13731_1.jpg,,,,,Education & Training,Schools,New Panvel
The Learning TreeHouse,"2429+P8V, Sector 3, New Panvel East, Panvel, Maharashtra 410206, India",,Panvel,Panvel,Maharashtra,410206,8591281772,5,4,"preschool, school, educational_institution, child_care_agency, point_of_interest, service, establishment",19.001914,73.11831699999999,localisy025358,ChIJLZGJRwDp5zsRW6xTrM_5udk,photos\localisy13733_1.jpg,,,,,Education & Training,Schools,New Panvel
Sanskar Pre School,"101, Saikrupa Society, Plot No. 29, Sector 5, Navin, Sector 5, New Panvel East, Panvel, Maharashtra 410206, India",,Panvel,Panvel,Maharashtra,410206,9326215921,4.8,12,"preschool, school, educational_institution, child_care_agency, point_of_interest, service, establishment",19.0046654,73.11810380000001,localisy025359,ChIJzQft1Zfp5zsRhE0mdQiZ8C4,photos\localisy13735_1.jpg,,,,,Education & Training,Schools,New Panvel
Dayanand Anglo Vedic School,"242C+QVC, Sector-9, New Panvel East, Panvel, Maharashtra 410206, India",,Panvel,Panvel,Maharashtra,410206,,,,"school, educational_institution, point_of_interest, establishment",19.0019375,73.1221486,localisy025360,ChIJq6qqJ0Xo5zsRT6abJNrN-u4,,,,,,Education & Training,Schools,New Panvel
Ideal Uniforms,"Shop 1, Shiva Complex, New, Sector 19, New Panvel East, Panvel, Maharashtra 410206, India",,Panvel,Panvel,Maharashtra,410206,7208413947,3.6,98,"clothing_store, manufacturer, supplier, store, point_of_interest, establishment",18.9975226,73.1226578,localisy025361,ChIJVcDSSUPo5zsRqVnvE__x21c,photos\localisy13741_1.jpg,,,,,Education & Training,Schools,New Panvel
Sai sansar complex,"2439+M8C, Sector 5, New Panvel East, Panvel, Maharashtra 410206, India",,Panvel,Panvel,Maharashtra,410206,,4.2,85,"housing_complex, service, point_of_interest, establishment",19.0041968,73.1182807,localisy025362,ChIJWUWXZw_p5zsRq9DJOjvFXe8,photos\localisy13745_1.jpg,,,,,Education & Training,Schools,New Panvel
Pushp Niketan English School,"105K, Panvel Vavanja Road, Village Pale Budruk, Panvel, Kolwadi, Maharashtra 410208, India",,Taloja,Panvel,Maharashtra,410208,7021789690,,,"preschool, school, educational_institution, child_care_agency, service, point_of_interest, establishment",19.0454974,73.12795559999999,localisy025363,ChIJO-0_jwbp5zsR-i_zpqy7tEs,photos\localisy13746_1.jpg,,,,,Education & Training,Schools,New Panvel
SGT International School Karanjade,"Plot No.25, Sector R1, Near:- Mango garden Karanjade, Panvel, Vadghar, Maharashtra 410206, India",,Panvel,Panvel,Maharashtra,410206,8828339396,,,"school, educational_institution, point_of_interest, establishment",18.981686,73.0967714,localisy025364,ChIJ69dvl9bp5zsRN4fQ7O_hsmw,photos\localisy13753_1.jpg,,,,,Education & Training,Schools,New Panvel
Payal Uniforms .,"Shop no 2, Rd Number 18, Sector-1, New Panvel East, Panvel, Maharashtra 410206, India",,Panvel,Panvel,Maharashtra,410206,9820136995,3.2,56,"clothing_store, store, point_of_interest, establishment",18.998935499999998,73.1222203,localisy025365,ChIJ3xg6QBPp5zsRdhYCfa7wCPg,photos\localisy13758_1.jpg,,,,,Education & Training,Schools,New Panvel
Savitribai phule Podi Mnp School No.8 new panvel,"11, Railway Station, Sector 15A, Railway Station, Sector 15A, New Panvel East, Panvel, Maharashtra 410206, India",,Panvel,Panvel,Maharashtra,410206,,,,"school, educational_institution, point_of_interest, establishment",18.991203000000002,73.12553210000002,localisy025366,ChIJh3YqsWfo5zsRrRuY-kHcFUI,photos\localisy13759_1.jpg,,,,,Education & Training,Schools,New Panvel
"Engineers' Academy, New Panvel (CBSE Coaching)","Radhai, Plot 1, Rd Number 14, near Shanti Niketan Public School, Sector-1, New Panvel East, Panvel, Mumbai, Panvel, Maharashtra 410206, India",,Panvel,Panvel,Maharashtra,410206,9867842502,4.8,9,"point_of_interest, establishment",18.999671,73.12101899999999,localisy025367,ChIJV-WOmkTo5zsRwPwKaXypX04,photos\localisy13763_1.jpg,,,,,Education & Training,Schools,New Panvel
Changu Kana Thakur Jr. College,"410206, Janardhan Bhagat Marg, Cidco Colony, Sector 14, New Panvel East, Panvel, Maharashtra 410206, India",,Panvel,Panvel,Maharashtra,410206,9867498161,3.9,319,"university, educational_institution, point_of_interest, establishment",19.0023728,73.112456,localisy025368,ChIJx1Teh2fo5zsR0A4hThLm23g,photos\localisy13769_1.jpg,,,,,Education & Training,Colleges,New Panvel
Pillai Institute of Management Studies and Research (Autonomous),"Dr. K. M. Vasudevan Pillai Campus, Plot No.10, Sector 16, New Panvel East, Panvel, Maharashtra 410206, India",,Panvel,Panvel,Maharashtra,410206,9819708165,4.6,356,"educational_institution, point_of_interest, establishment",18.9910143,73.1280381,localisy025369,ChIJcb8H2Wbo5zsRJaVF9nFfsGA,photos\localisy13771_1.jpg,,,,,Education & Training,Colleges,New Panvel
Mahatma Junior College,"Mahatma Junior College, Sector - 8, Khanda Colony, New Panvel, Panvel, Maharashtra 410206, India",,Panvel,Panvel,Maharashtra,410206,,3.9,40,"university, educational_institution, point_of_interest, establishment",19.008568699999998,73.1102911,localisy025370,ChIJ28XiDDbo5zsR0i1FDpCFmkI,photos\localisy13778_1.jpg,,,,,Education & Training,Colleges,New Panvel
Premier College of Nursing and Paramedical Science,"KVS Campus no.45B, Survey no.4, Plot no.4, near PUSHP VINAYAK COMPLEX, New Panvel East, Adaigaon, Adai, Maharashtra 410206, India",,Panvel,Panvel,Maharashtra,410206,8104756745,5,8,"educational_institution, point_of_interest, establishment",19.0103948,73.125018,localisy025371,ChIJuZoFJXrp5zsRgHElwUt0enc,photos\localisy13780_1.jpg,,,,,Education & Training,Colleges,New Panvel
RCC ENGINEERING ACADEMY,"Shop No. 12, New, Khanda Colony, Sector 9, Khanda Colony, Panvel, Maharashtra 410206, India",,Panvel,Panvel,Maharashtra,410206,9766017788,5,123,"educational_institution, point_of_interest, establishment",19.0063742,73.11435279999999,localisy025372,ChIJc0RvNGzp5zsRTSV1DiK0Z74,photos\localisy13781_1.jpg,,,,,Education & Training,Colleges,New Panvel
NIF Global Panvel,"HARMONY BLDG, 101/102, Khanda Colony, near Kiba Restaurant, Sector - 1, New Panvel East, Panvel, Maharashtra 410206, India",,Panvel,Panvel,Maharashtra,410206,9819871444,4.6,122,"university, educational_institution, point_of_interest, establishment",19.008618100000003,73.10829199999999,localisy025373,ChIJLYtUY0To5zsRKum7i0dHw4w,photos\localisy13784_1.jpg,,,,,Education & Training,Colleges,New Panvel
"ITM Institute of Health Sciences, Panvel - B Optometry, BSc MLT College in Navi Mumbai","New Panvel Flyover, New Panvel, Sector 12, X4WG+QX8, Plot No. 11, Near Ayappa Temple, Sukapur, Guru Tegh Bahadur Nagar, Panvel, Maharashtra 410206, India",,Panvel,Panvel,Maharashtra,410206,7666371147,3.9,328,"educational_institution, health, point_of_interest, establishment",18.9979861,73.1273488,localisy025374,ChIJVdySgkHo5zsRBvrMH5ze1RA,photos\localisy13787_1.jpg,,,,,Education & Training,Colleges,New Panvel
Sai Engineering Academy New Panvel,"Plot no 8, 8, Rd Number 16, near Ayushman Hospital, Sector 19, New Panvel East, Panvel, Maharashtra 410206, India",,Panvel,Panvel,Maharashtra,410206,9699165536,5,176,"service, point_of_interest, establishment",18.997189199999998,73.12205519999999,localisy025375,ChIJkUNJ_ATp5zsRKPNgEjzTJu4,photos\localisy13793_1.jpg,,,,,Education & Training,Colleges,New Panvel
Pioneer Montessori Teacher training institute,"Classic sterling cha B-201, plot no 84 Sec 8,plot no 84 Opposite panacea hospital New Panvel Sector 8, New Panvel East, Panvel Near Tulsi heights Navi Mumbai Dist, Sector 8, New Panvel East, Panvel, Maharashtra 410206, India",,Panvel,Panvel,Maharashtra,410206,,4.8,16,"educational_institution, point_of_interest, establishment",19.0057492,73.12029190000001,localisy025376,ChIJJxbq2Sbp5zsRONKdZSZ-3Is,photos\localisy13796_1.jpg,,,,,Education & Training,Colleges,New Panvel
Rishikesh Chitrakala Mahavidyalaya,"X4QG+GG7, Sector 15, New Panvel East, Panvel, Maharashtra 410206, India",,Panvel,Panvel,Maharashtra,410206,7758821153,3.7,23,"university, educational_institution, point_of_interest, establishment",18.988775600000004,73.12628529999999,localisy025377,ChIJsyhFZ7Lp5zsRR3qX-Mg9ZMU,photos\localisy13797_1.jpg,,,,,Education & Training,Colleges,New Panvel
Premier College of Aviation & Airport Management,"Survey no.4, Plot no. 4, New Panvel East, Adaigaon, Mumbai, Adai, Maharashtra 410206, India",,Panvel,Panvel,Maharashtra,410206,9955284477,5,2,"university, educational_institution, transportation_service, point_of_interest, establishment",19.0104246,73.12497119999999,localisy025378,ChIJacmZvQfp5zsRom9EPwttOvU,photos\localisy13799_1.jpg,,,,,Education & Training,Colleges,New Panvel
IGNOU Mumbai Regional Centre,"1st, 2nd and 3rd Floor, Plot No.43, Sector 09, Opp DAV Public School, New Panvel East, Pin : 410206 State Taluka, Sector 8, New Panvel East, Panvel, Maharashtra 410206, India",,Panvel,Panvel,Maharashtra,410206,,2.8,352,"educational_institution, point_of_interest, establishment",19.003016499999998,73.12193549999999,localisy025379,ChIJ61di4fO45zsRlc8aNCcGUno,photos\localisy13809_1.jpg,,,,,Education & Training,Colleges,New Panvel
IGNOU Study Centre,"Ground floor, Inside Pillai College Campus, Sector 16, New Panvel East, New Panvel, Sector 16, New Panvel East, Panvel, Maharashtra 410206, India",,Panvel,Panvel,Maharashtra,410206,,3.5,53,"educational_institution, point_of_interest, establishment",18.9900919,73.12775189999999,localisy025380,ChIJueko3Wbo5zsRpI93hRbPQDQ,photos\localisy13812_1.jpg,,,,,Education & Training,Colleges,New Panvel
The IITIAN'S HUB - New Panvel,"Plot No 8, opposite Miraj Cinema, Sector 11, New Panvel East, Panvel, Maharashtra 410206, India",,Panvel,Panvel,Maharashtra,410206,9136656355,3.5,37,"educational_institution, point_of_interest, establishment",18.9992594,73.1237233,localisy025381,ChIJzTN2Xe3p5zsRlHeEjPyaCgI,photos\localisy13815_1.jpg,,,,,Education & Training,Colleges,New Panvel
Yash classes panvel,"Hari Mahal CHS, plot no -43,44,45, Sector 5A, Sector 6, New Panvel East, Panvel, Maharashtra 410206, India",,Panvel,Panvel,Maharashtra,410206,7900109246,4.9,39,"educational_institution, point_of_interest, establishment",19.0061062,73.1165674,localisy025382,ChIJfbMzCAPp5zsRxcPHHvwddSQ,photos\localisy13816_1.jpg,,,,,Education & Training,Colleges,New Panvel
Sinhgad Institute of Technology Lonavala,"242H+FJP, Mumbai - Pune Expy, Yamuna Kunj, Sector-10, New Panvel East, Panvel, Palidevad, Maharashtra 410206, India",,Panvel,Panvel,Maharashtra,410206,,4,1,"educational_institution, point_of_interest, establishment",19.0012121,73.1290929,localisy025383,ChIJrZ4Wh6jp5zsRgKhc1D12Rqc,photos\localisy13819_1.jpg,,,,,Education & Training,Colleges,New Panvel
Noah classes,"shop no -2, Malewadi stop, shree ram complex, Matoshri Nagar Cooperative Housing Society, Sukapur, New Panvel East, Thane, Akurli, Maharashtra 410206, India",,Panvel,Panvel,Maharashtra,410206,,5,13,"educational_institution, point_of_interest, establishment",19.002007499999998,73.1397578,localisy025384,ChIJW6N5nZzp5zsRlhzPHl1j3w4,photos\localisy13859_1.jpg,,,,,Education & Training,Coaching Institutes,New Panvel
PCMB EduShala - Panvel,"1st floor, Office no, Millennium Hilton, 10 & 11, opp. D Mart Road, Sector-01, New Panvel East, Panvel, Maharashtra 410206, India",,Panvel,Panvel,Maharashtra,410206,8828039033,5,2,"educational_institution, point_of_interest, establishment",19.006414,73.1217973,localisy025385,ChIJKaBWdzbp5zsRIDyHj11TdRw,,,,,,Education & Training,Coaching Institutes,New Panvel
"SCHOLAR ACADEMY,NEW PANVEL","22, Rd Number 14, Sector-1, New Panvel East, Panvel, Maharashtra 410206, India",,Panvel,Panvel,Maharashtra,410206,8850421179,4.4,20,"point_of_interest, educational_institution, establishment",18.9958947,73.1213891,localisy025386,ChIJS_riDI7p5zsRjhosIBtKzog,photos\localisy13876_1.jpg,,,,,Education & Training,Coaching Institutes,New Panvel
Foundation Tutorials (Arun Singh Sir),"X4XG+42W, Sector 12, New Panvel East, Panvel, Maharashtra 410206, India",,Panvel,Panvel,Maharashtra,410206,,4.5,39,"point_of_interest, establishment",18.9978694,73.1250791,localisy025387,ChIJlTF0k1zo5zsRItRJCDpY3sw,,,,,,Education & Training,Coaching Institutes,New Panvel
Infinity Center For Education,"First Floor, Narmada Complex, Railway Station, near Parhar Hospital, Forest Colony, Panvel, Maharashtra 410206, India",,Panvel,Panvel,Maharashtra,410206,9082641983,5,62,"consultant, educational_institution, point_of_interest, service, establishment",18.9893109,73.117644,localisy025388,ChIJpQ1tScfp5zsRL8q4IbF4zHo,photos\localisy13884_1.jpg,,,,,Education & Training,Tuition Centers,New Panvel
Smart Tutors,"Shop No.1, Shelke Wada, behind D'mart, next to Aai Snacks Corner, Sector 5, New Panvel East, Panvel, Navi Mumbai, Panvel, Maharashtra 410206, India",,Panvel,Panvel,Maharashtra,410206,,,,"school, educational_institution, point_of_interest, establishment",19.0056099,73.1173941,localisy025389,ChIJKcFBRvzp5zsRNBUUnjBdVi8,photos\localisy13904_1.jpg,,,,,Education & Training,Tuition Centers,New Panvel
Ram Sir's Tution,"X4XG+MJ5, Panvel Matheran Rd, Sector 12, New Panvel East, Panvel, Maharashtra 410206, India",,Panvel,Panvel,Maharashtra,410206,,4.6,25,"point_of_interest, establishment",18.9991488,73.1265939,localisy025390,ChIJwbWYwKrp5zsRBQ2MQB0EzRg,,,,,,Education & Training,Tuition Centers,New Panvel
Friends Classes,"Shop 7-8, Parshwajyot CHS, Sector 6, New Panvel East, Panvel, Maharashtra 410206, India",,Panvel,Panvel,Maharashtra,410206,7208060154,4.7,13,"point_of_interest, establishment",19.0072702,73.1173227,localisy025391,ChIJeXbHK0_o5zsRFHzXLJbdKlE,photos\localisy13919_1.jpg,,,,,Education & Training,Tuition Centers,New Panvel
Commerce Ki Paathshala — New Panvel,"Plot no.32, opposite HP gas, Sector-1, New Panvel East, Panvel, Maharashtra 410206, India",,Panvel,Panvel,Maharashtra,410206,9819143786,5,14,"school, educational_institution, point_of_interest, establishment",18.9984569,73.11850799999999,localisy025392,ChIJURPiRbzp5zsRNnZe0x5Bloc,photos\localisy13921_1.jpg,,,,,Education & Training,Tuition Centers,New Panvel
Global Tutorials,"14, Sector 11, New Panvel East, Panvel, Maharashtra 410206, India",,Panvel,Panvel,Maharashtra,410206,,4.9,14,"point_of_interest, service, establishment",18.9991724,73.1238067,localisy025393,ChIJd8RvPETo5zsRtFBV8Ss7Oho,photos\localisy13928_1.jpg,,,,,Education & Training,Tuition Centers,New Panvel
Prerana Classes,"Eden Garden, Sec-8, Citi Park Rd, Khanda Colony, Sector - 8, Greater Khanda, Panvel, Maharashtra 410206, India",,Panvel,Panvel,Maharashtra,410206,9892873572,4.6,39,"point_of_interest, service, establishment",19.006473900000003,73.11099620000002,localisy025394,ChIJab9TKTbo5zsRKj__ALhH15k,photos\localisy13929_1.jpg,,,,,Education & Training,Tuition Centers,New Panvel
Mind Quest Tutorials,"Shop number 1, Survi Plaza, Plot Number 25, Sector 2, Karanjade, Panvel, Maharashtra 410206, India",,Panvel,Panvel,Maharashtra,410206,9004115693,5,9,"point_of_interest, establishment",18.999852999999998,73.12052299999999,localisy025395,ChIJT0LCvLDp5zsRTrgiQah1tCg,photos\localisy13935_1.jpg,,,,,Education & Training,Tuition Centers,New Panvel
GeniusHub - Mathematics Genius,"Plot No. 2, Road No. 4, near Miraz Theatre, Sector No. 11, New Panvel East, Panvel, Maharashtra 410206, India",,Panvel,Panvel,Maharashtra,410206,8850746722,4.7,21,"point_of_interest, establishment",18.9996995,73.1259662,localisy025396,ChIJ_dI8J-Lp5zsRuYAGuQXdvys,photos\localisy13941_1.jpg,,,,,Education & Training,Tuition Centers,New Panvel
SHREE CLASSES -DEVAD,"Kool Home CHS, Eight, DD VISPUTE COLLEGE ROAD, Devad, New Panvel East, Panvel, Devad, Maharashtra 410206, India",,Panvel,Panvel,Maharashtra,410206,8097505205,5,38,"educational_institution, point_of_interest, establishment",18.990800999999998,73.1339042,localisy025397,ChIJMWuthvXp5zsRU9b3_mI0zTI,photos\localisy13942_1.jpg,,,,,Education & Training,Tuition Centers,New Panvel
SUVARNA SANGIT CLASS,"302, Hari Kiran CHS, Plot No 208, Sector-10, New Panvel East, Panvel, Maharashtra 410206, India",,Panvel,Panvel,Maharashtra,410206,,5,31,"point_of_interest, service, educational_institution, establishment",19.0021731,73.125102,localisy025398,ChIJXWSnitrp5zsR406_WL2jZFI,photos\localisy13947_1.jpg,,,,,Education & Training,Music Classes,New Panvel
Shri Hari Flute Academy,"Balaji Symphony J wing, J 2005, Panvel Matheran Rd, near Balaji Mandir, Sukapur, Panvel, Shilottar Raichur, Maharashtra 410206, India",,Panvel,Panvel,Maharashtra,410206,9888834074,5,17,"store, point_of_interest, service, school, educational_institution, establishment",19.0010846,73.1345628,localisy025399,ChIJNxouNMfp5zsR2UnozalLXGg,photos\localisy13957_1.jpg,,,,,Education & Training,Music Classes,New Panvel
SMIT N JOY Preschool Daycare Activity center Dance Guitar Bharatnatyam Singing Keyboard Tabla Abacus Drawing Tution karate,"no. 1, Omkar Row house, Gaondevi Temple Rd, next to Domino's, opp. famous biryani, New Panvel East, Vichumbe, Maharashtra 410206, India",,Panvel,Panvel,Maharashtra,410206,9137724938,4.7,87,"preschool, child_care_agency, school, educational_institution, service, point_of_interest, establishment",18.9846936,73.1310197,localisy025400,ChIJs3_T9srp5zsRjkzHU8v2Pwg,photos\localisy13999_1.jpg,,,,,Education & Training,Music Classes,New Panvel
NATYA STUDIO,"Sector 7 Plot No, Vision Co. Hsg. Soc, Romm no. 6, sector 07, Khanda Colony, Sector 7, New Panvel East, Panvel, Maharashtra 410209, India",,Kamothe,Panvel,Maharashtra,410209,8652189893,5,52,"sports_school, point_of_interest, establishment",19.011522,73.1126673,localisy025401,ChIJ05Y3juLp5zsR7hGclQ3uotU,photos\localisy14041_1.jpg,,,,,Education & Training,Dance Classes,New Panvel
KNOCK MIND CHILD DEVELOPMENT CENTER,"36, Swami Vivekanand Marg, Sector-1, New Panvel East, Panvel, Navi Mumbai, Panvel, Maharashtra 410206, India",,Panvel,Panvel,Maharashtra,410206,,5,6,"educational_institution, point_of_interest, establishment",18.998192,73.11859419999999,localisy025402,ChIJZcwlGQDp5zsRWR6lLhjweng,,,,,,Education & Training,Skill Development,New Panvel
Yashaswi Academy for skills,"Office Number 3 Kanak Sanskrit Building CUF Nagar, HOC Colony, Panvel, Maharashtra 410206, India",,Panvel,Panvel,Maharashtra,410206,8104208109,3.9,42,"consultant, service, point_of_interest, establishment",18.996946899999998,73.1103425,localisy025403,ChIJD-4nUF_p5zsRFls8NvJNZUI,photos\localisy14084_1.jpg,,,,,Education & Training,Skill Development,New Panvel
Brighter Minds Panvel,"A-403, hari mahal chs. ltd, sec.5A, Sector 6, New Panvel East, Panvel, Maharashtra 410206, India",,Panvel,Panvel,Maharashtra,410206,9819918196,5,121,"educational_institution, point_of_interest, establishment",19.0061887,73.1162004,localisy025404,ChIJo6r-SoHp5zsRMfQa1i2R4A4,photos\localisy14085_1.jpg,,,,,Education & Training,Skill Development,New Panvel
Mom's Belief Aarav,"1st Floor, Plot No. 36, Vijay Rd, opp. Cidco Garden, Sector-1, New Panvel East, Panvel, Mumbai, Panvel, Maharashtra 410206, India",,Panvel,Panvel,Maharashtra,410206,9015500061,4.5,10,"physiotherapist, wellness_center, medical_clinic, school, educational_institution, service, health, point_of_interest, establishment",19.001077,73.12241159999999,localisy025405,ChIJPXA8F3np5zsRkVtHEMpmm0E,photos\localisy14094_1.jpg,,,,,Education & Training,Skill Development,New Panvel
"Fire & Safety College,Navi Mumbai","Bus Station, Sukapur Rd, beside Malewadi, New Panvel East, Panvel, Shilottar Raichur, Maharashtra 410206, India",,Panvel,Panvel,Maharashtra,410206,,4.7,30,"educational_institution, point_of_interest, establishment",18.9992607,73.13913409999999,localisy025406,ChIJsZxhGPLp5zsRW-fIZGaADQU,photos\localisy14101_1.jpg,,,,,Education & Training,Skill Development,New Panvel
"APPL ABACUS PANVEL, PAMA INDIA, VEDIC MATHS AND HANDWRITING CENTRE","JUI CREATIONS, A/001.Sachinam Apt,Plot no-188,189,Sec-9,New Panvel AKSHARSHILP PAMA, Sector 8, New Panvel East, Panvel, Maharashtra 410206, India",,Panvel,Panvel,Maharashtra,410206,7039088215,4.9,65,"educational_institution, school, point_of_interest, establishment",19.0041963,73.1222056,localisy025407,ChIJcZrpWFvo5zsRh9N9XuEFAPE,photos\localisy14106_1.jpg,,,,,Education & Training,Skill Development,New Panvel
Link With English,"A-203, Sai Dwarka, Plot 28, opposite Karnataka hall, Sector 3, New Panvel East, Panvel, Maharashtra 410206, India",,Panvel,Panvel,Maharashtra,410206,9892796365,4.4,17,"educational_institution, point_of_interest, establishment",19.0013929,73.1204035,localisy025408,ChIJLZucEUXo5zsROGwezSi--yU,photos\localisy14118_1.jpg,,,,,Education & Training,Skill Development,New Panvel
BHIDE'S INSTITUTE OF TESTING TECHNOLOGY PVT. LTD.,"Shop 12, Neel Orchid, Plot – 41, Sec -10, Khanda Colony Opp. Saint Joseph High school, Sector 10, Greater Khanda, Panvel, Maharashtra 410206, India",,Panvel,Panvel,Maharashtra,410206,9324106290,4.6,101,"educational_institution, point_of_interest, establishment",19.004816599999998,73.1142125,localisy025409,ChIJVVVVVTTo5zsRAOrXD7ONC_U,photos\localisy14133_1.jpg,,,,,Education & Training,Online Courses,New Panvel
VEdA CORE HUB NEW PANVEL,"Shop no 11, Nil Arcade, Plot No 23, opp. Aayushman clinic, Sector 19, New Panvel East, Panvel, Navi Mumbai, Panvel, Maharashtra 410206, India",,Panvel,Panvel,Maharashtra,410206,,5,5,"point_of_interest, establishment",18.9972487,73.1222209,localisy025410,ChIJneQ29Irp5zsRTuRHCOvJhp0,photos\localisy14157_1.jpg,,,,,Education & Training,Online Courses,New Panvel
Road Safety Foundation,"S, CIDCO INDUSTRY, PLOT NO.2, Rd Number 6, opp. ALOK HOSPITAL, Sector-1, New Panvel East, Panvel, Maharashtra 410206, India",,Panvel,Panvel,Maharashtra,410206,9223541991,4.9,880,"point_of_interest, establishment",18.996552500000004,73.12028029999999,localisy025411,ChIJw0OhG3Lo5zsRM9tgogNGyfU,photos\localisy14166_1.jpg,,,,,Education & Training,Online Courses,New Panvel
"QualitySol Pvt Ltd. Pharma Consulting, GMP audits & Coaching","G wing Neel Residency 2, New Panvel CHS, Plot 34, Sector 3, New Panvel East, Panvel, Maharashtra 410206, India",,Panvel,Panvel,Maharashtra,410206,9820960304,4.9,29,"consultant, accounting, finance, health, point_of_interest, service, establishment",19.0023426,73.1206277,localisy025412,ChIJUcpZCEXo5zsRhQdGgX-vEtM,photos\localisy14167_1.jpg,,,,,Education & Training,Online Courses,New Panvel
Runali Creative Arts – Aari Work & Mehndi Classes,"Rishikesh Cooperative Housing Society, near DAV School, Sector-9, New Panvel East, Panvel, Maharashtra 410206, India",,Panvel,Panvel,Maharashtra,410206,7977600617,5,7,"educational_institution, point_of_interest, service, establishment",19.002553000000002,73.123496,localisy025413,ChIJCXdIB3Lp5zsROcGUjAnhBcQ,photos\localisy14168_1.jpg,,,,,Education & Training,Online Courses,New Panvel
NEEV - The Future Foundation School,"Office No. 1, First Floor, National Complex, Plot No B11 & B12, Sector 6, New Panvel East, Panvel, Maharashtra 410206, India",,Panvel,Panvel,Maharashtra,410206,7045913355,5,13,"preschool, child_care_agency, school, educational_institution, point_of_interest, service, establishment",19.008594499999997,73.1161162,localisy025414,ChIJjZNrYwPp5zsR1yNWPT5e_CU,photos\localisy14184_1.jpg,,,,,Education & Training,Play Schools & Preschools,New Panvel
Tiger Cubs Pre School Panvel,"Shop No.1, GeeCee Aspira 206, Plot F3, Sector 6, New Panvel East, Panvel, Maharashtra 410206, India",,Panvel,Panvel,Maharashtra,410206,8452826492,4.9,65,"preschool, child_care_agency, school, educational_institution, point_of_interest, service, establishment",19.011220299999998,73.11619689999999,localisy025415,ChIJmbE4sQxsrm8RdZU8bbBkqmI,photos\localisy14188_1.jpg,,,,,Education & Training,Play Schools & Preschools,New Panvel
Smart kids world School.,"Shop no 1, Amardeep society,sector 9, khanda colony.Near haware complex., Sector 9, Greater Khanda, Panvel, New panvel, Panvel, Maharashtra 410206, India",,Panvel,Panvel,Maharashtra,410206,,5,2,"preschool, school, educational_institution, child_care_agency, point_of_interest, service, establishment",19.008395,73.112675,localisy025416,ChIJCfN760no5zsRFm7TYlOrrPY,photos\localisy14205_1.jpg,,,,,Education & Training,Play Schools & Preschools,New Panvel
Kindergarten PlaySchool,"245C+86X, D- 76, Sector 7, New Panvel East, Panvel, Maharashtra 410206, India",,Panvel,Panvel,Maharashtra,410206,,5,1,"school, educational_institution, point_of_interest, establishment",19.008339199999998,73.1202309,localisy025417,ChIJLVpQCwDp5zsRsiulK90IXaY,,,,,,Education & Training,Play Schools & Preschools,New Panvel
Brilliant mind kids,"Pushp kalash society Opposite Balaji symphony Panvel-Matheran road Sukapur, Devad, devad, Panvel, Sukapur, Shilottar Raichur, Maharashtra 410206, India",,Panvel,Panvel,Maharashtra,410206,9594072107,4.8,33,"preschool, child_care_agency, school, educational_institution, service, point_of_interest, establishment",19.0004481,73.134772,localisy025418,ChIJDWPiGELp5zsRPgURf-ELwNs,photos\localisy14225_1.jpg,,,,,Education & Training,Play Schools & Preschools,New Panvel
Foster Kids Pre-School | Koproli | Maharashtra,"Vedant Residency, Gutt No, Shop no. 15, After Bank of Baroda, 12/0, Panvel Matheran Rd, New Panvel, Panvel, Koproli, Maharashtra 410206, India",,Panvel,Panvel,Maharashtra,410206,,5,8,"preschool, child_care_agency, school, educational_institution, service, point_of_interest, establishment",19.0098511,73.1563026,localisy025419,ChIJXRXDq63p5zsRz75N3O1O_b8,photos\localisy14233_1.jpg,,,,,Education & Training,Play Schools & Preschools,New Panvel
Royal English Pre School,"Ashtavinayak Gruhsankul Phase-2, Bld, No. - 4, Shop, 2, Adai Rd, New Panvel East, Adaigaon, Adai, Maharashtra 410206, India",,Panvel,Panvel,Maharashtra,410206,9870313974,5,6,"preschool, child_care_agency, school, educational_institution, service, point_of_interest, establishment",19.0073717,73.12719249999999,localisy025420,ChIJAQAAAFXo5zsRx7MKkfBHUug,photos\localisy14234_1.jpg,,,,,Education & Training,Play Schools & Preschools,New Panvel
Hello Kids - Growingtree,"Plot B, 65, near Sai Sitara Society, Sector 6, New Panvel East, Panvel, Maharashtra 410206, India",,Panvel,Panvel,Maharashtra,410206,9004006297,,,"preschool, child_care_agency, school, educational_institution, service, point_of_interest, establishment",19.0112786,73.1179144,localisy025421,ChIJ45NKx9vp5zsR9QyRUbY_Nlk,photos\localisy14235_1.jpg,,,,,Education & Training,Play Schools & Preschools,New Panvel
Siddharth Vachanalaya va Sevabhavi Sanstha,"X4RF+M9Q, Sector 15A, New Panvel East, Panvel, Maharashtra 410206, India",,Panvel,Panvel,Maharashtra,410206,,5,4,"library, point_of_interest, service, establishment",18.9917034,73.12349870000001,localisy025422,ChIJycjQxP3p5zsRa-id1J9BFdU,photos\localisy14258_1.jpg,,,,,Education & Training,Libraries,New Panvel
Samarth Academy,"Sadguru Bunglow, Plot No, 11, Rd Number 10, Sector 12, New Panvel East, Panvel, Maharashtra 410206, India",,Panvel,Panvel,Maharashtra,410206,,3.6,7,"educational_institution, point_of_interest, establishment",18.9940356,73.12102879999999,localisy025423,ChIJYxl7tGfo5zsRRvRkNhs9q8A,photos\localisy14270_1.jpg,,,,,Education & Training,Language Classes,New Panvel
TechnoTrait Engineering Solutions,"14, Sai Sawali, Plot No, Rd Number 16, near Ayushaman Hospital, Sector 19, New Panvel East, Panvel, Navi Mumbai, Panvel, Maharashtra 410206, India",,Panvel,Panvel,Maharashtra,410206,,4.6,29,"educational_institution, point_of_interest, establishment",18.9970125,73.12213109999999,localisy025424,ChIJQdrt3N7p5zsRFcW8hz7TDHE,,,,,,Education & Training,Language Classes,New Panvel
Gupta Shivan Classes,"Malkansh apartment, near pillai college, Sector 16, New Panvel East, Panvel, Maharashtra 410206, India",,Panvel,Panvel,Maharashtra,410206,9967450358,4.9,52,"educational_institution, point_of_interest, establishment",18.9890533,73.12754029999999,localisy025425,ChIJIxmfx-jp5zsRIaSPyFA_G1w,photos\localisy14306_1.jpg,,,,,Education & Training,Language Classes,New Panvel
Riddhi Computer Institute Khanda Colony,"Office no. 101, 1st floor, Blue Orchid Plot no. 38, Sector-08, near Khandeshwar Police Station, Sector - 8, Khanda Colony, Panvel, Maharashtra 410206, India",,Panvel,Panvel,Maharashtra,410206,9892980217,5,45,"point_of_interest, establishment",19.007517699999998,73.11142780000002,localisy025426,ChIJTVaC80fp5zsRtAbpGby0IJE,photos\localisy14331_1.jpg,,,,,Education & Training,Computer Training Institutes,New Panvel
Advik Institute Of Computer Technology,"Shop no 1, Hari Madhur Milan Apartment, near D Mart Road, Sector 5, New Panvel East, Panvel, Maharashtra 410206, India",,Panvel,Panvel,Maharashtra,410206,,,,"educational_institution, point_of_interest, establishment",19.0038152,73.1167262,localisy025427,ChIJB4uQnyfp5zsRxonXLRmDsmY,photos\localisy14366_1.jpg,,,,,Education & Training,Computer Training Institutes,New Panvel
Shreeram Computer Education,"Shop No 1, Shree Siddhivinayak Enclave, near SAMARTH GYM, Sector-9, New Panvel East, Panvel, Maharashtra 410206, India",,Panvel,Panvel,Maharashtra,410206,9422275048,4.5,2,"educational_institution, point_of_interest, establishment",19.0039554,73.1191336,localisy025428,ChIJtXY0aEXo5zsR9fWqafUwG-Q,photos\localisy14379_1.jpg,,,,,Education & Training,Computer Training Institutes,New Panvel
SP Kirana Mart आपल्या माणसांचे दुकान,"Shop No.03, Gurudev Arcade,Plot No.07 A , Sector 09 Near Khanda Colony to New Panvel, Bridge, Khanda Colony, Sector 9, Greater Khanda, Panvel, Maharashtra 410206, India",,Panvel,Panvel,Maharashtra,410206,9321456361,5,35,"supermarket, grocery_store, food_store, wholesaler, store, point_of_interest, food, establishment",19.006440599999998,73.1146644,localisy025429,ChIJz_EGbFbp5zsRVdZTgwzP4wE,photos\localisy14385_1.jpg,,,,,Shopping & Retail,Grocery Stores,New Panvel
Nath super market,"NATH SUPER MARKET, PLOT A-3/30, Sector 6, New Panvel East, Panvel, Maharashtra 410206, India",,Panvel,Panvel,Maharashtra,410206,9021154243,5,1,"food_delivery, point_of_interest, food, establishment",19.009138399999998,73.116506,localisy025430,ChIJNW_DQ2Pp5zsRGiw26r691qU,photos\localisy14390_1.jpg,,,,,Shopping & Retail,Grocery Stores,New Panvel
Apna Ghar,"Shop No. 22, Shubham Complex, No. 02, Rd Number 16, Sector 11, New Panvel East, Panvel, Maharashtra 410206, India",,Panvel,Panvel,Maharashtra,410206,9029220090,4.2,84,"grocery_store, food_store, store, point_of_interest, food, establishment",18.9986073,73.1232035,localisy025431,ChIJm3Daqlzo5zsRl7ENsNCP-QY,photos\localisy14391_1.jpg,,,,,Shopping & Retail,Grocery Stores,New Panvel
IC Mart,"survey no. 31, building no.2, New Panvel East, vill, Palidevad, Maharashtra 410206, India",,Panvel,Panvel,Maharashtra,410206,8691902131,4.1,379,"grocery_store, food_store, store, point_of_interest, food, establishment",19.0004486,73.1310967,localisy025432,ChIJyesH7ivp5zsRH8Nqg6HOGlA,photos\localisy14393_1.jpg,,,,,Shopping & Retail,Grocery Stores,New Panvel
New world mart,"Survey no 45/5, near vimal wadi, Matoshri Nagar Cooperative Housing Society, Sukapur, New Panvel East, Shilottar Raichur, Maharashtra 410206, India",,Panvel,Panvel,Maharashtra,410206,8655191218,4.4,46,"asian_grocery_store, grocery_store, food_store, store, point_of_interest, food, establishment",19.0014221,73.1375169,localisy025433,ChIJE0jJj5Dp5zsRbFc6gAv4kQ8,photos\localisy14395_1.jpg,,,,,Shopping & Retail,Grocery Stores,New Panvel
PRAKESH SUPER MARKET NEW PANVEL,"Shop.6/7, Hari Ma Apartment, Karna CHS, Sector 3, New Panvel East, Panvel, Navi Mumbai, Panvel, Maharashtra 410206, India",,Panvel,Panvel,Maharashtra,410206,,5,1,"discount_supermarket, asian_grocery_store, supermarket, grocery_store, food_store, store, point_of_interest, food, establishment",19.002256199999998,73.1188236,localisy025434,ChIJ22FtpkXo5zsRD8TXZQ5aLt8,photos\localisy14397_1.jpg,,,,,Shopping & Retail,Grocery Stores,New Panvel
The Grocery Store,"Sector - 6, Khanda Colony, Panvel, Maharashtra 410206, India",,Panvel,Panvel,Maharashtra,410206,9082223582,4.3,177,"supermarket, grocery_store, food_store, store, point_of_interest, food, establishment",19.0106458,73.111203,localisy025435,ChIJ6a-a9DXo5zsRNLURH8o3tEE,photos\localisy14399_1.jpg,,,,,Shopping & Retail,Grocery Stores,New Panvel
Reliance Fresh 2726,"X4X5+73X, Swami Nityanand Rd, HOC Colony, Panvel, Maharashtra 410206, India",,Panvel,Panvel,Maharashtra,410206,,3.9,1365,"supermarket, grocery_store, food_store, store, food, point_of_interest, establishment",18.998231399999998,73.1077279,localisy025436,ChIJL2INsRrC5zsRf_9G3ES1xZc,photos\localisy14400_1.jpg,,,,,Shopping & Retail,Grocery Stores,New Panvel
My basket,"Murti shanti, Vijay Rd, Sector 4, New Panvel East, Panvel, Maharashtra 410206, India",,Panvel,Panvel,Maharashtra,410206,8928661212,5,15,"market, grocery_store, food_store, store, food, point_of_interest, establishment",19.0019936,73.1172868,localisy025437,ChIJ37eQeKTp5zsRJRxU3p9WqrM,photos\localisy14401_1.jpg,,,,,Shopping & Retail,Grocery Stores,New Panvel
Bharat Super Market,"Chetana Cooperative Housing Society, Housing Society, Rd Number 18, Sector-1, New Panvel East, Panvel, Maharashtra 410206, India",,Panvel,Panvel,Maharashtra,410206,9967301401,3.8,6,"general_store, grocery_store, food_store, store, food, point_of_interest, establishment",18.9998513,73.1214447,localisy025438,ChIJT5KalkTo5zsRsoVDfhKEWrk,,,,,,Shopping & Retail,Grocery Stores,New Panvel
Neelkanth Mart,"Plot 1, Mansarovar Station Rd, Old VSNL Colony, Sector - 17, Kamothe, Panvel, Maharashtra 410209, India",,Kamothe,Panvel,Maharashtra,410209,,4.1,228,"grocery_store, food_store, store, food, point_of_interest, establishment",19.0170957,73.0867671,localisy025439,ChIJsXGhA0bD5zsROiQCpCFX6OM,photos\localisy14403_1.jpg,,,,,Shopping & Retail,Grocery Stores,New Panvel
DealEver,"Shop No. 31, Maruthi Rachna Society, Sector 7, New Panvel East, Panvel, Maharashtra 410206, India",,Panvel,Panvel,Maharashtra,410206,,5,15,"store, asian_grocery_store, building_materials_store, furniture_store, home_improvement_store, food_delivery, home_goods_store, wholesaler, manufacturer, grocery_store, food_store, supplier, food, point_of_interest, establishment",19.007814099999997,73.1189401,localisy025440,ChIJbVwr707o5zsRvhYk9OZdKNc,photos\localisy14404_1.jpg,,,,,Shopping & Retail,Grocery Stores,New Panvel
ROSHAN SUPER MARKET,"Ground Floor Shop, A-Type Sector 13, next to Bhantia School, Cidco Colony, Sector 13, New Panvel East, Panvel, Maharashtra 410206, India",,Panvel,Panvel,Maharashtra,410206,9653327346,5,1,"grocery_store, food_store, store, food, point_of_interest, establishment",18.9949026,73.1250416,localisy025441,ChIJRTW_2ALp5zsRuaGwexvLlBw,photos\localisy14406_1.jpg,,,,,Shopping & Retail,Grocery Stores,New Panvel
Food Basket By Food Mart,"239Q+Q7R, Sector 34, Kamothe, Mansarovar, Panvel, Maharashtra 410209, India",,Kamothe,Panvel,Maharashtra,410209,9920384527,4,598,"supermarket, grocery_store, food_store, store, food, point_of_interest, establishment",19.0194896,73.088126,localisy025442,ChIJP3ZZG9bp5zsR6hssUxJYKRs,photos\localisy14407_1.jpg,,,,,Shopping & Retail,Grocery Stores,New Panvel
New Janta Stores,"Shop Number 13, Hari Ashirwad CHS, Sector 15, New Panvel East, Panvel, Maharashtra 410206, India",,Panvel,Panvel,Maharashtra,410206,8169899198,4.2,13,"supermarket, grocery_store, food_store, store, food, point_of_interest, establishment",18.9906401,73.1247046,localisy025443,ChIJpYELtWfo5zsRKKoneIuiodw,photos\localisy14408_1.jpg,,,,,Shopping & Retail,Grocery Stores,New Panvel
Prem Supermarket,"35, Sector 4, Sector 3, New Panvel East, Panvel, Maharashtra 410206, India",,Panvel,Panvel,Maharashtra,410206,,3.8,39,"grocery_store, food_store, store, food, point_of_interest, establishment",19.0036526,73.11818149999999,localisy025444,ChIJae5N8EXo5zsRxOCL3URdhY8,photos\localisy14409_1.jpg,,,,,Shopping & Retail,Grocery Stores,New Panvel
Diwan Dry Fruit House,"Shop No.-29, Ground Floor, Shubham Commercial Complex, Sector 11, New Panvel East, Panvel, Maharashtra 410206, India",,Panvel,Panvel,Maharashtra,410206,,5,2,"supermarket, grocery_store, food_store, store, food, point_of_interest, establishment",18.9987151,73.1231687,localisy025445,ChIJb7B1sp3p5zsRUAau4ov1eLY,photos\localisy14410_1.jpg,,,,,Shopping & Retail,Grocery Stores,New Panvel
Kamal Super Market,"Shop Number 9, Riddhi CHS, 10 And 11, Sector - 13, Khanda Colony, Panvel, Maharashtra 410206, India",,Panvel,Panvel,Maharashtra,410206,8291752391,4,419,"grocery_store, food_store, store, food, point_of_interest, establishment",19.0057479,73.1112328,localisy025446,ChIJPb5L0Tfo5zsRLNtEbOf-4wM,photos\localisy14411_1.jpg,,,,,Shopping & Retail,Grocery Stores,New Panvel
Nere Super Market,"Survey no.82, Gut No.2, Panvel, Nere, Nerepada, Maharashtra 410206, India",,Panvel,Panvel,Maharashtra,410206,,4.1,361,"supermarket, grocery_store, food_store, store, food, point_of_interest, establishment",19.013123,73.168114,localisy025447,ChIJrz5N7knp5zsRLFXo0M_-pio,photos\localisy14414_1.jpg,,,,,Shopping & Retail,Grocery Stores,New Panvel
Elsi foods,"shop no-6, Neel Castle Cooperative Housing Society, Sector 3, New Panvel East, Panvel, Maharashtra 410206, India",,Panvel,Panvel,Maharashtra,410206,9820723703,5,3,"asian_grocery_store, grocery_store, food_store, store, food, point_of_interest, establishment",19.0020393,73.1211206,localisy025448,ChIJFZNnXwDp5zsRwyGcseq9-T4,photos\localisy14416_1.jpg,,,,,Shopping & Retail,Grocery Stores,New Panvel
Rainbow Super Market,"Plot No. 7, Rd Number 17, opp. Post office, Sector 19, New Panvel East, Panvel, Maharashtra 410206, India",,Panvel,Panvel,Maharashtra,410206,7615091011,3.8,24,"supermarket, grocery_store, food_store, store, food, point_of_interest, establishment",18.9965168,73.12273569999999,localisy025449,ChIJ9SMCLEPo5zsR8pVGekZELFk,photos\localisy14417_1.jpg,,,,,Shopping & Retail,Grocery Stores,New Panvel
Gupta Super Market,"4, Mangaldeep Society, Sukapur, New Panvel East, Panvel, Mumbai, Palidevad, Maharashtra 410206, India",,Panvel,Panvel,Maharashtra,410206,9321795912,4.7,3,"grocery_store, food_store, store, food, point_of_interest, establishment",19.0003294,73.1317414,localisy025450,ChIJIengKFno5zsRnVhWGKyWiNE,photos\localisy14418_1.jpg,,,,,Shopping & Retail,Grocery Stores,New Panvel
Nagrik Bazar,"Ridhi Sidhi Co-Operative Housing Society, Sector 3, Sector 8, New Panvel East, Panvel, Maharashtra 410206, India",,Panvel,Panvel,Maharashtra,410206,9224188266,4.6,12,"general_store, grocery_store, food_store, store, food, point_of_interest, establishment",19.0024802,73.12130700000002,localisy025451,ChIJmfVEF0Xo5zsRy5aM3qIdLYY,photos\localisy14419_1.jpg,,,,,Shopping & Retail,Grocery Stores,New Panvel
NEW MATAJI SUPER MARKET,"Bus Stop, 932, Panvel Matheran Rd, Nere, Raigad, Maharashtra 410206, India",,Panvel,Panvel,Maharashtra,410206,8097235002,4.5,11,"grocery_store, food_store, store, point_of_interest, food, establishment",19.013348399999998,73.1697902,localisy025452,ChIJaxc6c9ro5zsRGIvI0Nd14V8,photos\localisy14422_1.jpg,,,,,Shopping & Retail,Grocery Stores,New Panvel
Mayur General Store,"Sai Ram Apartment, Sector-10, Sector-9, New Panvel East, Panvel, Maharashtra 410206, India",,Panvel,Panvel,Maharashtra,410206,,4.2,10,"general_store, food_store, store, point_of_interest, food, establishment",19.0010871,73.12418509999999,localisy025453,ChIJKVWcO1vo5zsRU2X0mvhKxQo,,,,,,Shopping & Retail,Grocery Stores,New Panvel
GROCERY STORE,"SHOP NO 10, SAI MARKET, opp. LIFECARE HOSPITAL, New Panvel East, Vichumbe, Navi Mumbai, Maharashtra 410206, India",,Panvel,Panvel,Maharashtra,410206,9930986833,5,2,"supermarket, grocery_store, food_store, store, point_of_interest, food, establishment",18.9857139,73.1346884,localisy025454,ChIJ4WEZI6vp5zsRx4Z6-vdk2rA,,,,,,Shopping & Retail,Grocery Stores,New Panvel
Janta Super Market,"1, Rd Number 3, Sector-9, New Panvel East, Panvel, Maharashtra 410206, India",,Panvel,Panvel,Maharashtra,410206,8286348871,3.5,8,"general_store, food_store, store, point_of_interest, food, establishment",19.00273,73.12182299999999,localisy025455,ChIJtxwqY3Tp5zsR9tLqTbw1rvc,photos\localisy14425_1.jpg,,,,,Shopping & Retail,Grocery Stores,New Panvel
Royal Food,"BLOCK-A, RIDDHI SIDDHI RESIDENCY, Sector 8, New Panvel East, Panvel, Maharashtra 410206, India",,Panvel,Panvel,Maharashtra,410206,8469643400,4.8,6,"supermarket, grocery_store, food_store, store, point_of_interest, food, establishment",19.0024439,73.1211482,localisy025456,ChIJEwY9b_Pp5zsRUa8GhCf9tEk,photos\localisy14427_1.jpg,,,,,Shopping & Retail,Grocery Stores,New Panvel
Kisan Market,"Kisan Market, Sector-3, Sector-9, New Panvel East, Panvel, Maharashtra 410206, India",,Panvel,Panvel,Maharashtra,410206,9004145169,3.9,11,"grocery_store, market, food_store, store, point_of_interest, food, establishment",19.0022771,73.12138929999999,localisy025457,ChIJMznPHkXo5zsRc1LXJz46KLo,photos\localisy14428_1.jpg,,,,,Shopping & Retail,Grocery Stores,New Panvel
Satyam Super Market,"Sector-9, Sector 8, New Panvel East, Panvel, Maharashtra 410206, India",,Panvel,Panvel,Maharashtra,410206,9820410482,3.6,7,"supermarket, grocery_store, food_store, store, point_of_interest, food, establishment",19.0032417,73.1238731,localisy025458,ChIJfbe-x1ro5zsREym5ZkUgpEE,,,,,,Shopping & Retail,Grocery Stores,New Panvel
Lavkush Super Market,"Shop No 2 Shree Krishna Chs PlotNo 44 Sec 9 Khanda Colony, Sector 9, New Panvel East, Panvel, Maharashtra 410206, India",,Panvel,Panvel,Maharashtra,410206,9664990955,4.7,3,"grocery_store, food_store, store, point_of_interest, food, establishment",19.0078128,73.1133854,localisy025459,ChIJ86LB7RLp5zsR8TA7AM5l0pw,photos\localisy14432_1.jpg,,,,,Shopping & Retail,Grocery Stores,New Panvel
Janta Super Market,"NEEL Harmony, 1A, Rd Number 3, Sector-9, New Panvel East, Panvel, Maharashtra 410206, India",,Panvel,Panvel,Maharashtra,410206,,,,"grocery_store, food_store, store, point_of_interest, food, establishment",19.002789699999997,73.1220395,localisy025460,ChIJ-QpsPADp5zsRkJp2EQxM_4c,,,,,,Shopping & Retail,Grocery Stores,New Panvel
GARG STORE,"Shop No. 4 ,Laxmi Shrey,Sector-4,New Panvel, 2429+Q4M, Vaishakh Marg, Sector 4, New Panvel East, Panvel, Maharashtra 410206, India",,Panvel,Panvel,Maharashtra,410206,9920429868,4.6,5,"asian_grocery_store, grocery_store, food_store, store, point_of_interest, food, establishment",19.0019498,73.1177414,localisy025461,ChIJe4_80EXo5zsRRaPrirbpyfQ,photos\localisy14434_1.jpg,,,,,Shopping & Retail,Grocery Stores,New Panvel
New Sapna Kirana Store,"Shop No:24 Plot No: 153, Pratik Gardens, 165, Sector 34, Kamothe, Panvel, Thane, Panvel, Maharashtra 410209, India",,Kamothe,Panvel,Maharashtra,410209,8779799424,3.7,3,"grocery_store, food_store, store, point_of_interest, food, establishment",19.0205935,73.0875095,localisy025462,ChIJRQNanHjC5zsRsgrWnq8QPCM,photos\localisy14435_1.jpg,,,,,Shopping & Retail,Grocery Stores,New Panvel
Ashapura - Dry Fruit & General Store,"shop no 4, Janta Bazar, Rd Number 1, Sector 18, New Panvel East, Panvel, Maharashtra 410206, India",,Panvel,Panvel,Maharashtra,410206,,4.2,6,"grocery_store, food_store, store, point_of_interest, food, establishment",18.9942741,73.12083179999999,localisy025463,ChIJ-fN1jULo5zsRvr9zai3q5D4,photos\localisy14436_1.jpg,,,,,Shopping & Retail,Grocery Stores,New Panvel
ASHAPURA SUPER MARKET,"Shop No 3, JARI MARI MANDIR ROAD, opposite Mumbai - Pune Expressway, Sukapur, New Panvel East, Panvel, Palidevad, Maharashtra 410206, India",,Panvel,Panvel,Maharashtra,410206,7568159714,3.7,3,"supermarket, grocery_store, food_store, store, point_of_interest, food, establishment",18.997207799999998,73.1322175,localisy025464,ChIJ7eO7SPTp5zsRnwoIpo8m-mU,photos\localisy14437_1.jpg,,,,,Shopping & Retail,Grocery Stores,New Panvel
Veg Basket,"Shop 13, Chs, Sai Arcade, Plot No. 20, Sector 15A, New Panvel East, Panvel, Mumbai, Panvel, Maharashtra 410206, India",,Panvel,Panvel,Maharashtra,410206,9833557790,4.8,5,"asian_grocery_store, grocery_store, food_store, store, point_of_interest, food, establishment",18.9910523,73.1243035,localisy025465,ChIJ35JpyWfo5zsRWUf9aRqKNwk,photos\localisy14438_1.jpg,,,,,Shopping & Retail,Grocery Stores,New Panvel
Sanjeevani Cold Pressed Oils,"ground Floor, Plot No 11, Rd Number 1, near shreeyash hospital, Sector 19, New Panvel East, Panvel, Maharashtra 410206, India",,Panvel,Panvel,Maharashtra,410206,9930548596,5,66,"wholesaler, discount_store, grocery_store, food_store, manufacturer, store, supplier, health, service, point_of_interest, food, establishment",18.9956679,73.11971799999999,localisy025466,ChIJteu5bufp5zsR7x6epvhnQTs,photos\localisy14439_1.jpg,,,,,Shopping & Retail,Grocery Stores,New Panvel
Style and colours,"SHOP NO 06, PLOT NO 41, HARI MADHUR MILAN, D Mart Rd, Sector 5, New Panvel East, Panvel, Maharashtra 410206, India",,Panvel,Panvel,Maharashtra,410206,7302408690,4.7,29,"clothing_store, store, point_of_interest, establishment",19.0038159,73.1166683,localisy025467,ChIJ55_vKsPp5zsRWPY6wB8TDxw,photos\localisy14441_1.jpg,,,,,Shopping & Retail,Clothing Stores,New Panvel
K-Fashion House,"Shop No. 2, Hari Garden CHS, Plot No. 239, Sector-10, New Panvel East, Panvel, Navi Mumbai, Panvel, Maharashtra 410206, India",,Panvel,Panvel,Maharashtra,410206,9702444556,5,5,"womens_clothing_store, clothing_store, store, point_of_interest, establishment",19.0009895,73.1248105,localisy025468,ChIJl0Ro3L_p5zsRH_YiB6fo4Hc,photos\localisy14444_1.jpg,,,,,Shopping & Retail,Clothing Stores,New Panvel
Go Colors - Orion Panvel | Women’s Top & Bottom Wear,"Orion Mall Panvel -F 12, First Floor, MH SH 76, near ST Stand, Forest Colony, Panvel, Maharashtra 410206, India",,Panvel,Panvel,Maharashtra,410206,,4.9,76,"clothing_store, womens_clothing_store, store, point_of_interest, service, establishment",18.99299,73.1158742,localisy025469,ChIJ3_ey_-Lp5zsRFKonxQ0Cxg8,photos\localisy14445_1.jpg,,,,,Shopping & Retail,Clothing Stores,New Panvel
Yousta,"GF, FF, Satyam Pride, Shop no 1-3 & 1-5, PLOT NO.- 88, 140B, East, Panvel, Maharashtra 410206, India",,Panvel,Panvel,Maharashtra,410206,9029032858,4.5,190,"clothing_store, store, point_of_interest, establishment",19.0013435,73.1171411,localisy025470,ChIJq247HgDp5zsRVsjzxG5B2XE,photos\localisy14447_1.jpg,,,,,Shopping & Retail,Clothing Stores,New Panvel
THE NEW BRAND FACTORY,"Shop no 15-16, nilkant building, near naturals ice cream, opp. Orion Mall, Old Panvel, Panvel, Maharashtra 410206, India",,Panvel,Panvel,Maharashtra,410206,,5,8,"clothing_store, store, point_of_interest, establishment",18.993222199999998,73.114842,localisy025471,ChIJ-9Wk8gTp5zsR_3tsLYrwuJo,,,,,,Shopping & Retail,Clothing Stores,New Panvel
be vogue,"Shop No 07, Neel Sanskriti CHS, opposite D.A.V School, Sector-9, New Panvel East, Panvel, Maharashtra 410206, India",,Panvel,Panvel,Maharashtra,410206,9029606686,4.9,49,"clothing_store, store, point_of_interest, establishment",19.002782399999997,73.12223999999999,localisy025472,ChIJFxU1Jwnp5zsR--sB3wEv6mE,photos\localisy14449_1.jpg,,,,,Shopping & Retail,Clothing Stores,New Panvel
Vanity,"Shop No.4, CHS ltd, Sai Sandesh, Panvel Matheran Rd, Sector-1, New Panvel East, Panvel, Maharashtra 410206, India",,Panvel,Panvel,Maharashtra,410206,8108008810,4,41,"womens_clothing_store, clothing_store, store, point_of_interest, establishment",18.998174799999997,73.1220726,localisy025473,ChIJcfh-oETo5zsR_o8wePi5zWI,photos\localisy14450_1.jpg,,,,,Shopping & Retail,Clothing Stores,New Panvel
Girls 16 western outfit,"SHOP NO-1, plot no- 23, opp. to Shiva Complex, Sector 19, New Panvel East, Panvel, Maharashtra 410206, India",,Panvel,Panvel,Maharashtra,410206,9833777534,5,26,"clothing_store, store, point_of_interest, establishment",18.9975378,73.1223674,localisy025474,ChIJx9_E_YPp5zsRuCXzXRre0bk,photos\localisy14451_1.jpg,,,,,Shopping & Retail,Clothing Stores,New Panvel
Secret lady,"Plot no -7, Rd Number 18, Sector-1, New Panvel East, Panvel, Maharashtra 410206, India",,Panvel,Panvel,Maharashtra,410206,9689053569,4.9,73,"womens_clothing_store, clothing_store, store, point_of_interest, establishment",18.9989043,73.1223539,localisy025475,ChIJeXKIiPzp5zsRYO5ZZCNm3oA,photos\localisy14454_1.jpg,,,,,Shopping & Retail,Clothing Stores,New Panvel
URVASHI,"Shop no 1&2, plot no 27, Panvel Matheran Rd, Sector 19, New Panvel East, Panvel, Navi Mumbai, Panvel, Maharashtra 410206, India",,Panvel,Panvel,Maharashtra,410206,9869274582,4,22,"clothing_store, store, point_of_interest, establishment",18.9978418,73.122354,localisy025476,ChIJx44m-g3p5zsRSzSjapLsYro,photos\localisy14457_1.jpg,,,,,Shopping & Retail,Clothing Stores,New Panvel
Aai kids Wear,"shop no 14, Ganesh market, Sector 12, New Panvel East, Panvel, Maharashtra 410206, India",,Panvel,Panvel,Maharashtra,410206,,4.5,14,"clothing_store, store, point_of_interest, establishment",18.997551599999998,73.12298919999999,localisy025477,ChIJ-4WaSkPo5zsRop3HjoCP4ss,,,,,,Shopping & Retail,Clothing Stores,New Panvel
"Ethnicity - Orion Mall, Panvel","Orion Mall, Shop No F, First Floor, 20/21, nearby Bus Depot, Forest Colony, Panvel, Thane, Panvel, Maharashtra 410206, India",,Panvel,Panvel,Maharashtra,410206,9429692401,4.9,284,"clothing_store, store, point_of_interest, establishment",18.9933083,73.1157293,localisy025478,ChIJP_rNe-7p5zsRu-6deTlXvYs,photos\localisy14462_1.jpg,,,,,Shopping & Retail,Clothing Stores,New Panvel
Peter England Showroom,"Shop No.9, Kalpataru CHS, near Dominos Restaurant, Sector 4, New Panvel East, Panvel, Mumbai, Panvel, Maharashtra 410206, India",,Panvel,Panvel,Maharashtra,410206,,4.1,158,"clothing_store, store, point_of_interest, establishment",19.002521599999998,73.1172531,localisy025479,ChIJ2WnbeTzD5zsRMPmU2sealng,photos\localisy14463_1.jpg,,,,,Shopping & Retail,Clothing Stores,New Panvel
Fashion Plus,"shop no 5&6, Gauri Darshan, Plot no-2, Rd Number 16, Sector-11, New Panvel East, Panvel, Maharashtra 410206, India",,Panvel,Panvel,Maharashtra,410206,9819181318,3.7,3,"clothing_store, store, point_of_interest, establishment",18.998644,73.1234429,localisy025480,ChIJJcR2Lm7p5zsRazkLj0Ph4DM,photos\localisy14464_1.jpg,,,,,Shopping & Retail,Clothing Stores,New Panvel
Jockey Exclusive Store,"Plot No 50 & 51, Shop No 1 & 5, Priya Apartment, New Panvel CHS, Sector 4, New Panvel East, Panvel, Navi Mumbai, Panvel, Maharashtra 410206, India",,Panvel,Panvel,Maharashtra,410206,9619318757,4.6,12,"clothing_store, sportswear_store, womens_clothing_store, sporting_goods_store, store, point_of_interest, establishment",19.0032531,73.1169329,localisy025481,ChIJL-7bh7Pp5zsR7_ta4vgE2fU,photos\localisy14468_1.jpg,,,,,Shopping & Retail,Clothing Stores,New Panvel
"Shree Brahmaani, New Panvel","Plot No. 5 & 7, Tulsi Pooja CHS, Shop No. 9 & 10 SC Marg, New, Sector-1, New Panvel East, Panvel, Maharashtra 410206, India",,Panvel,Panvel,Maharashtra,410206,9892167326,5,31,"clothing_store, store, point_of_interest, establishment",18.997916900000003,73.121473,localisy025482,ChIJ4xROytLp5zsRvsbXTsbrsc8,photos\localisy14469_1.jpg,,,,,Shopping & Retail,Clothing Stores,New Panvel
New Trendy,"Shop No.1, Hari Om Palace, Shivaji Rd, Line Ali, Old Panvel, Panvel, Navi Mumbai, Mumbai, Maharashtra 410206, India",,Panvel,Panvel,Maharashtra,410206,,3.7,3,"clothing_store, store, point_of_interest, establishment",18.9900121,73.1133053,localisy025483,ChIJSVR0A6Hp5zsRE_0fZac5PPk,photos\localisy14473_1.jpg,,,,,Shopping & Retail,Clothing Stores,New Panvel
AJVIE ladies fashion brand,"Shop no 102, Ganesh market, Sector 12, New Panvel East, Panvel, Maharashtra 410206, India",,Panvel,Panvel,Maharashtra,410206,,4.9,17,"clothing_store, store, point_of_interest, establishment",18.998441,73.1191451,localisy025484,ChIJxZr_uFXp5zsRuGKiIAPFpss,photos\localisy14475_1.jpg,,,,,Shopping & Retail,Clothing Stores,New Panvel
Anmol Silk Collection Best Saree Shop in New Panvel,"Sai Saaj Cooperative Housing Limited, Co Op HSG, Sector 05, Plot 03, Gurudwara Rd, Sector 5, New Panvel East, Panvel, Maharashtra 410206, India",,Panvel,Panvel,Maharashtra,410206,9819773343,4.9,26,"clothing_store, store, point_of_interest, establishment",19.005629000000003,73.118194,localisy025485,ChIJ_SMH3Z7p5zsRON9nvOXar4Q,photos\localisy14476_1.jpg,,,,,Shopping & Retail,Clothing Stores,New Panvel
Ashish Panvel shopping,"shop.no.75, Ashish Panvel shopping, 76.77, Ganesh market, Sector 7, New Panvel East, Panvel, Maharashtra 410206, India",,Panvel,Panvel,Maharashtra,410206,9819533637,4.7,9,"clothing_store, store, point_of_interest, establishment",18.997163399999998,73.1232424,localisy025486,ChIJ_bjIHG_p5zsRI-VQ0Xb51oo,photos\localisy14479_1.jpg,,,,,Shopping & Retail,Clothing Stores,New Panvel
New Rang,"Shop No 5, Ujjval Complex, near Aadharsh Hotel, Old Panvel, Panvel, Maharashtra 410206, India",,Panvel,Panvel,Maharashtra,410206,7977151440,4.8,8,"clothing_store, store, point_of_interest, establishment",18.9885987,73.1123464,localisy025487,ChIJb-EV_zXp5zsRlbvN3kY7OoE,photos\localisy14480_1.jpg,,,,,Shopping & Retail,Clothing Stores,New Panvel
Kids World,"Shop no 6, Rd Number 17, Sector 19, New Panvel East, Panvel, Maharashtra 410206, India",,Panvel,Panvel,Maharashtra,410206,9029493814,3.9,7,"clothing_store, store, point_of_interest, establishment",18.9974386,73.1223461,localisy025488,ChIJ_8cQOEPo5zsRaIC0V-f_GDs,photos\localisy14481_1.jpg,,,,,Shopping & Retail,Clothing Stores,New Panvel
A ONE LADIES WEAR,"Shop No 32, 33, Matheran Rd, Sector 11, New Panvel East, Panvel, Maharashtra 410206, India",,Panvel,Panvel,Maharashtra,410206,9920727370,5,1,"womens_clothing_store, clothing_store, store, point_of_interest, establishment",18.9988076,73.12322429999999,localisy025489,ChIJGV17M__p5zsRLgmRBEruXUk,,,,,,Shopping & Retail,Clothing Stores,New Panvel
New Selection,"Panvel, Yashodhara Chs, 2/3, Shivaji Rd, near Ketki Hotel, Old Panvel, Panvel, Maharashtra 410206, India",,Panvel,Panvel,Maharashtra,410206,9137406484,4.3,27,"clothing_store, store, point_of_interest, establishment",18.990939,73.11476800000001,localisy025490,ChIJgblHZ2ro5zsRP4OUrptAhhg,photos\localisy14483_1.jpg,,,,,Shopping & Retail,Clothing Stores,New Panvel
श्री गणेश मार्केट (Ganesh Market),"410206, Sector 19, New Panvel East, Panvel, Maharashtra 410206, India",,Panvel,Panvel,Maharashtra,410206,,4.1,110,"market, point_of_interest, establishment",18.997265,73.12334,localisy025491,ChIJucB1y1zo5zsRibqptua_tic,photos\localisy14487_1.jpg,,,,,Shopping & Retail,Clothing Stores,New Panvel
Raymond,"Plot, Sai Aakash Building, 20, Matheran Rd, Sector 12, New Panvel East, Panvel, Maharashtra 410206, India",,Panvel,Panvel,Maharashtra,410206,,3.7,62,"clothing_store, store, point_of_interest, establishment",18.9984674,73.12470429999999,localisy025492,ChIJP7Fjolzo5zsR00QYeluhANA,photos\localisy14488_1.jpg,,,,,Shopping & Retail,Clothing Stores,New Panvel
COLOUR PALETTE,"Shop No 5,Wing 1,Millennium Hilton, Sector 1s, Plot No-140, opposite Domino's Pizza, New Panvel East, Panvel, Maharashtra 410206, India",,Panvel,Panvel,Maharashtra,410206,8849325395,5,8,"clothing_store, store, point_of_interest, service, establishment",19.0029351,73.11650080000001,localisy025493,ChIJR40uOmbp5zsRPvs4brVsF8I,photos\localisy14489_1.jpg,,,,,Shopping & Retail,Clothing Stores,New Panvel
"Sakhi – Women’s Daily & Western Wear, New Panvel","Shop no. 1, Deep Dhara Bldg, Plot no. 8, Rd Number 18, Sector-1, New Panvel East, Panvel, Navi Mumbai, Panvel, Maharashtra 410206, India",,Panvel,Panvel,Maharashtra,410206,9967585025,,,"womens_clothing_store, clothing_store, store, point_of_interest, establishment",18.9997167,73.1216343,localisy025494,ChIJ71SWoczp5zsROUzNfdj6e6s,photos\localisy14491_1.jpg,,,,,Shopping & Retail,Clothing Stores,New Panvel
Saree Mahal,"Shop no.1sai sandesh chs, Sector-1, New Panvel East, Panvel, Maharashtra 410206, India",,Panvel,Panvel,Maharashtra,410206,,4.1,37,"clothing_store, store, point_of_interest, establishment",18.9981912,73.1221125,localisy025495,ChIJEyBUckTo5zsRewAwYKT1H3Y,photos\localisy14492_1.jpg,,,,,Shopping & Retail,Clothing Stores,New Panvel
WHITE CARD,"5/7, Panvel Matheran Rd, Sector-1, New Panvel East, Panvel, Maharashtra 410206, India",,Panvel,Panvel,Maharashtra,410206,,5,1,"clothing_store, store, point_of_interest, establishment",18.9979575,73.1213572,localisy025496,ChIJz1IIOWnp5zsRX8XeAJkhA3Y,photos\localisy14494_1.jpg,,,,,Shopping & Retail,Clothing Stores,New Panvel
Blackberrys,"BLACKBERRYS, Shop no. 5, besides Lookwell Salon, Millenium Hilton, New Panvel East, Panvel, Maharashtra 410206, India",,Panvel,Panvel,Maharashtra,410206,9137514579,4.8,5,"clothing_store, store, point_of_interest, service, establishment",19.0028026,73.1165928,localisy025497,ChIJeVGzdVbp5zsRMYQIOfa1qEw,photos\localisy14495_1.jpg,,,,,Shopping & Retail,Clothing Stores,New Panvel
PRIME STORE,"Shop no -69, Kisan Market, near D A V School, Sector 3, New Panvel East, Panvel, Maharashtra 410206, India",,Panvel,Panvel,Maharashtra,410206,8108553853,,,"womens_clothing_store, clothing_store, store, point_of_interest, establishment",19.002270199999998,73.1213884,localisy025498,ChIJpcFQP0Xp5zsRULs9ojPfRNU,,,,,,Shopping & Retail,Clothing Stores,New Panvel
Nirvaani Boutique,"Shop No 7 Plot No 41, Neel Plaza, Karna CHS, Sector 3, New Panvel East, Panvel, Maharashtra 410206, India",,Panvel,Panvel,Maharashtra,410206,9920395024,5,1,"clothing_store, store, point_of_interest, establishment",19.0018681,73.1199786,localisy025499,ChIJDwO6jZDp5zsRQ62SsvuGrW8,photos\localisy14497_1.jpg,,,,,Shopping & Retail,Clothing Stores,New Panvel
Rudrangi Saree House,"Shop no 58, Riddhi Siddhi Complex, near DAV School, Sector 3, New Panvel East, Panvel, Maharashtra 410206, India",,Panvel,Panvel,Maharashtra,410206,9930299069,5,47,"womens_clothing_store, clothing_store, store, point_of_interest, establishment",19.0025138,73.1212164,localisy025500,ChIJGZe82Dfp5zsRMq5o_Or4lWU,photos\localisy14499_1.jpg,,,,,Shopping & Retail,Clothing Stores,New Panvel
Navkar Electronics,"Shop no.06 ashwmegh complex sec.08, Khanda Colony, opp. satara bank, Sector - 8, New Panvel East, Panvel, Maharashtra 410206, India",,Panvel,Panvel,Maharashtra,410206,9920999353,4,70,"cell_phone_store, store, point_of_interest, establishment",19.007166599999998,73.111666,localisy025501,ChIJP0db10no5zsRhrHqLg7iaCg,photos\localisy14511_1.jpg,,,,,Shopping & Retail,Electronics,New Panvel
ION Electricals pvt ltd,"Gala NO 17&18, Pooja Complex, Maruti Corner., 15A & 15B, Station Rd, Sector 17, New Panvel East, Panvel, Maharashtra 410206, India",,Panvel,Panvel,Maharashtra,410206,9324362906,4.7,23,"point_of_interest, establishment",18.9926234,73.1226065,localisy025502,ChIJKezQGmjo5zsRlxMdWVp4cec,photos\localisy14515_1.jpg,,,,,Shopping & Retail,Electronics,New Panvel
Navkar Sales and Service-Best kitchen appliances in new panvel,"Shop.no-01,Plot, Neel Kunj, Building,G-Floor, 01, Vijay Rd, Sector 4, New Panvel East, Panvel, Maharashtra 410206, India",,Panvel,Panvel,Maharashtra,410206,9167226629,4.4,39,"home_goods_store, store, point_of_interest, establishment",19.0022676,73.1172213,localisy025503,ChIJLzytDkbo5zsRC2mpOGY_AwU,photos\localisy14519_1.jpg,,,,,Shopping & Retail,Electronics,New Panvel
VISION ELECTRONICS,"Shop No .13 Ground Floor, Golden Dream Arcade, opp. PNG Jewellers, near MTNL Road, Old Panvel, Panvel, Maharashtra 410206, India",,Panvel,Panvel,Maharashtra,410206,,5,1,"electronics_store, store, point_of_interest, establishment",18.985319999999998,73.112676,localisy025504,ChIJy4odLgDp5zsRVnrrWHJIUqE,,,,,,Shopping & Retail,Electronics,New Panvel
"Havells Authorised Partner - New Panvel, Raigarh","Jay Light Hub, Main Road, behind Central Co-Op Bank, Sector 11, New Panvel East, Panvel, Navi Mumbai, Panvel, Maharashtra 410206, India",,Panvel,Panvel,Maharashtra,410206,6744031989,5,2,"point_of_interest, establishment",18.9986474,73.1225338,localisy025505,ChIJkSMcN53p5zsRZZbuQqCkH24,photos\localisy14528_1.jpg,,,,,Shopping & Retail,Electronics,New Panvel
Singh Electronics,"Shop No. 01, Building No. 01 Dharma Niwas, Marathon Road, Sukapur, New Panvel East, Panvel, Palidevad, Maharashtra 410206, India",,Panvel,Panvel,Maharashtra,410206,8097436381,3,1,"electronics_store, store, point_of_interest, establishment",19.0003945,73.13181999999999,localisy025506,ChIJfyvvKFno5zsR_kS0qZXfSPg,photos\localisy14529_1.jpg,,,,,Shopping & Retail,Electronics,New Panvel
M S ELECTRONIC,"SHOP33, MS ELECTRONIC, Shiva Complex, Sector 19, New Panvel East, Panvel, Maharashtra 410206, India",,Panvel,Panvel,Maharashtra,410206,7666098936,5,4,"service, point_of_interest, establishment",18.9976608,73.1226628,localisy025507,ChIJBaenSUPo5zsRAAAAMP7SRmg,photos\localisy14532_1.jpg,,,,,Shopping & Retail,Electronics,New Panvel
Bhavani Lights,"Shop No 2, Samartha Villa, Sec 1, Sector-1, New Panvel East, Panvel, Maharashtra 410206, India",,Panvel,Panvel,Maharashtra,410206,9930903614,4.2,87,"service, home_improvement_store, home_goods_store, store, point_of_interest, establishment",18.997787300000002,73.1187308,localisy025508,ChIJgw2nikPo5zsRUkKGi0XKC50,photos\localisy14536_1.jpg,,,,,Shopping & Retail,Electronics,New Panvel
Gadson Electronics,"Plot 9, Rd Number 2, Sector 19, New Panvel East, Panvel, Maharashtra 410206, India",,Panvel,Panvel,Maharashtra,410206,,3.8,8,"supplier, manufacturer, store, point_of_interest, establishment",18.996106599999997,73.1197073,localisy025509,ChIJezdArEPo5zsRJL_s9M2RDXc,photos\localisy14540_1.jpg,,,,,Shopping & Retail,Electronics,New Panvel
"Samsung Experience Store New Panvel East, Sector 19","Shop No 1, Sai Shanti Bhavan, near Yes Bank, Sector 19, New Panvel East, Panvel, Maharashtra 410206, India",,Panvel,Panvel,Maharashtra,410206,8108903957,4.7,327,"cell_phone_store, electronics_store, service, store, point_of_interest, establishment",18.9973883,73.12098499999999,localisy025510,ChIJpQeoBEXo5zsR5tbTqMqTdjY,photos\localisy14541_1.jpg,,,,,Shopping & Retail,Electronics,New Panvel
new Panvel,"Sai Dwar, Asudgaon, New Panvel East, Panvel, Maharashtra 410218, India",,Roadpali,Panvel,Maharashtra,410218,,5,3,"electronics_store, store, point_of_interest, establishment",19.014841099999998,73.10907370000001,localisy025511,ChIJgyIaNGrp5zsRc4Bg4VXuwQQ,photos\localisy14542_1.jpg,,,,,Shopping & Retail,Electronics,New Panvel
Texon Electronics,"1, Panvel, Near To Orion Mall/ New Panvel Bridge, Old, Mumbai - Pune Expy, Forest Colony, Navi, Mumbai, Panvel, Maharashtra 410206, India",,Panvel,Panvel,Maharashtra,410206,9821458567,5,1,"point_of_interest, establishment",18.994668400000002,73.1152244,localisy025512,ChIJAQBA50Ho5zsREOuXZSYWT7E,,,,,,Shopping & Retail,Electronics,New Panvel
Unique Mobile Accessories,"near DMart New Panvel, Sector 5, New Panvel East, Panvel, Maharashtra 410206, India",,Panvel,Panvel,Maharashtra,410206,7488789704,5,5,"electronics_store, store, point_of_interest, establishment",19.0056373,73.1161551,localisy025513,ChIJIf71FDfp5zsRV8PrmapKE7Q,photos\localisy14547_1.jpg,,,,,Shopping & Retail,Electronics,New Panvel
Anand computer,"Anand computer shop 3, 70, vaishnav darshan, plot 69, Sector-10, New Panvel East, Panvel, Maharashtra 410206, India",,Panvel,Panvel,Maharashtra,410206,7408517779,5,2,"electronics_store, store, point_of_interest, establishment",19.000703899999998,73.12264929999999,localisy025514,ChIJCRhJzpvp5zsR23zVD6vTY1E,photos\localisy14549_1.jpg,,,,,Shopping & Retail,Electronics,New Panvel
Navam Electricals & Electronics,"Shop No 1, Giriraj New, Sector 15A, New Panvel East, Panvel, Mumbai, Panvel, Maharashtra 410206, India",,Panvel,Panvel,Maharashtra,410206,9819659844,3.5,2,"electrician, service, point_of_interest, establishment",18.9921619,73.123655,localisy025515,ChIJ78h_5mfo5zsR5DckBshNIi4,,,,,,Shopping & Retail,Electronics,New Panvel
Trade electronics,"Shop no 3, vinayakam chs, plot 34 35 36, Sector 5, New Panvel East, Panvel, Maharashtra 410206, India",,Panvel,Panvel,Maharashtra,410206,9867040887,,,"service, point_of_interest, establishment",19.0042017,73.1182409,localisy025516,ChIJJ2gMHSPp5zsRM9KyBD6-JIw,,,,,,Shopping & Retail,Electronics,New Panvel
PRANALI DIGITAL CABLE AND INTERNET,"SHOP NO 02 LAXMI MADHU PLOT NO 22 SECTOR NO 04, Sector 4, New Panvel East, Panvel, Maharashtra 410206, India",,Panvel,Panvel,Maharashtra,410206,,4.9,37,"service, point_of_interest, establishment",19.0020872,73.1182654,localisy025517,ChIJCbvpEJfp5zsR2ZNjlchxNew,photos\localisy14553_1.jpg,,,,,Shopping & Retail,Electronics,New Panvel
Latest Point Mobile,"Shop No.3, Plot No.54, Complex, Sector 3, New Panvel East, Panvel, Maharashtra 410206, India",,Panvel,Panvel,Maharashtra,410206,9588665522,4.3,41,"cell_phone_store, electronics_store, store, point_of_interest, establishment",19.0021988,73.1211629,localisy025518,ChIJQ1-EHUXo5zsR39K38RgaTp4,photos\localisy14554_1.jpg,,,,,Shopping & Retail,Electronics,New Panvel
AVGN InfoTech,"Shop No-42, near Miraj Cinema, opp. Rajlaxmi Jeweller, Sector-1, New Panvel East, Panvel, Maharashtra 410206, India",,Panvel,Panvel,Maharashtra,410206,9029044486,4,4,"electronics_store, consultant, wholesaler, service, store, point_of_interest, establishment",18.998927899999998,73.1222538,localisy025519,ChIJeYEl1J3p5zsRIENZ-VZqzSY,photos\localisy14555_1.jpg,,,,,Shopping & Retail,Electronics,New Panvel
Dish bay Tata play,"Plot no 195, Sector 4, Sector 8, New Panvel East, Panvel, Maharashtra 410206, India",,Panvel,Panvel,Maharashtra,410206,7666800666,4.1,18,"electronics_store, store, point_of_interest, establishment",19.004311299999998,73.1202158,localisy025520,ChIJ-Te_633p5zsRE5IjAktQRBI,,,,,,Shopping & Retail,Electronics,New Panvel
POOJA MOBILE STORE,"Shop No 12, NEEL CASTEL CHS, Plot 54, opposite STATE BANK, Karna CHS, Sector 3, New Panvel East, Panvel, Maharashtra 410206, India",,Panvel,Panvel,Maharashtra,410206,9699986667,5,3,"electronics_store, store, point_of_interest, establishment",19.001903600000002,73.1198391,localisy025521,ChIJeXDICITp5zsRAkqWA-wtjlE,photos\localisy14558_1.jpg,,,,,Shopping & Retail,Electronics,New Panvel
THE ROYAL FURNITURE,"Shop no 01, house no 603A, near sai samrat hotel, Sukapur, New Panvel East, Panvel, Navi Mumbai, Palidevad, Maharashtra 410206, India",,Panvel,Panvel,Maharashtra,410206,,5,3,"wholesaler, point_of_interest, establishment",18.9999571,73.1298501,localisy025522,ChIJV8V8uHvp5zsRrEQVdnVh1zQ,photos\localisy14565_1.jpg,,,,,Shopping & Retail,Furniture,New Panvel
Royal furniture mall,"Shop no 1,2, At post, near Orange medical, Sukapur, New Panvel East, Panvel, Shilottar Raichur, Maharashtra 410206, India",,Panvel,Panvel,Maharashtra,410206,8879738811,5,20,"wholesaler, point_of_interest, establishment",19.0007251,73.1342229,localisy025523,ChIJC2mFJmbp5zsREOOB5ifOQsA,photos\localisy14566_1.jpg,,,,,Shopping & Retail,Furniture,New Panvel
New Jaya Modular Kitchen & Furniture,"shop no, 01 opp vispute college,podi, Sector 16, New Panvel East, Panvel, Navi Mumbai, Panvel, Maharashtra 410206, India",,Panvel,Panvel,Maharashtra,410206,9821344032,4.9,22,"furniture_store, home_improvement_store, home_goods_store, point_of_interest, store, establishment",18.9895163,73.1262169,localisy025524,ChIJPe13EETo5zsRjKIrQaZErS4,photos\localisy14573_1.jpg,,,,,Shopping & Retail,Furniture,New Panvel
Sleepwell Gallery - Ajmera Decorative,"Shop Number 3, 4,5,6, Panvel Matheran Rd, nearby Vasanth Vihar, Sukapur, Panvel, Shilottar Raichur, Navi Mumbai, Maharashtra 410206, India",,Panvel,Panvel,Maharashtra,410206,8071643824,4.6,101,"furniture_store, home_improvement_store, home_goods_store, point_of_interest, store, establishment",19.0011643,73.13599789999999,localisy025525,ChIJuQzKFvbo5zsR33-JOJ-Igwc,photos\localisy14574_1.jpg,,,,,Shopping & Retail,Furniture,New Panvel
Mahaveer Furniture,"Shop No. 31, 44,45, Plot No. 43, Sector 5A, Sector 6, New Panvel East, Panvel, Maharashtra 410206, India",,Panvel,Panvel,Maharashtra,410206,9821531988,3.3,4,"furniture_store, home_improvement_store, home_goods_store, point_of_interest, store, establishment",19.0060876,73.1169633,localisy025526,ChIJt-k5zEjo5zsRsu8AV3uhxhk,,,,,,Shopping & Retail,Furniture,New Panvel
Akshar Wood Plaza,"Shop Number 1,2,3,4,5, Matheran Road Near Balaji Simpany, Opposite Vasant Vihar, Sukapur, New Panvel East, Panvel, Shilottar Raichur, Maharashtra 410206, India",,Panvel,Panvel,Maharashtra,410206,9321545959,3.5,64,"furniture_store, home_improvement_store, home_goods_store, point_of_interest, store, establishment",19.0007528,73.1356278,localisy025527,ChIJL3WfGvbo5zsRgByBAjiZ58k,photos\localisy14577_1.jpg,,,,,Shopping & Retail,Furniture,New Panvel
Sara Furniture & Sofa Maker,"Shop no 6 Plot no 13 Sect 11 Panvle Matheran, Road New Panvle, Sector-10, New Panvel East, Panvel, Maharashtra 410206, India",,Panvel,Panvel,Maharashtra,410206,,3.2,5,"furniture_store, home_improvement_store, home_goods_store, store, point_of_interest, establishment",18.9990875,73.1252343,localisy025528,ChIJrWAOnVzo5zsRfQg953LkRuU,photos\localisy14583_1.jpg,,,,,Shopping & Retail,Furniture,New Panvel
Varsi Furniture House,"X4XH+XHQ, Yamuna Kunj, Sukapur, New Panvel East, Panvel, Palidevad, Maharashtra 410206, India",,Panvel,Panvel,Maharashtra,410206,9930338954,3.8,4,"furniture_store, home_improvement_store, home_goods_store, store, point_of_interest, establishment",18.9999715,73.12899449999999,localisy025529,ChIJsyyI2ZHp5zsRPMGwg20Gycc,photos\localisy14585_1.jpg,,,,,Shopping & Retail,Furniture,New Panvel
Shree Ansh New Furniture,"242J+3QH, Panvel Matheran Rd, Mangaldeep Society, Sukapur, New Panvel East, Panvel, Palidevad, Maharashtra 410206, India",,Panvel,Panvel,Maharashtra,410206,9930931520,4.5,2,"furniture_store, home_improvement_store, home_goods_store, store, point_of_interest, establishment",19.000189199999998,73.1319895,localisy025530,ChIJZ3v8KVno5zsRO5GY5wClIkg,photos\localisy14589_1.jpg,,,,,Shopping & Retail,Furniture,New Panvel
Furniture Online Design,"Vasant Vihar, Mumbai Pune Highway, X4P8+P63, Service Rd, near Kohinoor Technical Institute - Panvel, MCCH Society, Panvel, Maharashtra 410206, India",,Panvel,Panvel,Maharashtra,410206,9820571844,3.1,7,"furniture_store, home_improvement_store, home_goods_store, supplier, wholesaler, store, manufacturer, point_of_interest, service, establishment",18.9867593,73.1155398,localisy025531,ChIJySx2imvo5zsROFyd4GxugZM,photos\localisy14590_1.jpg,,,,,Shopping & Retail,Furniture,New Panvel
Shreejee Furniture,"Shop Number 6, Plot Number 26, Station Rd, Sector 16, New Panvel East, Panvel, Maharashtra 410206, India",,Panvel,Panvel,Maharashtra,410206,,2.8,5,"furniture_store, home_improvement_store, home_goods_store, store, point_of_interest, establishment",18.988388999999998,73.127906,localisy025532,ChIJhUj-oWbo5zsRe9LJUfqov3I,photos\localisy14595_1.jpg,,,,,Shopping & Retail,Furniture,New Panvel
Wood work furniture,"Shop No.9, Plot No.6, New, Khanda Colony, Sector 9, Khanda Colony, Panvel, Maharashtra 410206, India",,Panvel,Panvel,Maharashtra,410206,,5,1,"furniture_store, home_improvement_store, home_goods_store, store, point_of_interest, establishment",19.0061598,73.1140104,localisy025533,ChIJj_s2KQDp5zsRYq-xs7SLEso,photos\localisy14596_1.jpg,,,,,Shopping & Retail,Furniture,New Panvel
An furniture and interior,"Sukha pur new panvel matheran road, tal, near Raj club, Yamuna Kunj, Sector-10, New Panvel East, Panvel, Palidevad, Maharashtra 410206, India",,Panvel,Panvel,Maharashtra,410206,8169310718,5,2,"furniture_store, home_improvement_store, home_goods_store, store, point_of_interest, establishment",18.9999885,73.1290815,localisy025534,ChIJYZzwkuDp5zsRPMT91yDjQjo,photos\localisy14597_1.jpg,,,,,Shopping & Retail,Furniture,New Panvel
Popular Furnishing & Sofa Center,"Shop no 2, Sector 4, New Panvel East, Panvel, Mumbai, Navi Mumbai, Maharashtra 410206, India",,Panvel,Panvel,Maharashtra,410206,7985217200,,,"manufacturer, point_of_interest, service, establishment",19.0020529,73.1173137,localisy025535,ChIJG-sOdkbo5zsR0Gu7yTewjKc,photos\localisy14603_1.jpg,,,,,Shopping & Retail,Furniture,New Panvel
Imaginext Display,"Shop no-41, near Miraj Cinema, opposite to Nair Hospital, Sector 11, New Panvel East, Panvel, Maharashtra 410206, India",,Panvel,Panvel,Maharashtra,410206,9923935671,4.7,62,"manufacturer, point_of_interest, establishment",18.999234599999998,73.12290329999999,localisy025536,ChIJR9lpNzTp5zsRkQ1TiWHH7GY,photos\localisy14604_1.jpg,,,,,Shopping & Retail,Furniture,New Panvel
Aryan Enterprises,"Shop No 4, Plot No 115, Hari Har Chs, near Shiva Market, Sector-9, New Panvel East, Panvel, Raigad, Panvel, Maharashtra 410206, India",,Panvel,Panvel,Maharashtra,410206,9819409709,5,2,"furniture_store, home_improvement_store, home_goods_store, store, point_of_interest, establishment",19.0034234,73.1247841,localisy025537,ChIJZatxGKvp5zsRMM2U_IUC6u4,photos\localisy14605_1.jpg,,,,,Shopping & Retail,Furniture,New Panvel
"R.K Furniture ,Wallpapers and Interior Designers","shop no. 5, Hari madhur milan soc, Vijay Rd, near Dmart, Sector 5, New Panvel East, Panvel, Maharashtra 410206, India",,Panvel,Panvel,Maharashtra,410206,9619331331,4.8,9,"building_materials_store, home_improvement_store, home_goods_store, general_contractor, manufacturer, store, point_of_interest, service, establishment",19.005476200000004,73.117843,localisy025538,ChIJL3FjQePp5zsR0V4uut_rXbM,photos\localisy14606_1.jpg,,,,,Shopping & Retail,Furniture,New Panvel
NEW MAHALAXMI MODULAR KITCHEN AND INTERIOR,"New mahalaxmi modular kitchen and interior Shop no.06 neel gagan, New Panvel CHS, sector no.1/S, New Panvel East, Panvel, Maharashtra 410206, India",,Panvel,Panvel,Maharashtra,410206,9967890227,5,6,"furniture_store, home_improvement_store, home_goods_store, store, point_of_interest, establishment",19.0000531,73.1176692,localisy025539,ChIJvdABk_3p5zsRt5tSTXWDZAY,photos\localisy14607_1.jpg,,,,,Shopping & Retail,Furniture,New Panvel
Keshar Bhavani Wood And Steel Furniture,"05, Yamuna Kunj, Sukapur, New Panvel East, Panvel, Palidevad, Maharashtra 410206, India",,Panvel,Panvel,Maharashtra,410206,9833364545,5,3,"furniture_store, home_improvement_store, home_goods_store, store, point_of_interest, establishment",18.999695,73.12794199999999,localisy025540,ChIJibUADvrp5zsR_FsB3rYMYkY,,,,,,Shopping & Retail,Furniture,New Panvel
Navdurga Modular Kitchen & Interior,"Shop no. 4, Dev Darshan chs, Plot no. 21, opposite indian bank, Sector 11, New Panvel East, Panvel, Maharashtra 410206, India",,Panvel,Panvel,Maharashtra,410206,9821209707,5,1,"manufacturer, point_of_interest, service, establishment",18.998985899999997,73.1246644,localisy025541,ChIJxwY9A_Lp5zsRVf5Nc1OTg4g,photos\localisy14609_1.jpg,,,,,Shopping & Retail,Furniture,New Panvel
Mohib Furniture,"Shop No 04, Neel Plaza, Plot No 41, near SBI Bank, Sector 3, New Panvel East, Panvel, Maharashtra 410206, India",,Panvel,Panvel,Maharashtra,410206,,5,1,"furniture_store, home_improvement_store, home_goods_store, store, point_of_interest, establishment",19.001537499999998,73.1209772,localisy025542,ChIJ0cGxVFzo5zsR8MkGuPmZBTw,photos\localisy14610_1.jpg,,,,,Shopping & Retail,Furniture,New Panvel
Samrat Plywood,"City Avenue Shop No 9 Secter 1s Plot No 101, Plot No.-101, New Panvel East, Panvel, Maharashtra 410206, India",,Panvel,Panvel,Maharashtra,410206,8451003861,5,10,"furniture_store, home_improvement_store, home_goods_store, store, point_of_interest, establishment",18.9997385,73.1175512,localisy025543,ChIJA4RGM3fp5zsR7H8i190GbiU,photos\localisy14611_1.jpg,,,,,Shopping & Retail,Furniture,New Panvel
Janta Furnishing And Sofa Maker,"shop no.2, new, Panvel Matheran Rd, near by sai samrat hotelbhagat, opposite by sai samrat hotel, Yamuna Kunj, Sector-10, New Panvel East, Panvel, Wadi, Palidevad, Maharashtra 410206, India",,Panvel,Panvel,Maharashtra,410206,9768315642,5,1,"furniture_store, home_improvement_store, home_goods_store, store, point_of_interest, establishment",19.000091899999997,73.12938799999999,localisy025544,ChIJ6W2-WbTp5zsRYa9tSzAF_b8,photos\localisy14615_1.jpg,,,,,Shopping & Retail,Furniture,New Panvel
KKJewellers,"Sector No 1 Plot No 1 Shop No 2,3,4 ,Opp Bharatgas Newpanvel, X4XC+965, Sector-1, New Panvel East, Panvel, Maharashtra 410206, India",,Panvel,Panvel,Maharashtra,410206,,4.6,218,"jewelry_store, store, point_of_interest, establishment",18.9989323,73.1185622,localisy025545,ChIJ4z05C0To5zsRRAljtOa7rdY,photos\localisy14625_1.jpg,,,,,Shopping & Retail,Jewellery,New Panvel
RIDDHI SIDDHI JEWELLERS,"Shop No.8, RIDDHI SIDDHI RESIDENCY, Sector 3, New Panvel East, Panvel, Navi Mumbai, Panvel, Maharashtra 410206, India",,Panvel,Panvel,Maharashtra,410206,9833989862,5,22,"jewelry_store, store, point_of_interest, establishment",19.0026759,73.1208375,localisy025546,ChIJNcTikh7p5zsRcFRzRnKvghw,photos\localisy14643_1.jpg,,,,,Shopping & Retail,Jewellery,New Panvel
Ambika jewellers,"shop no 13, Ambika jewellers, maruti corner, New, Slums, Sector 17, New Panvel East, Panvel, Maharashtra 410206, India",,Panvel,Panvel,Maharashtra,410206,9323262982,3.6,9,"jewelry_store, store, point_of_interest, establishment",18.992675400000003,73.12153459999999,localisy025547,ChIJE6qhD2jo5zsRe4YjYYU3SEk,photos\localisy14644_1.jpg,,,,,Shopping & Retail,Jewellery,New Panvel
Supriya Jewellers,"Shop No.18, Haware Vrindavan CHS, Plot no 52, Sector 9, Khanda Colony, Panvel, Navi Mumbai, Panvel, Maharashtra 410206, India",,Panvel,Panvel,Maharashtra,410206,9167427764,4.3,21,"jewelry_store, store, point_of_interest, establishment",19.0077985,73.11255009999999,localisy025548,ChIJT2bZ3Eno5zsRiioOgEybOz4,photos\localisy14647_1.jpg,,,,,Shopping & Retail,Jewellery,New Panvel
Ambika jewellers,"Shop no 4, Omkar Arcade, Sector 15A, New Panvel East, Panvel, Maharashtra 410206, India",,Panvel,Panvel,Maharashtra,410206,9867519285,4.9,16,"jewelry_store, manufacturer, store, point_of_interest, service, establishment",18.9919525,73.1231911,localisy025549,ChIJ554saRHp5zsRu1wX_QQMRZE,photos\localisy14648_1.jpg,,,,,Shopping & Retail,Jewellery,New Panvel
Rajlaxmi Jeweller,"Shop no 1 & 2, Ashirwad Building, Rd Number 18, Sector-1, New Panvel East, Panvel, Maharashtra 410206, India",,Panvel,Panvel,Maharashtra,410206,9022908785,4.2,10,"jewelry_store, store, point_of_interest, establishment",18.998754599999998,73.12198719999999,localisy025550,ChIJrV1IX0Po5zsR9247qUG554s,photos\localisy14653_1.jpg,,,,,Shopping & Retail,Jewellery,New Panvel
Bajrang Jewellers,"Shop no 9.Nimbeshwar Kunj, opp. Ganesh temple, near Jari Mari mandir, Sukapur, New Panvel East, Panvel, Palidevad, Maharashtra 410206, India",,Panvel,Panvel,Maharashtra,410206,8104068505,4.6,20,"jewelry_store, store, point_of_interest, establishment",18.9967731,73.1299506,localisy025551,ChIJV4lF1Fnp5zsRK1Zkpr7wLCg,photos\localisy14654_1.jpg,,,,,Shopping & Retail,Jewellery,New Panvel
Shree Bayan Jewellers new panvel,"शॉप नं.-05, हरि माँ अपार्टमेन्ट, प्लॉट नं.-32, Sector 3, New Panvel East, Panvel, Maharashtra 410206, India",,Panvel,Panvel,Maharashtra,410206,,,,"jewelry_store, store, point_of_interest, establishment",19.0025156,73.1200781,localisy025552,ChIJWeu3K__p5zsRGA_9tzgXNVk,photos\localisy14657_1.jpg,,,,,Shopping & Retail,Jewellery,New Panvel
Priya Jewellers,"Sector 3, New Panvel East, Panvel, Maharashtra 410206, India",,Panvel,Panvel,Maharashtra,410206,8451806030,4.3,10,"jewelry_store, store, point_of_interest, establishment",19.0020393,73.1211206,localisy025553,ChIJzfCeHEXo5zsRy0IBCuqWOec,photos\localisy14658_1.jpg,,,,,Shopping & Retail,Jewellery,New Panvel
Manish Jewellers,"Shiva Complex, Rd Number 17, Sector 19, New Panvel East, Panvel, Maharashtra 410206, India",,Panvel,Panvel,Maharashtra,410206,9892212626,4.9,11,"jewelry_store, finance, manufacturer, store, point_of_interest, service, establishment",18.9977125,73.1226128,localisy025554,ChIJqbCpSEPo5zsR1l2OFIhP9RM,photos\localisy14660_1.jpg,,,,,Shopping & Retail,Jewellery,New Panvel
BHAWANI JEWELLERS lakhani heretej ptot no 22 Shop no 6 sector 5 niyar gokul deriy,"BHWANI JEWELLERS, Lakhani heretej, plot no 22, Sector 5, New Panvel East, Panvel, Maharashtra 410206, India",,Panvel,Panvel,Maharashtra,410206,8369777561,4.5,8,"jewelry_store, store, point_of_interest, establishment",19.004469699999998,73.11977150000001,localisy025555,ChIJIVNXamHp5zsRYKO5Lq9lN7c,photos\localisy14662_1.jpg,,,,,Shopping & Retail,Jewellery,New Panvel
Pushkar Jewellers,"Shop-12, Plot no-53, RIDDHI SIDDHI RESIDENCY, 53A, Sector 3, New Panvel East, Panvel, Maharashtra 410206, India",,Panvel,Panvel,Maharashtra,410206,,4.8,8,"jewelry_store, store, point_of_interest, establishment",19.0026398,73.1210378,localisy025556,ChIJq5ts3djp5zsRaG3eyMkx9D4,photos\localisy14665_1.jpg,,,,,Shopping & Retail,Jewellery,New Panvel
Mohit Jewellers,"Shiva Complex, SC Rd, Sector 19, New Panvel East, Panvel, Maharashtra 410206, India",,Panvel,Panvel,Maharashtra,410206,8879747413,4.1,12,"jewelry_store, store, point_of_interest, establishment",18.9976983,73.1227514,localisy025557,ChIJPWxmSUPo5zsRJvRZrSR8ZqY,photos\localisy14667_1.jpg,,,,,Shopping & Retail,Jewellery,New Panvel
SuruArts Creation,"Shop no 03, plot no 5, SC Rd, opposite Madhavbaug Hospital, Sector 11, New Panvel East, Panvel, Maharashtra 410206, India",,Panvel,Panvel,Maharashtra,410206,8108140424,4.9,13,"jewelry_store, store, point_of_interest, establishment",18.999234599999998,73.12290329999999,localisy025558,ChIJw3vAsqTp5zsR7ZowsezFUQs,photos\localisy14668_1.jpg,,,,,Shopping & Retail,Jewellery,New Panvel
Glamjewel,"A/103, no.1, Samata chs, plot-47/50, New Panvel(W, Sector - 13, Khanda Colony, Panvel, Maharashtra 410206, India",,Panvel,Panvel,Maharashtra,410206,9359617887,5,5,"jewelry_store, store, point_of_interest, establishment",19.0050491,73.1118472,localisy025559,ChIJ5QttpnLp5zsRlWEFIS8IfV4,photos\localisy14669_1.jpg,,,,,Shopping & Retail,Jewellery,New Panvel
Om Sai Jewellers,"Shop No.15, Sai Arcade, opp. Railway Station, Sector 15A, New Panvel East, Panvel, Maharashtra 410206, India",,Panvel,Panvel,Maharashtra,410206,,5,10,"jewelry_store, store, point_of_interest, establishment",18.9910523,73.1243035,localisy025560,ChIJ0Qnezmfo5zsRWeIGEr_xOpw,photos\localisy14670_1.jpg,,,,,Shopping & Retail,Jewellery,New Panvel
Bhagyashree Jewellers,"Sector-1, New Panvel East, Panvel, Maharashtra 410206, India",,Panvel,Panvel,Maharashtra,410206,9022751221,5,2,"jewelry_store, store, point_of_interest, establishment",18.9983918,73.1225773,localisy025561,ChIJiYrE5ITp5zsRMBxXITl3yJY,photos\localisy14673_1.jpg,,,,,Shopping & Retail,Jewellery,New Panvel
Bhagyalaxmi Jewellers,"Shop no 15, Namrata Krupa society, near jari mari aai mandir, Sukapur, New Panvel East, Panvel, Palidevad, Maharashtra 410206, India",,Panvel,Panvel,Maharashtra,410206,8828208203,5,3,"jewelry_store, store, point_of_interest, establishment",18.996646,73.12868999999999,localisy025562,ChIJZXU3atHp5zsR10zCtcYujmE,photos\localisy14676_1.jpg,,,,,Shopping & Retail,Jewellery,New Panvel
Viraj Jewellers,"Guru reg Bahadur nagar, Sukapur, New Panvel East, Panvel, Palidevad, Maharashtra 410206, India",,Panvel,Panvel,Maharashtra,410206,9975732916,5,2,"jewelry_store, store, point_of_interest, establishment",18.9968629,73.1297903,localisy025563,ChIJkXqciF7o5zsRAn0LwJnWFqY,photos\localisy14677_1.jpg,,,,,Shopping & Retail,Jewellery,New Panvel
New Dulhan cosmetic and jewellery,"X4WF+V36, Rd Number 16, Sector 19, New Panvel East, Panvel, Maharashtra 410206, India",,Panvel,Panvel,Maharashtra,410206,9769301135,4.4,7,"cosmetics_store, gift_shop, jewelry_store, store, point_of_interest, establishment",18.9971604,73.12265289999999,localisy025564,ChIJ63HMMEPo5zsRxJKqXh6pmFk,photos\localisy14678_1.jpg,,,,,Shopping & Retail,Jewellery,New Panvel
Novelty Mobile & Electronics,"Shop No 67, Last Corner Shop, Shiva Complex, Post Office Road, Sector 19, New Panvel East, Panvel, Maharashtra 410206, India",,Panvel,Panvel,Maharashtra,410206,7400402404,5,10,"cell_phone_store, store, point_of_interest, establishment",18.99745,73.12257029999999,localisy025565,ChIJd7156B_p5zsRVjraviZZ0DE,photos\localisy14684_1.jpg,,,,,Shopping & Retail,Mobile Shops,New Panvel
New Mahadev Mobile and Watch,"33, 52, Malhar CHS, Vaishakh Marg, Sector 3, New Panvel East, Panvel, Maharashtra 410206, India",,Panvel,Panvel,Maharashtra,410206,9004483518,5,2,"cell_phone_store, store, point_of_interest, establishment",19.0025724,73.1206344,localisy025566,ChIJlyVXNADp5zsRKlUpA1prQ34,photos\localisy14686_1.jpg,,,,,Shopping & Retail,Mobile Shops,New Panvel
SHUBHAM MOBILES SALES AND SERVICES,"SHOP NO 5, Neel Plaza, near SBI BANK, Sector 3, New Panvel East, Panvel, Maharashtra 410206, India",,Panvel,Panvel,Maharashtra,410206,9082360092,5,15,"point_of_interest, service, establishment",19.001340600000002,73.1209988,localisy025567,ChIJ_0Wt9dfp5zsRKcxMjBC8awg,photos\localisy14689_1.jpg,,,,,Shopping & Retail,Mobile Shops,New Panvel
BHAWANI MOBILE,"Shop no 10, Shree Darshan society, Sector-9, New Panvel East, Panvel, Maharashtra 410206, India",,Panvel,Panvel,Maharashtra,410206,9967244748,4.8,70,"point_of_interest, establishment",19.0088386,73.1120671,localisy025568,ChIJQaPFQADp5zsRB7j_sUt1zEs,photos\localisy14690_1.jpg,,,,,Shopping & Retail,Mobile Shops,New Panvel
Dk Mobile,"Forest Colony, Panvel, Navi Mumbai, Panvel, Maharashtra 410206, India",,Panvel,Panvel,Maharashtra,410206,8850812304,4.2,505,"point_of_interest, establishment",18.9890668,73.119434,localisy025569,ChIJq6qeEGno5zsRhOr2TbcODX0,photos\localisy14694_1.jpg,,,,,Shopping & Retail,Mobile Shops,New Panvel
Navkar NX Mobile Shop,"Shop Number 25, City Park, Plot Number 6A, Sector - 13, Khanda Colony, Panvel, Maharashtra 410206, India",,Panvel,Panvel,Maharashtra,410206,9082516877,3.9,24,"cell_phone_store, store, point_of_interest, establishment",19.0057662,73.1116354,localisy025570,ChIJXYK6w1bp5zsR74WjEzIHxic,photos\localisy14697_1.jpg,,,,,Shopping & Retail,Mobile Shops,New Panvel
Pooja Mobile Store,"Unit No 10, Ground Floor, Plot No 17, Sector-9, Sector 19D, Panvel, Maharashtra 410206, India",,Panvel,Panvel,Maharashtra,410206,9699986667,4.3,9,"cell_phone_store, store, point_of_interest, establishment",19.0020393,73.1211206,localisy025571,ChIJFeaeyXvp5zsRHnokF6GQT7o,photos\localisy14699_1.jpg,,,,,Shopping & Retail,Mobile Shops,New Panvel
Neelkanth mobile shop,"Omkar Arcade , shop no 13, sector 15 A New panvel relve stetion, Forest Colony, Panvel, Maharashtra 410206, India",,Panvel,Panvel,Maharashtra,410206,9636694266,5,1,"catering_service, food_delivery, food, point_of_interest, service, establishment",18.9910197,73.12076119999999,localisy025572,ChIJfSSBoufp5zsRXzivBoTmiD4,photos\localisy14701_1.jpg,,,,,Shopping & Retail,Mobile Shops,New Panvel
Mobile Fix,"Shop No. 05, Dhanlaxmi apartment, Sector-9, New Panvel East, Panvel, Maharashtra 410206, India",,Panvel,Panvel,Maharashtra,410206,7631238861,5,1,"point_of_interest, service, establishment",19.002855999999998,73.121393,localisy025573,ChIJwyoNWL_p5zsRuUTSpvIQK70,photos\localisy14703_1.jpg,,,,,Shopping & Retail,Mobile Shops,New Panvel
Dhanlaxmi Mobile Gallery,"X4XC+3W8, Sector 19, New Panvel East, Raigad, Mumbai, Panvel, Maharashtra 410206, India",,Panvel,Panvel,Maharashtra,410206,8108020698,3.4,5,"point_of_interest, establishment",18.997671999999998,73.1223266,localisy025574,ChIJ____E0Po5zsREpEem2vphaA,,,,,,Shopping & Retail,Mobile Shops,New Panvel
Gaurav Communication,"Shop No 7 C, Subham Complex, Sector 11, New Panvel East, Panvel, Maharashtra 410206, India",,Panvel,Panvel,Maharashtra,410206,9920173176,5,1,"point_of_interest, establishment",18.9984503,73.12283529999999,localisy025575,ChIJq6qqVlvo5zsR6bx3D0gFxcw,photos\localisy14715_1.jpg,,,,,Shopping & Retail,Mobile Shops,New Panvel
Shree Ashapura Mobile Shop,"01, Mirex Complex Sukhapur, Sukapur, New Panvel East, Akurli, Maharashtra 410206, India",,Panvel,Panvel,Maharashtra,410206,9004249366,5,3,"electronics_store, store, point_of_interest, establishment",19.0027963,73.1334956,localisy025576,ChIJ3zNnri7p5zsRO0twS7gP7Vc,,,,,,Shopping & Retail,Mobile Shops,New Panvel
SHALOM Kerala General Store,"Shop no.04, 125, Sector: 10, Sharda Palace CHS, Plot no. 124, Sector-9, New Panvel East, Panvel, Maharashtra 410206, India",,Panvel,Panvel,Maharashtra,410206,9819017248,5,3,"general_store, food_store, store, food, point_of_interest, establishment",19.002181999999998,73.123808,localisy025577,ChIJsxbpucDp5zsRxenbZ6ciEHs,photos\localisy14717_1.jpg,,,,,Shopping & Retail,Mobile Shops,New Panvel
Cell Care Mobile,"Shop No.68, Sector 19, New Panvel East, Panvel, Maharashtra 410206, India",,Panvel,Panvel,Maharashtra,410206,8080807738,4.3,3,"point_of_interest, service, establishment",18.9974217,73.12286259999999,localisy025578,ChIJc_DDq0To5zsRyqA8t84mW8A,photos\localisy14719_1.jpg,,,,,Shopping & Retail,Mobile Shops,New Panvel
AKSHAR TELECOM,"Shop no 10, Shree Darshan society, Sector-9, New Panvel East, Panvel, Maharashtra 410206, India",,Panvel,Panvel,Maharashtra,410206,9967244748,4.9,65,"cell_phone_store, store, point_of_interest, establishment",19.0088386,73.1120671,localisy025579,ChIJ_TwjcwDp5zsRK5icZf4wZgM,photos\localisy14720_1.jpg,,,,,Shopping & Retail,Mobile Shops,New Panvel
BRIGHT MOBILE GALLERY,"Shop No.22, Shiva Complex, near Police Chawki, Sector 19, New Panvel East, Panvel, Raigad, Panvel, Maharashtra 410206, India",,Panvel,Panvel,Maharashtra,410206,9082624054,4.2,22,"electronics_store, cell_phone_store, store, point_of_interest, establishment",18.9977651,73.1226568,localisy025580,ChIJKT50SUPo5zsRkR8qW0FpTFM,photos\localisy14721_1.jpg,,,,,Shopping & Retail,Mobile Shops,New Panvel
"Mi Home - Orion Mall, Mumbai","Unit No: G-07, Ground Floor, Orion Mall, Final Plot No 311, near ST Bus Depot, Forest Colony, Panvel, Maharashtra 410206, India",,Panvel,Panvel,Maharashtra,410206,9372416328,4.5,1551,"cell_phone_store, store, point_of_interest, establishment",18.993312,73.1156865,localisy025581,ChIJe6XAwkHo5zsRZNgyHLHD-tY,photos\localisy14723_1.jpg,,,,,Shopping & Retail,Mobile Shops,New Panvel
My Jio Store,"SNo 1, Padma Priya, Digital Xpress Mini, Plot No 27, SK Marg, near Matheran Road, Sector 11, New Panvel East, Panvel, Maharashtra 410206, India",,Panvel,Panvel,Maharashtra,410206,9082713434,3.6,572,"cell_phone_store, electronics_store, home_goods_store, store, point_of_interest, establishment",18.991153,73.1210104,localisy025582,ChIJyyxWr1zo5zsRyCRe_VGjhLc,photos\localisy14724_1.jpg,,,,,Shopping & Retail,Mobile Shops,New Panvel
Shree ganesh mobile sale and service,"Sector 05, shop no 03, tulsi hight bldg, plot no 01, Sector 5, New Panvel East, Panvel, Maharashtra 410206, India",,Panvel,Panvel,Maharashtra,410206,9930640875,,,"electronics_store, store, point_of_interest, establishment",19.005472299999997,73.11967109999999,localisy025583,ChIJ5zt7QgDp5zsRn4th0maIleI,photos\localisy14728_1.jpg,,,,,Shopping & Retail,Mobile Shops,New Panvel
Cell Care Sales And Service,"Shop No 9, Sector 8, Neel Galaxy, Gurudwara, near Panacea Hospital, Sector 8, New Panvel East, Panvel, Thane, Panvel, Maharashtra 410206, India",,Panvel,Panvel,Maharashtra,410206,8652303239,4.5,2,"electronics_store, store, point_of_interest, establishment",19.006005,73.1206086,localisy025584,ChIJdwUook_o5zsRe8xvmtVLUj0,photos\localisy14729_1.jpg,,,,,Shopping & Retail,Mobile Shops,New Panvel
Balaji Super Market,"Sudhiksha Apartment, Sector 4, New Panvel East, Panvel, Maharashtra 410206, India",,Panvel,Panvel,Maharashtra,410206,,4.6,5,"shopping_mall, point_of_interest, establishment",19.0041384,73.1201122,localisy025585,ChIJH3LmgUXo5zsRApslsOZQ7Nk,,,,,,Shopping & Retail,Mobile Shops,New Panvel
Vishwa Networking Solution,"Sector 8, New Panvel East, Panvel, Maharashtra 410206, India",,Panvel,Panvel,Maharashtra,410206,9833194605,4.5,4,"cell_phone_store, store, point_of_interest, service, establishment",19.003303199999998,73.1205683,localisy025586,ChIJ26d1dEXo5zsRqKcRQur1q28,photos\localisy14737_1.jpg,,,,,Shopping & Retail,Mobile Shops,New Panvel
Vi - Vodafone Idea Store,"Plot No 2, Dev, Shantineketan Apartment, NMM Road, Sector 12, New Panvel East, Panvel, Navi Mumbai, Panvel, Maharashtra 410206, India",,Panvel,Panvel,Maharashtra,410206,8879177452,4,1499,"telecommunications_service_provider, point_of_interest, service, establishment",18.9986203,73.12408959999999,localisy025587,ChIJV_fWpFzo5zsRNDFzxoDz828,photos\localisy14738_1.jpg,,,,,Shopping & Retail,Mobile Shops,New Panvel
Priyal Selection,"Shop No. 6, near Cineraj Cinema, Sector 11, New Panvel East, Panvel, Maharashtra 410206, India",,Panvel,Panvel,Maharashtra,410206,9323766479,5,12,"gift_shop, store, point_of_interest, establishment",18.9993271,73.1230138,localisy025588,ChIJ_YahrETo5zsRKlLcu7RfTH0,photos\localisy14750_1.jpg,,,,,Shopping & Retail,Gift Shops,New Panvel
GiftingHand - Best gifting solution,"X4VF+9HP, PL-5, New Panvel East, Panvel, Maharashtra 410206, India",,Panvel,Panvel,Maharashtra,410206,,5,2,"gift_shop, store, point_of_interest, establishment",18.9934574,73.12395959999999,localisy025589,ChIJC6AvWwDp5zsRDLMEWA9ArQ0,photos\localisy14753_1.jpg,,,,,Shopping & Retail,Gift Shops,New Panvel
New Smile Gift Stationery,"Shop No.28, Shubham Complex, Plot No.1&3, Sector 11, New Panvel East, Panvel, Maharashtra 410206, India",,Panvel,Panvel,Maharashtra,410206,,3.8,8,"gift_shop, store, point_of_interest, establishment",18.9987355,73.1230202,localisy025590,ChIJdQAAAEXo5zsR6KW7vNSEfEg,photos\localisy14754_1.jpg,,,,,Shopping & Retail,Gift Shops,New Panvel
Maharashtra Stationery & Gifts,"242M+5CG, Matheran Rd, Sukapur, Panvel, Shilottar Raichur, Maharashtra 410206, India",,Panvel,Panvel,Maharashtra,410206,,5,12,"gift_shop, store, point_of_interest, establishment",19.0004311,73.1335797,localisy025591,ChIJ33LzHgDp5zsRuP5rRv9d_e4,photos\localisy14760_1.jpg,,,,,Shopping & Retail,Gift Shops,New Panvel
"Nisar floral bouquet, Panvel","Kamal Niwas Plot no 152, Middle Class Society, Aadyakrantiveer, Balawant Plot, 152, Vasudev Balwant Phadke Rd, near Shivaji Statue, MCCH Society, Panvel, Maharashtra 410206, India",,Panvel,Panvel,Maharashtra,410206,,5,1,"gift_shop, store, point_of_interest, establishment",18.9876002,73.1132318,localisy025592,ChIJ_41SBADp5zsRT4Q4yPYlCU0,,,,,,Shopping & Retail,Gift Shops,New Panvel
Crafty Ankit,"Adai circle, Sector 12, New Panvel East, Panvel, Maharashtra 410206, India",,Panvel,Panvel,Maharashtra,410206,8928670213,5,14,"gift_shop, store, point_of_interest, establishment",18.9991912,73.126646,localisy025593,ChIJy23cz5jp5zsRDVhnOc06ecQ,photos\localisy14768_1.jpg,,,,,Shopping & Retail,Gift Shops,New Panvel
Just Giftin' Around,"Sector-9, New Panvel East, Panvel, Maharashtra 410206, India",,Panvel,Panvel,Maharashtra,410206,8454003827,,,"gift_shop, store, point_of_interest, establishment",19.0010314,73.1235772,localisy025594,ChIJky7wMVvo5zsRbFF18T22yZs,photos\localisy14771_1.jpg,,,,,Shopping & Retail,Gift Shops,New Panvel
GRUHAM,"Shreya Society, Shop no 3, Sector 7,KHANDA COLONY ,KHANDESHWAR, Sector 7, NEW, Panvel, Maharashtra 410206, India",,Panvel,Panvel,Maharashtra,410206,8850975553,5,52,"home_goods_store, store, point_of_interest, establishment",19.011336099999998,73.1130945,localisy025595,ChIJawJTV5ss8aQR8SwgKJgjq6c,photos\localisy14777_1.jpg,,,,,Shopping & Retail,Gift Shops,New Panvel
"Candyy Shandyy(Skylantern,Stationery,Beauty,Decoration,Xerox,print,scan,art & craft,birthday,gifts,halloween,sports)","242J+769, nr. HP petrol pump, Sukapur, Panvel, Navi Mumbai, Palidevad, Maharashtra 410206, India",,Panvel,Panvel,Maharashtra,410206,7021229166,5,5,"chocolate_shop, gift_shop, dessert_shop, candy_store, toy_store, confectionery, food_store, supplier, home_goods_store, store, food, point_of_interest, manufacturer, service, establishment",19.0006623,73.1306096,localisy025596,ChIJZXGuNFvo5zsRH247dF2ZlWo,photos\localisy14782_1.jpg,,,,,Shopping & Retail,Gift Shops,New Panvel
Happy Events,"Shop No 7, Plot No 17/7, A Type Chs A Type, Panchshil Nagar, New Panvel East, Panvel, Raigad, Panvel, Maharashtra 410206, India",,Panvel,Panvel,Maharashtra,410206,7738386606,4.2,6,"gift_shop, store, point_of_interest, establishment",18.9948282,73.1253017,localisy025597,ChIJAcxXwenp5zsRYAAqz8UjLRw,,,,,,Shopping & Retail,Gift Shops,New Panvel
"Shri Ganesh Novelty, Stationary & Gift Store","Sector-9, New Panvel East, Panvel, Maharashtra 410206, India",,Panvel,Panvel,Maharashtra,410206,,,,"store, point_of_interest, establishment",19.0039826,73.12159190000001,localisy025598,ChIJbSZPD4fp5zsRxw9UMJ5zW5U,photos\localisy14787_1.jpg,,,,,Shopping & Retail,Gift Shops,New Panvel
Dev Collection,"Shop 2, Neel Arcade, opp. Shiva Complex, Sector 19, New Panvel East, Panvel, Maharashtra 410206, India",,Panvel,Panvel,Maharashtra,410206,9619032383,4.2,9,"gift_shop, store, point_of_interest, establishment",18.9975588,73.1226927,localisy025599,ChIJTw0KzVzo5zsREj652ScZauI,,,,,,Shopping & Retail,Gift Shops,New Panvel
Hatnore Shoe Mart,"Khanda Colony, near Fish Market, Sector - 8, New Panvel East, Panvel, Maharashtra 410206, India",,Panvel,Panvel,Maharashtra,410206,9702669143,5,3,"shoe_store, store, point_of_interest, establishment",19.0075346,73.1118695,localisy025600,ChIJBQ14oYnp5zsR_QXSjZskgTU,photos\localisy14801_1.jpg,,,,,Shopping & Retail,Footwear,New Panvel
New panvel station road sector 17 panchsheel Nagar abhyudaya bank ke opposite,"242C+J3G, Sector 3, New Panvel East, Panvel, Maharashtra 410206, India",,Panvel,Panvel,Maharashtra,410206,,,,"shoe_store, store, point_of_interest, establishment",19.0015736,73.12020799999999,localisy025601,ChIJja7lUwDp5zsRweeK5KX-jYQ,,,,,,Shopping & Retail,Footwear,New Panvel
SANTOSH SAKHARAM PASARATE,"Shop No 1, near by Aayapa Mandir, Sukapur, New Panvel East, Panvel, Maharashtra 410206, India",,Panvel,Panvel,Maharashtra,410206,7021461767,4,5,"shoe_store, store, point_of_interest, establishment",18.995950399999998,73.1279807,localisy025602,ChIJ4YAMi5rp5zsRrvizM0jDkuw,,,,,,Shopping & Retail,Footwear,New Panvel
Fahima Footwear,"Panvel Matheran Rd, Panvel, Shilottar Raichur, Maharashtra 410206, India",,Panvel,Panvel,Maharashtra,410206,7021688220,5,3,"shoe_store, store, point_of_interest, establishment",19.000927300000004,73.13664820000001,localisy025603,ChIJbU_dGxnp5zsR-9XWO4TolFo,photos\localisy14842_1.jpg,,,,,Shopping & Retail,Footwear,New Panvel
NAZRANA FOOTWEAR,"Shop No 2, Kapad Bazar, opposite GOODLUCK STORE, JAY BHARAT NAKA, Manek Nagar, HOC Colony, Panvel, Maharashtra 410206, India",,Panvel,Panvel,Maharashtra,410206,9022448995,1,1,"shoe_store, store, point_of_interest, establishment",18.9917493,73.1093272,localisy025604,ChIJg5vgxUfp5zsRaWjDNHmykgE,,,,,,Shopping & Retail,Footwear,New Panvel
ADIL FOOTWEAR,"Shop No 74, near SHIVA COMPLEX, Ganesh market, Sector 12, New Panvel East, Panvel, Maharashtra 410206, India",,Panvel,Panvel,Maharashtra,410206,9372537885,,,"shoe_store, store, point_of_interest, establishment",18.997533,73.12308589999999,localisy025605,ChIJBS8pLofp5zsR9yW__JYbtWk,,,,,,Shopping & Retail,Footwear,New Panvel
VIRAJ FOOTWEAR,"Shop No 1, PANVEL MUNCIPLE COMPLEX, SHIVAJI ROAD, Vasudev Balwant Phadke Rd, near BALWANT, NATYAGRUH, Panvel, Maharashtra 410206, India",,Panvel,Panvel,Maharashtra,410206,9920692740,,,"shoe_store, store, point_of_interest, establishment",18.9884658,73.11043389999999,localisy025606,ChIJRW8v2rjp5zsRtXmAFGVSJZo,,,,,,Shopping & Retail,Footwear,New Panvel
SSK BOOK STORE,"X4VC+4WH Sector 9, Vijay Rd, Sector 17, New Panvel East, Panvel, Maharashtra 410206, India",,Panvel,Panvel,Maharashtra,410206,7977466980,4,1,"book_store, store, point_of_interest, establishment",18.992769,73.1223357,localisy025607,ChIJfTBWHADp5zsRZREDtpLwk7c,photos\localisy14865_1.jpg,,,,,Shopping & Retail,Bookstores,New Panvel
Siddhinath Book Store,"Sector 5, New Panvel East, Panvel, Maharashtra 410206, India",,Panvel,Panvel,Maharashtra,410206,9768447370,4.3,17,"store, point_of_interest, establishment",19.0055232,73.1195498,localisy025608,ChIJy-eTck_o5zsRmQ5nARaPlQk,photos\localisy14873_1.jpg,,,,,Shopping & Retail,Bookstores,New Panvel
Classik Stationery & General Store,"Shop no.1, Express Apt, Plot no D/19, Sector 6, New Panvel East, Panvel, Maharashtra 410206, India",,Panvel,Panvel,Maharashtra,410206,9167146359,4.3,3,"store, point_of_interest, establishment",19.011491,73.11746529999999,localisy025609,ChIJt_ilrKzp5zsREoqWy7v7jlw,photos\localisy14891_1.jpg,,,,,Shopping & Retail,Stationery Shops,New Panvel
MAA STATIONERY AND GENERAL STORES,"Shop No 14, PUSHP KALASH CHS, opposite Balaji Symphony, Sukapur, New Panvel East, Panvel, Shilottar Raichur, Maharashtra 410206, India",,Panvel,Panvel,Maharashtra,410206,7039379545,4.8,13,"store, point_of_interest, establishment",19.000580799999998,73.1347371,localisy025610,ChIJBeXwk9Pp5zsRxJLkumOeNOg,photos\localisy14896_1.jpg,,,,,Shopping & Retail,Stationery Shops,New Panvel
A 1 stationery,"Shiv Corner, Sector 15A, New Panvel East, Panvel, Maharashtra 410206, India",,Panvel,Panvel,Maharashtra,410206,8355843665,5,3,"store, point_of_interest, establishment",18.992715,73.1253811,localisy025611,ChIJIbJMCwDp5zsRSM7DMvQOFaw,photos\localisy14901_1.jpg,,,,,Shopping & Retail,Stationery Shops,New Panvel
Payal Stationery & Xerox,"Shop No. 10,Sai Simran Bldg,Sector - 1, Khanda Colony, Sector - 6, New Panvel East, Panvel, Navi Mumbai, Panvel, Maharashtra 410206, India",,Panvel,Panvel,Maharashtra,410206,9833857361,4,4,"store, point_of_interest, establishment",19.008878000000003,73.109641,localisy025612,ChIJX9JwdDbo5zsRqFU7zVVJlNU,photos\localisy14905_1.jpg,,,,,Shopping & Retail,Stationery Shops,New Panvel
Shree Enterprises,"410206, Sector 13, New Panvel East, Panvel, Maharashtra 410206, India",,Panvel,Panvel,Maharashtra,410206,9920146642,4.1,28,"store, point_of_interest, establishment",18.9962409,73.127883,localisy025613,ChIJSUrpy13o5zsRFULrTC7_WFo,photos\localisy14908_1.jpg,,,,,Shopping & Retail,Stationery Shops,New Panvel
Om Enterprises Stationery & Xerox,"Shop No. 2, Kiran Cooperative Housing Society, Plot No. 22, Khanda Colony, opposite Shree Krupa Hall, Sector 7, Greater Khanda, Panvel, Maharashtra 410206, India",,Panvel,Panvel,Maharashtra,410206,8425056981,4.7,3,"store, point_of_interest, establishment",19.010598899999998,73.112151,localisy025614,ChIJN64vkdTp5zsRg1d84SHPWQo,photos\localisy14919_1.jpg,,,,,Shopping & Retail,Stationery Shops,New Panvel
Pushpadeep Stationery,"X4WH+RWV, 8, Sukapur Rd, Sukapur, Guru Tegh Bahadur Nagar, Panvel, Palidevad, Maharashtra 410206, India",,Panvel,Panvel,Maharashtra,410206,8286989564,3.9,17,"store, point_of_interest, establishment",18.9969899,73.1299169,localisy025615,ChIJT-gtiF7o5zsRc0uvJeouUcY,photos\localisy14927_1.jpg,,,,,Shopping & Retail,Stationery Shops,New Panvel
Durachi Aatha Prints & xerox,"Shop no 2, classic kalptaru, plot no 17, near pillai college, Sector 16, New Panvel East, Panvel, Maharashtra 410206, India",,Panvel,Panvel,Maharashtra,410206,8169102976,5,6,"store, point_of_interest, establishment",18.9892055,73.1274877,localisy025616,ChIJCfaGkSfp5zsRZHg6Ny7jurs,photos\localisy14933_1.jpg,,,,,Shopping & Retail,Stationery Shops,New Panvel
Akshar cosmetics,"Sector-1, New Panvel East, Panvel, Maharashtra 410206, India",,Panvel,Panvel,Maharashtra,410206,,4.8,8,"cosmetics_store, store, point_of_interest, establishment",18.99934,73.1217726,localisy025617,ChIJRwPH87vp5zsRZ7P3xz-bo4I,photos\localisy14936_1.jpg,,,,,Shopping & Retail,Stationery Shops,New Panvel
Prince Xerox,"X4W9+GMQ, Sector 19, New Panvel East, Panvel, Maharashtra 410206, India",,Panvel,Panvel,Maharashtra,410206,9892739758,4.1,37,"service, point_of_interest, establishment",18.9963335,73.1192336,localisy025618,ChIJg2bvsEPo5zsRFXL-Dvs_ecM,photos\localisy14940_1.jpg,,,,,Shopping & Retail,Stationery Shops,New Panvel
SPOKET,"Shop No. 13, Tirupati Garden CHS, Sector Number 6 Rd, Sector 6, New Panvel East, Panvel, Maharashtra 410206, India",,Panvel,Panvel,Maharashtra,410206,8850781155,5,149,"sporting_goods_store, shoe_store, wholesaler, store, point_of_interest, establishment",19.0098156,73.11642359999999,localisy025619,ChIJp8FQ3DLp5zsRmVDZCyXH1EQ,photos\localisy15008_1.jpg,,,,,Shopping & Retail,Sports Goods Stores,New Panvel
Rohan Sports,"Office No. 04, 1st Floor, Omkar Arcade, near Panvel Station Road, Sector 15A, New Panvel East, Panvel, Maharashtra 410206, India",,Panvel,Panvel,Maharashtra,410206,8381014532,5,3,"clothing_store, store, point_of_interest, establishment",18.9919314,73.123164,localisy025620,ChIJD4mrTTvp5zsR25MM5H6_tAg,photos\localisy15020_1.jpg,,,,,Shopping & Retail,Sports Goods Stores,New Panvel
The Jersey Shop,"X4P9+WPP, Takka Rd, Sector 21, Forest Colony, Panvel, Maharashtra 410206, India",,Panvel,Panvel,Maharashtra,410206,,5,1,"sportswear_store, clothing_store, sporting_goods_store, store, point_of_interest, establishment",18.987184799999998,73.1192556,localisy025621,ChIJ2yIGfQDp5zsR9GW3HHFFX8k,,,,,,Shopping & Retail,Sports Goods Stores,New Panvel
Mahesh Sports & services,"Pl-5 12/04, near Railway Station, Sector 17, New Panvel East, Panvel, Maharashtra 410206, India",,Panvel,Panvel,Maharashtra,410206,,5,1,"sporting_goods_store, store, point_of_interest, establishment",18.9924319,73.1233129,localisy025622,ChIJG1ssRADp5zsRTQPF-ncTlPk,photos\localisy15028_1.jpg,,,,,Shopping & Retail,Sports Goods Stores,New Panvel
Jay Maharashtra electrical and hardware,"Jay maharashtra electric hardware, Matheran Rd, Yamuna Kunj, Sukapur, East, Panvel, Palidevad, Maharashtra 410206, India",,Panvel,Panvel,Maharashtra,410206,9594237734,5,49,"hardware_store, building_materials_store, store, point_of_interest, establishment",19.0000938,73.1295552,localisy025623,ChIJlwsAmB_p5zsRm9JO9p1ie-Q,photos\localisy15033_1.jpg,,,,,Shopping & Retail,Hardware Stores,New Panvel
Komal electric & Hardware Stores,"Shop No.17, Janta Bazar, Sector 18, New Panvel East, Panvel, Maharashtra 410206, India",,Panvel,Panvel,Maharashtra,410206,9820786243,4.3,12,"hardware_store, building_materials_store, store, point_of_interest, establishment",18.9947703,73.1212056,localisy025624,ChIJ9f__y0Lo5zsRFlP6_e1j0Ts,,,,,,Shopping & Retail,Hardware Stores,New Panvel
Royal Hardware,"Shop Number 1,2, Shree Samarth Krupa Building Opposite Nera Bus Stop Nera, New Panvel East, Navi Mumbai, Nerepada, Maharashtra 410206, India",,Panvel,Panvel,Maharashtra,410206,8451832669,4,8,"hardware_store, building_materials_store, store, point_of_interest, establishment",19.0135728,73.1697585,localisy025625,ChIJr889Ddro5zsRUKtwb4Uhs-4,photos\localisy15047_1.jpg,,,,,Shopping & Retail,Hardware Stores,New Panvel
Bhairunath Electric And Hardware,"Shop No 8 Kartikya Garden CHS, near Jari Mari Mandir, Sukapur, New Panvel East, Panvel, Palidevad, Maharashtra 410206, India",,Panvel,Panvel,Maharashtra,410206,9588155810,5,3,"hardware_store, building_materials_store, store, point_of_interest, establishment",18.996882499999998,73.1298209,localisy025626,ChIJty9A7CHp5zsRrllGZsrWgI0,photos\localisy15056_1.jpg,,,,,Shopping & Retail,Hardware Stores,New Panvel
JANTA ENTERPRISE,"Shop No 09, Vijay Rd, New Panvel East, Panvel, Maharashtra 410206, India",,Panvel,Panvel,Maharashtra,410206,9930742329,3,4,"hardware_store, building_materials_store, store, point_of_interest, establishment",19.0002124,73.11769430000001,localisy025627,ChIJO-mRIHbp5zsREP3I2eEUlB8,photos\localisy15059_1.jpg,,,,,Shopping & Retail,Hardware Stores,New Panvel
Balaji enterprises,"Shop-09, gayri darshan, Matheran Rd, Sector 11, New Panvel East, Panvel, Maharashtra 410206, India",,Panvel,Panvel,Maharashtra,410206,9004535695,4.5,2,"hardware_store, building_materials_store, store, point_of_interest, establishment",18.9985356,73.123482,localisy025628,ChIJB16V_FDp5zsR29W5uztxqlc,photos\localisy15069_1.jpg,,,,,Shopping & Retail,Hardware Stores,New Panvel
"New Millenium Aluminium, Hardware & Glass","Shop no 2, Vashine Chs, Plot no 23, Sector 11, New Panvel East, Panvel, Maharashtra 410206, India",,Panvel,Panvel,Maharashtra,410206,9867776610,4.8,43,"hardware_store, building_materials_store, furniture_store, home_improvement_store, home_goods_store, store, point_of_interest, service, establishment",18.9996257,73.1228733,localisy025629,ChIJMw0E0hvp5zsR4VAnDNb6lx4,photos\localisy15070_1.jpg,,,,,Shopping & Retail,Hardware Stores,New Panvel
SHREE SAI AIR CONDITION,"Shop No 06, Neel Kamal Soc, A type, New Panvel East, Panvel, Maharashtra 410206, India",,Panvel,Panvel,Maharashtra,410206,8692071081,3,2,"hardware_store, building_materials_store, store, point_of_interest, service, establishment",19.0060862,73.1201452,localisy025630,ChIJRUtzCk_o5zsRCr8Fr-Ivgmc,photos\localisy15071_1.jpg,,,,,Shopping & Retail,Hardware Stores,New Panvel
Shree Rajeshwari Hardware And Electricals,"Opposite MALEWADI STOP, Shop No, 1, Panvel Matheran Rd, Matoshri Nagar Cooperative Housing Society, Sukapur, New Panvel East, Shilottar Raichur, Maharashtra 410206, India",,Panvel,Panvel,Maharashtra,410206,9702473763,1,1,"hardware_store, building_materials_store, store, point_of_interest, service, establishment",19.001752099999997,73.1393927,localisy025631,ChIJrQ8Xlvbo5zsRg1yeoaAWrhY,photos\localisy15076_1.jpg,,,,,Shopping & Retail,Hardware Stores,New Panvel
Swastik Electrical And Hardware,"Bldg shop number 3, Giriraj, Opposite, Railway Station, Sector 15, New Panvel East, Panvel, Maharashtra 410206, India",,Panvel,Panvel,Maharashtra,410206,,4.7,3,"hardware_store, building_materials_store, store, point_of_interest, service, establishment",18.9921035,73.12345789999999,localisy025632,ChIJIYLSK7np5zsRTqv8dNPGPo0,photos\localisy15078_1.jpg,,,,,Shopping & Retail,Hardware Stores,New Panvel
Sat Akhand Enterprises,"Shop No-1 , Eden Garden Cooperative, Shreeji Sangh Cooperative Housing Society Limited, Plot No - 17, Citi Park Rd, Sector - 8, Khanda Colony, Panvel, Maharashtra 410206, India",,Panvel,Panvel,Maharashtra,410206,,4.8,6,"hardware_store, building_materials_store, store, point_of_interest, establishment",19.0062882,73.1107974,localisy025633,ChIJu2j40jfo5zsRJck9Ybbgi0Y,photos\localisy15079_1.jpg,,,,,Shopping & Retail,Hardware Stores,New Panvel
Jay Rajeshwar Electronic And Hardware,"Shop No 5 Mamari Cha Plot No 10, Sec 133, Sector - 13, Greater Khanda, Panvel, Maharashtra 410206, India",,Panvel,Panvel,Maharashtra,410206,8652546622,5,2,"hardware_store, building_materials_store, store, point_of_interest, establishment",19.0060564,73.1103082,localisy025634,ChIJSW0fzDfo5zsRXWgk12bmTW0,,,,,,Shopping & Retail,Hardware Stores,New Panvel
Ganesh Electrical And Hardware,"Shop No 12, Sai Prasad, Plot No 44, near Maharashtra Bank, Bonzer Galaxy Society, Sector 10, Kamothe, Panvel, Maharashtra 410209, India",,Kamothe,Panvel,Maharashtra,410209,9930790136,3.3,3,"hardware_store, building_materials_store, store, point_of_interest, establishment",19.019188,73.09489049999999,localisy025635,ChIJ2URc4NPp5zsR880v7kxgTPY,photos\localisy15086_1.jpg,,,,,Shopping & Retail,Hardware Stores,New Panvel
Sobhagya Traders,"Shop No 2, Panchshil Nagar, New Panvel East, Panvel, Vihighar, Panvel, Maharashtra 410206, India",,Panvel,Panvel,Maharashtra,410206,9763514857,5,8,"hardware_store, building_materials_store, store, point_of_interest, establishment",18.9947743,73.1250945,localisy025636,ChIJrcl3qS_p5zsRwzmDMIjxL9w,photos\localisy15088_1.jpg,,,,,Shopping & Retail,Hardware Stores,New Panvel
Shree Maharana palmbig & civil vark,"Girraj bilding sop no 3 Swastik hadver C K t rod NIV Panvel NIV mumbai, 1s, Sector 16, New Panvel East, Panvel, Maharashtra 410206, India",,Panvel,Panvel,Maharashtra,410206,8369777561,,,"hardware_store, building_materials_store, store, point_of_interest, establishment",18.9906194,73.1255177,localisy025637,ChIJA_aBoajn5zsRKKfgfDzi4iw,photos\localisy15090_1.jpg,,,,,Shopping & Retail,Hardware Stores,New Panvel
Shree Prasad Paints and Hardware,"Shop no 3, Shree Data Nivas Building, Road, New Panvel East, Usarli Khurd, Vichumbe, Maharashtra 410206, India",,Panvel,Panvel,Maharashtra,410206,7400436985,4.6,5,"store, point_of_interest, establishment",18.984804,73.1308434,localisy025638,ChIJ5wiWcVjp5zsR1hF-XkUzG2Q,photos\localisy15119_1.jpg,,,,,Shopping & Retail,Paint Shops,New Panvel
Jahanvi Trading Company,"39, Sector, 1/S, Plot Number, Rd Number 3, behind CIDCO Office, New Panvel East, Panvel, Maharashtra 410206, India",,Panvel,Panvel,Maharashtra,410206,9920011636,4.7,29,"building_materials_store, store, point_of_interest, establishment",18.9978074,73.1180795,localisy025639,ChIJ____e0Po5zsRk_5Gxrofmdc,photos\localisy15124_1.jpg,,,,,Shopping & Retail,Paint Shops,New Panvel
Shree ceramics,"Shop No 19 Plot No 1&3, Shubham Complex, Sector 11, New Panvel East, Panvel, Maharashtra 410206, India",,Panvel,Panvel,Maharashtra,410206,9819538614,4.7,6,"wholesaler, point_of_interest, establishment",18.998594999999998,73.1231622,localisy025640,ChIJV8-Dj4_p5zsRlo4TSvPgoGM,photos\localisy15137_1.jpg,,,,,Shopping & Retail,Paint Shops,New Panvel
Stlish Wallpaper & Carpet Flooring,"Vaishnav Nivas, Sector 8, New Panvel East, Panvel, Maharashtra 410206, India",,Panvel,Panvel,Maharashtra,410206,9321698564,4.9,45,"building_materials_store, home_improvement_store, home_goods_store, supplier, store, point_of_interest, establishment",19.0053973,73.1222641,localisy025641,ChIJCX0Pt0fp5zsR2x0EZtBKf7M,photos\localisy15145_1.jpg,,,,,Shopping & Retail,Paint Shops,New Panvel
Shri.Mamaji Electrical & hardware,"Shop No -3, Plot No-33, Khanda Colony, Sector 9, Greater Khanda, Panvel, Mumbai, Panvel, Maharashtra 410206, India",,Panvel,Panvel,Maharashtra,410206,9892284921,4,8,"hardware_store, building_materials_store, store, point_of_interest, establishment",19.0090095,73.1124469,localisy025642,ChIJ9bWI8Uno5zsRjxx2qDwA-7k,photos\localisy15147_1.jpg,,,,,Shopping & Retail,Paint Shops,New Panvel
P O P SHOP (S K PLASTER),"Shop no 2 Navade gao, beside Shree Sadguru service Center, opp. Devkrupa Building, Navde, Panvel, Maharashtra 410208, India",,Taloja,Panvel,Maharashtra,410208,9372401432,4.3,8,"home_goods_store, general_contractor, supplier, store, point_of_interest, service, establishment",19.0479643,73.1019864,localisy025643,ChIJ8_Tocjjp5zsR68wcF9rl-oI,photos\localisy15148_1.jpg,,,,,Shopping & Retail,Paint Shops,New Panvel
Suryakanta Optics,"Shop Number 8 Said Paradise Plot Number 100, New Panvel East, Panvel, Maharashtra 410206, India",,Panvel,Panvel,Maharashtra,410206,8104395882,3.8,5,"store, point_of_interest, establishment",18.9993804,73.1179121,localisy025644,ChIJ82h5pyXp5zsRSvE24ARdAdA,,,,,,Shopping & Retail,Optical Stores,New Panvel
Sai Optics,"Shop Number 5, Vithoba complex, near Jari Mari Temple, Sukapur, New Panvel East, Panvel, Palidevad, Maharashtra 410206, India",,Panvel,Panvel,Maharashtra,410206,7718836042,5,27,"health, store, point_of_interest, service, establishment",18.9966003,73.1289553,localisy025645,ChIJqfP1wvDp5zsR_HAYa74p0ek,photos\localisy15180_1.jpg,,,,,Shopping & Retail,Optical Stores,New Panvel
Shree Vetoba Optics,"Nilgagan Sector-1(S),Near Stae Bank Of Hyberabad,New Panvel, New Panvel East, Panvel, Maharashtra 410206, India",,Panvel,Panvel,Maharashtra,410206,9930752904,4.3,6,"health, store, point_of_interest, service, establishment",18.9998646,73.1177289,localisy025646,ChIJl2SAGETo5zsRlSAuH34EKKM,photos\localisy15183_1.jpg,,,,,Shopping & Retail,Optical Stores,New Panvel
Sai Sagar Optics,"Shop No.3, Shree Namrata Complex, Gav Devi Road, near Dominos pizza, Sector 18, New, Panvel, Vichumbe, Panvel, Maharashtra 410206, India",,Panvel,Panvel,Maharashtra,410206,7700097494,4.9,9,"health, point_of_interest, establishment",19.0141125,73.0930781,localisy025647,ChIJU3p9S_Pp5zsRRpT3iOS-2X8,photos\localisy15184_1.jpg,,,,,Shopping & Retail,Optical Stores,New Panvel
Specskraft Opticians,"Shop No. 2, Maheshwari Villa, Plot no. 30, Sector 5A, Sector 6, New Panvel East, Panvel, Maharashtra 410206, India",,Panvel,Panvel,Maharashtra,410206,9833602940,5,4,"health, store, point_of_interest, service, establishment",19.0065612,73.117392,localisy025648,ChIJoy6Zr-Xp5zsR8iEaprnmOAA,photos\localisy15186_1.jpg,,,,,Shopping & Retail,Optical Stores,New Panvel
V. D. OPTICALS,"Neel Residency II, Vaishakh Marg, Sector 3, New Panvel East, Panvel, Maharashtra 410206, India",,Panvel,Panvel,Maharashtra,410206,8422084294,5,4,"store, health, point_of_interest, service, establishment",19.00224,73.1207443,localisy025649,ChIJwz3Jpc7p5zsRNOlT35HzFes,photos\localisy15199_1.jpg,,,,,Shopping & Retail,Optical Stores,New Panvel
Eye Look Optics,"Shop No 3, Sai Sharan CHS, Khanda Colony, Sector - 8, New, Panvel, Maharashtra 410206, India",,Panvel,Panvel,Maharashtra,410206,9326125215,5,3,"store, health, point_of_interest, service, establishment",19.006283099999997,73.1100264,localisy025650,ChIJAxy4qfXp5zsR1QOzfWEZAkc,photos\localisy15200_1.jpg,,,,,Shopping & Retail,Optical Stores,New Panvel
Drishti Optics,"Shop No. B-04, P.L.218 & 219, Maghmalha,, Sector 4, New Panvel East, Panvel, Mumbai, Panvel, Maharashtra 410206, India",,Panvel,Panvel,Maharashtra,410206,9619846453,5,2,"store, health, point_of_interest, service, establishment",19.0031982,73.12068889999999,localisy025651,ChIJkdd6c0Xo5zsRDB7qt0r98fo,,,,,,Shopping & Retail,Optical Stores,New Panvel
Comet Optices,"Shop No 1, near Miraj Cinema, CHS, Sector 11, New Panvel East, Panvel, Maharashtra 410206, India",,Panvel,Panvel,Maharashtra,410206,9320213080,5,1,"store, health, point_of_interest, service, establishment",18.999234599999998,73.12290329999999,localisy025652,ChIJ5ZPHb5Lp5zsRH_uYxZKJ22c,photos\localisy15205_1.jpg,,,,,Shopping & Retail,Optical Stores,New Panvel
New top bags,"Shop no 58 hong kong market, Sector 19, New Panvel East, Panvel, Maharashtra 410206, India",,Panvel,Panvel,Maharashtra,410206,9321624327,,,"store, point_of_interest, establishment",18.997241199999998,73.1229331,localisy025653,ChIJ78xm9wrp5zsRnta_2hhxwtI,photos\localisy15245_1.jpg,,,,,Shopping & Retail,Bags & Luggage Stores,New Panvel
Adv priya ramesh shinde,"PLOT, 10, Road No. 15, near Post Office, Sector 19, New Panvel East, Panvel, Maharashtra 410206, India",,Panvel,Panvel,Maharashtra,410206,7722042474,5,6,"lawyer, consultant, service, point_of_interest, establishment",18.9966013,73.122078,localisy025654,ChIJpQLczJTp5zsRa9F5v1lfpYw,photos\localisy15267_1.jpg,,,,,Professional Services,Lawyers,New Panvel
Advocates and Legal Consultant,"Sector 8, New Panvel East, Panvel, Navi Mumbai, Panvel, Maharashtra 410206, India",,Panvel,Panvel,Maharashtra,410206,,,,"consultant, service, point_of_interest, establishment",19.0033158,73.1227676,localisy025655,ChIJJ6UX7LXp5zsRWA_IUTfR0xs,photos\localisy15271_1.jpg,,,,,Professional Services,Lawyers,New Panvel
Adv KIRAN PAWAR (DIVORCE LAWYER IN PANVEL),"New Panvel, Belmac Riverside, Terra Gold, Shilottar Raichur, Akurli, Maharashtra 410206, India",,Panvel,Panvel,Maharashtra,410206,,,,"lawyer, consultant, association_or_organization, service, point_of_interest, establishment",19.000407799999998,73.1419202,localisy025656,ChIJh2IEKmbp5zsRuLc84dCHXAY,,,,,,Professional Services,Lawyers,New Panvel
Lad Associate,"Shop no 44, Satya Sai Plaza, Plot No 05, Sector 11, New Panvel East, Panvel, Maharashtra 410206, India",,Panvel,Panvel,Maharashtra,410206,,5,1,"lawyer, consultant, service, point_of_interest, establishment",18.9991241,73.12260119999999,localisy025657,ChIJfzv3w1Xp5zsR788eCe_hc5U,photos\localisy15284_1.jpg,,,,,Professional Services,Lawyers,New Panvel
AVIBHA LEGAL,"Office No-1, Ground Floor, Sindhurekha Villa, Plot No- 2, Rd Number 3, Sector 11, New Panvel East, Panvel, Maharashtra 410206, India",,Panvel,Panvel,Maharashtra,410206,9769980008,5,8,"accounting, lawyer, consultant, finance, service, point_of_interest, establishment",19.0010557,73.1253421,localisy025658,ChIJIzmvIenp5zsRoft1SMwLh5k,photos\localisy15291_1.jpg,,,,,Professional Services,Lawyers,New Panvel
Legal 10,"102,Shree Sahayya Elite, Panvel, Navi Mumbai, Maharashtra 410206, Nityanand Nagar, HOC Colony, Panvel, Maharashtra 410206, India",,Panvel,Panvel,Maharashtra,410206,9890291800,4.7,19,"consultant, point_of_interest, service, establishment",18.997602099999998,73.10877459999999,localisy025659,ChIJo53J1Djo5zsR6EjicbYK0vE,,,,,,Professional Services,Lawyers,New Panvel
Adv. Tushar Dube,"Ground Floor, Plot-3, Road-3, Sector 11, New Panvel East, Panvel, Maharashtra 410206, India",,Panvel,Panvel,Maharashtra,410206,,,,"lawyer, consultant, point_of_interest, service, establishment",19.0010238,73.12542479999999,localisy025660,ChIJgRLh93_p5zsRmdzhfcJvCng,,,,,,Professional Services,Lawyers,New Panvel
Rebels Law Firm,"Office No. 703/704/705, 7th Floor, PL-16/3, The Corporate Business Center, Munot Vastu Exotica, Old Thane Naka Rd, opposite Prant Office(SDO, near Ashwini Hospital, Banglow Society, Nityanand Nagar, Old Panvel, Panvel, Navi Mumbai, Panvel, Maharashtra 410206, India",,Panvel,Panvel,Maharashtra,410206,,5,10,"consultant, point_of_interest, service, establishment",18.9956626,73.1070118,localisy025661,ChIJt0LOXwDp5zsRPZbOKfqR5SE,photos\localisy15311_1.jpg,,,,,Professional Services,Lawyers,New Panvel
Sudarshan A to Z Insurance Solution,"Shop No 16, Neel orchid, Chs, Plot No 41, Sector 10, Khanda Colony, Panvel, Mumbai, Panvel, Maharashtra 410206, India",,Panvel,Panvel,Maharashtra,410206,9372097090,5,1,"insurance_agency, point_of_interest, service, establishment",19.0050109,73.1146048,localisy025662,ChIJI9TSjkjo5zsRXbSX1FJ364k,,,,,,Professional Services,Insurance Agents,New Panvel
"Shop no 114, 115& 116 First' Floor Neelkanth Landmark . New Panvel. District Raigad","X4V8+MFP, Panvel Station Rd, Forest Colony, Panvel, Maharashtra 410206, India",,Panvel,Panvel,Maharashtra,410206,,5,1,"insurance_agency, point_of_interest, service, establishment",18.994195299999998,73.11579929999999,localisy025663,ChIJM3ZoaQDp5zsR6zwMtAl99Xc,,,,,,Professional Services,Insurance Agents,New Panvel
Deepak Lala's Office,"153, Karna CHS, Sector 4, New Panvel East, Panvel, Maharashtra 410206, India",,Panvel,Panvel,Maharashtra,410206,,,,"insurance_agency, point_of_interest, service, establishment",19.0026174,73.1199469,localisy025664,ChIJN734cwDp5zsRdxUSvlux8CE,,,,,,Professional Services,Insurance Agents,New Panvel
OYO Hotel Shubham,"1 Sector 10, near Cineraj Theatre, Sector 2, New Panvel East, Panvel, Mumbai, Panvel, Maharashtra 410206, India",,Panvel,Panvel,Maharashtra,410206,,3.8,151,"hotel, bed_and_breakfast, guest_house, motel, inn, lodging, point_of_interest, service, establishment",18.9989891,73.1231719,localisy025665,ChIJdQCtqlzo5zsRysvGUaRNhJs,photos\localisy15471_1.jpg,,,,,Travel & Hospitality,Hotels,New Panvel
Kings Residency,"Plot no:97/98, Khanda Colony, Village, Sector 08, nr. Adai Road, Sector 8, New Panvel East, Panvel, Navi Mumbai, Panvel, Maharashtra 410206, India",,Panvel,Panvel,Maharashtra,410206,,3,6,"hotel, lodging, point_of_interest, establishment",19.0063244,73.1218183,localisy025666,ChIJqSNE67rp5zsRC5ftm4jsu7Y,photos\localisy15484_1.jpg,,,,,Travel & Hospitality,Hotels,New Panvel
JP Lodging,"J.P lodging and Borading, Matheran Rd, Panvel, Chiple, Maharashtra 410206, India",,Panvel,Panvel,Maharashtra,410206,9833092664,2.8,10,"lodging, point_of_interest, establishment",19.003987199999997,73.14877969999999,localisy025667,ChIJZaKsS0np5zsRfnbT8ltPG9A,photos\localisy15527_1.jpg,,,,,Travel & Hospitality,Resorts,New Panvel
Bhairavnath Tours And Travles,"Ganesh Darshna, Sector 8, New Panvel East, Panvel, Navi Mumbai, Panvel, Maharashtra 410206, India",,Panvel,Panvel,Maharashtra,410206,9820131026,5,5,"travel_agency, point_of_interest, service, establishment",19.004583999999998,73.122344,localisy025668,ChIJsftVLn7p5zsRdhujNClQXPk,,,,,,Travel & Hospitality,Travel Agencies,New Panvel
We Assist Travel,"Sector 4, New Panvel East, Panvel, Maharashtra 410206, India",,Panvel,Panvel,Maharashtra,410206,9404818467,4.9,23,"travel_agency, point_of_interest, service, establishment",19.002369299999998,73.1184018,localisy025669,ChIJcfGQrYfp5zsR54WjY68DDww,,,,,,Travel & Hospitality,Travel Agencies,New Panvel
Raahi Tours,"Karna CHS, Sector 3, New Panvel East, Panvel, Maharashtra 410206, India",,Panvel,Panvel,Maharashtra,410206,9561550112,4.9,61,"travel_agency, service, point_of_interest, establishment",19.001898699999998,73.1198391,localisy025670,ChIJOTzfp-Xp5zsRi0aTKhe2Lvk,photos\localisy15582_1.jpg,,,,,Travel & Hospitality,Travel Agencies,New Panvel
Veena World - Parikrama Tours and Travel (New Panvel),"Shop No. 04, Ground Floor, Sector No. 1(S, City Avenue CHS, Plot No 101, New Panvel East, Panvel, Mumbai, Panvel, Maharashtra 410206, India",,Panvel,Panvel,Maharashtra,410206,8591907723,4.6,10,"travel_agency, service, point_of_interest, establishment",18.999451999999998,73.1178123,localisy025671,ChIJZ-fQPgLp5zsRp-bXGA6tYUE,photos\localisy15585_1.jpg,,,,,Travel & Hospitality,Travel Agencies,New Panvel
Master Travels,"Sai Simran,, 2455+GPW, Sector - 1, Khanda Colony, Panvel, Maharashtra 410206, India",,Panvel,Panvel,Maharashtra,410206,,4.3,30,"travel_agency, service, point_of_interest, establishment",19.0088543,73.1093321,localisy025672,ChIJ4bq7djbo5zsRp56avLHNDeA,photos\localisy15589_1.jpg,,,,,Travel & Hospitality,Travel Agencies,New Panvel
Fly with Joy,"Shop No. 19, Prajapati Cascade CHS, Plot No. 7, Sector-1, New Panvel East, Panvel, Maharashtra 410206, India",,Panvel,Panvel,Maharashtra,410206,,,,"travel_agency, service, point_of_interest, establishment",18.998027999999998,73.12134499999999,localisy025673,ChIJw6RB59Tp5zsRmHX8Y8NGTH4,,,,,,Travel & Hospitality,Travel Agencies,New Panvel
Shri Rudramma Travels,"Prabhat C.H.S. Ltd., Bldg No, Room No. 19, Yugantak Complex, C/3, Sukapur, New Panvel East, Panvel, Palidevad, Maharashtra 410206, India",,Panvel,Panvel,Maharashtra,410206,,5,18,"taxi_service, transportation_service, point_of_interest, service, establishment",18.9991154,73.1313498,localisy025674,ChIJgf4X6HLp5zsRFjIQ0UfEw_8,photos\localisy15746_1.jpg,,,,,Travel & Hospitality,Cab & Taxi Services,New Panvel
Arpana Paying Guest,"first floor, Shamrao Chavan Udyan, 5, near Shaheed Tushar, Sector 11, New Panvel East, Panvel, Maharashtra 410206, India",,Panvel,Panvel,Maharashtra,410206,9769982672,4.9,14,"guest_house, hostel, lodging, point_of_interest, service, establishment",18.999239300000003,73.1239744,localisy025675,ChIJVxhjrzzp5zsRLg8v8Cy0rMo,photos\localisy15748_1.jpg,,,,,Travel & Hospitality,PG & Hostels,New Panvel
Shree Ganesh Events Management,"Haware Vrindavan CHS Khanda Colony, Sector 9, Greater Khanda, Panvel, Maharashtra 410206, India",,Panvel,Panvel,Maharashtra,410206,,4.3,6,"service, point_of_interest, establishment",19.0081879,73.11262789999999,localisy025676,ChIJJ9FZBZnp5zsRCzKr3TXXIXE,photos\localisy15797_1.jpg,,,,,Event Services,Wedding Planners,New Panvel
Birthday & event decoration,"Rd Number 14, Sector 4, New Panvel East, Panvel, Maharashtra 410206, India",,Panvel,Panvel,Maharashtra,410206,,,,"point_of_interest, service, establishment",18.997316599999998,73.1216638,localisy025677,ChIJVycG4fXp5zsRkJtW9w07uZE,photos\localisy15803_1.jpg,,,,,Event Services,Wedding Planners,New Panvel
ZIV Events,"Shree Ganesh, Plot No 263, Road No. 8, Sector-10, New Panvel East, Panvel, Maharashtra 410206, India",,Panvel,Panvel,Maharashtra,410206,9769699484,4.4,9,"point_of_interest, establishment",19.0020865,73.1238018,localisy025678,ChIJNaGtjofI5zsRB2XEofth8lI,photos\localisy15819_1.jpg,,,,,Event Services,Wedding Planners,New Panvel
Capture Your Moments,"Shop no.1,Ground Floor, Hari madhur milan"" apartment, Plot no 41, Sector 5, New Panvel East, Panvel, Maharashtra 410206, India",,Panvel,Panvel,Maharashtra,410206,9082221873,4.9,25,"point_of_interest, service, establishment",19.0040017,73.11711439999999,localisy025679,ChIJN2j8tS7p5zsRnQGRBRTQmBc,photos\localisy15840_1.jpg,,,,,Event Services,Photographers,New Panvel
Saipreet Photo,"shop no 5, kartikya garden socity, Sukapur, New Panvel East, Panvel, Palidevad, Maharashtra 410206, India",,Panvel,Panvel,Maharashtra,410206,8286245505,4.9,52,"service, point_of_interest, establishment",18.996995599999998,73.1299481,localisy025680,ChIJ20IDIaTp5zsRup0X5jyHhLo,photos\localisy15857_1.jpg,,,,,Event Services,Photographers,New Panvel
Frames.By.Kshitij,"Naya Nagar, New Panvel East, Panvel, Maharashtra 410206, India",,Panvel,Panvel,Maharashtra,410206,9769700211,5,27,"service, point_of_interest, establishment",18.989429299999998,73.1174492,localisy025681,ChIJo_FgDd9f3m8Rq__QMoQGkEI,photos\localisy15858_1.jpg,,,,,Event Services,Photographers,New Panvel
NEW ZEE DIGITAL PHOTO STUDIO,"shop no 3, Kalpataru Complex, Sector 9, Khanda Colony, Panvel, Maharashtra 410206, India",,Panvel,Panvel,Maharashtra,410206,7021855823,4.2,57,"point_of_interest, service, establishment",19.0073358,73.1121397,localisy025682,ChIJXX-Jz0no5zsRpIqlzWidp1Q,photos\localisy15863_1.jpg,,,,,Event Services,Photographers,New Panvel
New Apeksha Digital Photo Studio,"Sector 3, New Panvel East, Panvel, Maharashtra 410206, India",,Panvel,Panvel,Maharashtra,410206,9029104447,3.7,7,"point_of_interest, service, establishment",19.0024502,73.1206696,localisy025683,ChIJ6bv8DkXo5zsR1nS3aAjiNpM,photos\localisy15865_1.jpg,,,,,Event Services,Photographers,New Panvel
satyam photography,"C5, 14, 2:1, Rd Number 3, Sector 18, New Panvel East, Panvel, Maharashtra 410206, India",,Panvel,Panvel,Maharashtra,410206,8652010652,5,6,"point_of_interest, service, establishment",18.9954286,73.12127749999999,localisy025684,ChIJJXyX7Cvp5zsRNMqesZFJyWQ,photos\localisy15879_1.jpg,,,,,Event Services,Photographers,New Panvel
Devanand Digital,"Shop No 37, Ganesh market, Sector 19, New Panvel East, Panvel, Maharashtra 410206, India",,Panvel,Panvel,Maharashtra,410206,9867799663,5,1,"point_of_interest, service, establishment",18.996408199999998,73.123509,localisy025685,ChIJ4zgc1Fzo5zsRtK2U_HzG6Q0,photos\localisy15880_1.jpg,,,,,Event Services,Photographers,New Panvel
Nirmiti Decorators,"Gokul Co Operative Housing Society, Rd Number 4, Sector 8, New Panvel East, Panvel, Maharashtra 410206, India",,Panvel,Panvel,Maharashtra,410206,9322100291,2.2,5,"point_of_interest, establishment",19.0033425,73.1205425,localisy025686,ChIJOfYOdEXo5zsR3q8NTu8FGR4,photos\localisy15916_1.jpg,,,,,Event Services,Decorators,New Panvel
Unique s wallpaper,"Shop no 03, murari shanti, plot no 03, sector 04, D Mart, D Mart Rd, near satyam pride, Sector 4, New Panvel East, Panvel, Maharashtra 410206, India",,Panvel,Panvel,Maharashtra,410206,9137818576,4.7,51,"home_improvement_store, home_goods_store, store, point_of_interest, establishment",19.0020112,73.1173139,localisy025687,ChIJz7io8LTp5zsRDI3Ho9cvuK4,photos\localisy15928_1.jpg,,,,,Event Services,Decorators,New Panvel
AMK INTERIOR,"asudgaon sec4 near hanuman mundir khanda colony new panvel Khanda colony, near, Khanda Colony, Sector 4B, New Panvel East, Panvel, Maharashtra 410218, India",,Roadpali,Panvel,Maharashtra,410218,9323178466,4.9,7,"point_of_interest, service, establishment",19.0132011,73.1121169,localisy025688,ChIJMeH9L23p5zsRGJ0F7Lzu8iM,photos\localisy15930_1.jpg,,,,,Event Services,Decorators,New Panvel
Om Sai Decorators,"Shop No. 5, Fortune Garden, Panvel, Koproli, Maharashtra 410206, India",,Panvel,Panvel,Maharashtra,410206,9323408089,4.5,4,"point_of_interest, service, establishment",19.0111073,73.15817969999999,localisy025689,ChIJT6HV90bp5zsRDP8RPLoMNno,photos\localisy15936_1.jpg,,,,,Event Services,Decorators,New Panvel
Aangan Garden Lawn,"Near Cidco Garden, Adai Circle, Matheran Road, Pali Devad , New Panvel, X4XH+Q29, Guru Tegh Bahadur Nagar, Panvel, Palidevad, Maharashtra 410206, India",,Panvel,Panvel,Maharashtra,410206,,4.2,100,"farm, point_of_interest, service, establishment",18.9994148,73.127596,localisy025690,ChIJ9f8g5YHp5zsR5vQqI46SsuY,photos\localisy16032_1.jpg,,,,,Event Services,Banquet Halls,New Panvel
Daya Sagar Caterers,"Shop No.15, Plot No.B-17, Vision CHS, Near Dr.Pillai Global Academy, Ambika Park, Sector - 6, Khanda Colony, Panvel, Maharashtra 410206, India",,Panvel,Panvel,Maharashtra,410206,9833689310,4.6,12,"catering_service, food_delivery, food, point_of_interest, service, establishment",19.0113062,73.11273340000001,localisy025691,ChIJUwfaDkro5zsR16CDQ-IDdQY,photos\localisy16088_1.jpg,,,,,Event Services,Caterers,New Panvel
New Delhi Darbar Caterers,"Shop no 2/3/4, Gr Nil Darshan building, plot, no 14, Sector 12, New Panvel East, Panvel, Maharashtra 410206, India",,Panvel,Panvel,Maharashtra,410206,9920266522,5,2,"indian_restaurant, restaurant, food, point_of_interest, establishment",18.997813999999998,73.1271744,localisy025692,ChIJhXCSJ4Tp5zsR2NVbMqShlbs,photos\localisy16091_1.jpg,,,,,Event Services,Caterers,New Panvel
DALMA CATERERS,"Sector 3, New Panvel East, Panvel, NEW PANVE, Panvel, Maharashtra 410206, India",,Panvel,Panvel,Maharashtra,410206,7400463106,,,"catering_service, food_delivery, cafeteria, food, point_of_interest, service, establishment",19.0015736,73.12020799999999,localisy025693,ChIJtZ_rW__p5zsR4ogWhKVsiRc,photos\localisy16109_1.jpg,,,,,Event Services,Caterers,New Panvel
Aura Creativity,"Shop No 9, Plot No B-35, Sai Swarg CHS Rd, Sector 6, New Panvel East, Panvel, Maharashtra 410206, India",,Panvel,Panvel,Maharashtra,410206,9322653573,4.8,16,"clothing_store, store, point_of_interest, manufacturer, service, establishment",19.0088834,73.11619689999999,localisy025694,ChIJ69ipRUno5zsRWw6V1WUCFI4,photos\localisy16218_1.jpg,,,,,Event Services,Invitation Card Printers,New Panvel
I Cell Mobile,"Shop-7, Eknathdada Apartment, near Ganapati Temple, Sukapur, Panvel, Maharashtra 410206, India",,Panvel,Panvel,Maharashtra,410206,9120102364,5,5,"point_of_interest, service, establishment",19.0164834,73.07144600000001,localisy025695,ChIJy60XiJPD5zsRjZnkLd3m4cQ,photos\localisy16262_1.jpg,,,,,Repair & Maintenance,Mobile Repair,New Panvel
NIHANSH MOBILE,"Shop No 3, Tapovan Stop, Matheran Rd, near Ram Mandir Balaji Mandir, Sukapur, New Panvel East, Panvel, Navi Mumbai, Shilottar Raichur, Maharashtra 410206, India",,Panvel,Panvel,Maharashtra,410206,7887745545,5,8,"service, point_of_interest, establishment",19.000633699999998,73.1347397,localisy025696,ChIJCd262E7p5zsRo1HeqXhVvnI,photos\localisy16286_1.jpg,,,,,Repair & Maintenance,Mobile Repair,New Panvel
Samsung Service Center (Next Apex),"Shop no 1&2, Tejaswani Arcade, Plot No 413/2, next to K Mall, beside Unity Bank, Sector 21, Panvel, Maharashtra 410206, India",,Panvel,Panvel,Maharashtra,410206,9867258966,4.7,386,"service, point_of_interest, establishment",18.98695,73.120064,localisy025697,ChIJc2eHvDvp5zsRIQSk37v-Duw,photos\localisy16287_1.jpg,,,,,Repair & Maintenance,Mobile Repair,New Panvel
Pawan Mobiles & Electronics,"Shop no.9, shree swami samarth krupa, plot no.29, Sector 4, Dombala, Panvel, Karanjade, Maharashtra 410206, India",,Panvel,Panvel,Maharashtra,410206,9004555491,4.7,40,"service, point_of_interest, establishment",18.976250099999998,73.103456,localisy025698,ChIJb4FP7w7o5zsRHEoCZZmBoIo,photos\localisy16291_1.jpg,,,,,Repair & Maintenance,Mobile Repair,New Panvel
Hayat Mobile Shop,"shop number 7, Ganesh market, Sector 12, New Panvel East, Panvel, Maharashtra 410206, India",,Panvel,Panvel,Maharashtra,410206,8855990704,5,1,"service, point_of_interest, establishment",18.9972535,73.1255736,localisy025699,ChIJx-Nj1Fzo5zsR_3x7wPaLnH8,photos\localisy16298_1.jpg,,,,,Repair & Maintenance,Mobile Repair,New Panvel
Anvi Electronics ( SONY SAMSUNG LG MI ALL BRAND LED LCD TV REPAIRING CENTRE ),"G.S Gharat Building Shop No. 02 Plot No, 196 Sector, No. 01, Karanjade, Panvel, Vadghar, Maharashtra 410206, India",,Panvel,Panvel,Maharashtra,410206,9967710768,,,"service, point_of_interest, establishment",18.9763184,73.0920616,localisy025700,ChIJqeNAv6np5zsRDcOlHwixtrw,photos\localisy16400_1.jpg,,,,,Repair & Maintenance,TV Repair,New Panvel
FurniShop- Professional Furniture Makers,"Malewadi, Akurli, Sukapur, New, Panvel, Navi Mumbai, Akurli, Maharashtra 410206, India",,Panvel,Panvel,Maharashtra,410206,7977446760,5,5,"manufacturer, point_of_interest, service, establishment",19.000603400000003,73.1420657,localisy025701,ChIJUeRLoOfp5zsRU2o6xtNQR3o,photos\localisy16549_1.jpg,,,,,Repair & Maintenance,Furniture Repair,New Panvel
Shree Samartha krupa Furnishing,"Meghna Kalash, shop no 04, sector 04, Karanjade, Maharashtra 410206, India",,Panvel,Panvel,Maharashtra,410206,9082625289,4.6,13,"point_of_interest, service, establishment",18.9793994,73.1041295,localisy025702,ChIJP0ZDYabp5zsRP_FBFoP0Rms,photos\localisy16554_1.jpg,,,,,Repair & Maintenance,Furniture Repair,New Panvel
Titan Fashion World,"X4XF+324, Sector 19, New Panvel East, Panvel, Maharashtra 410206, India",,Panvel,Panvel,Maharashtra,410206,9136015399,4.9,10,"store, point_of_interest, service, establishment",18.997638,73.1225638,localisy025703,ChIJ__LlbADp5zsRKtOQHSrAG7k,photos\localisy16630_1.jpg,,,,,Repair & Maintenance,Watch Repair,New Panvel
Hong Kong Arcade,"X4WF+X3H, Rd Number 16, Sector 19, New Panvel East, Panvel, Maharashtra 410206, India",,Panvel,Panvel,Maharashtra,410206,,3.6,179,"shopping_mall, point_of_interest, establishment",18.9974398,73.12272209999999,localisy025704,ChIJi4HRNUPo5zsRphPyYpiPbO4,photos\localisy16652_1.jpg,,,,,Repair & Maintenance,Watch Repair,New Panvel
Apple Authorised Service Provider - iPlanet Care,"No. G16, Orion Mall, Mumbra - Panvel Hwy, Forest Colony, Panvel, Maharashtra 410206, India",,Panvel,Panvel,Maharashtra,410206,7448933618,4.9,807,"point_of_interest, service, establishment",18.9930728,73.1157874,localisy025705,ChIJH2aL6QDp5zsR8vMDWuo6rgI,photos\localisy16654_1.jpg,,,,,Repair & Maintenance,Watch Repair,New Panvel
Jyotirling Jewellers,"Shop Number 3, Plot Number 1, Indraprasth CHS, Sector 10, Khanda Colony, Panvel, Maharashtra 410206, India",,Panvel,Panvel,Maharashtra,410206,,3.5,19,"store, point_of_interest, service, establishment",19.0056782,73.1119001,localisy025706,ChIJ3Y8purfp5zsRK4SuuPOuRCI,photos\localisy16657_1.jpg,,,,,Repair & Maintenance,Watch Repair,New Panvel
Axis Max Life Insurance,"Neelsiddhi ruby, axis life Plot No. 21, Opp Ryan St. Joseph High School Sector -11, Khanda Colony, Sector 3, New Panvel East, Panvel, Maharashtra 410206, India",,Panvel,Panvel,Maharashtra,410206,9319625067,2.5,2,"point_of_interest, service, establishment",19.0015736,73.12020799999999,localisy025707,ChIJJbowZz_p5zsRrB3O9uGsoZw,,,,,,Financial Services,Insurance,New Panvel
"National Insurance Company Limited, Panvel Divisional Office","1st Floor, Plot no. 75, Swami Nityanand Rd, Nityanand Nagar, HOC Colony, Panvel, Maharashtra 410206, India",,Panvel,Panvel,Maharashtra,410206,,4.3,6,"point_of_interest, service, establishment",18.9950998,73.10836019999999,localisy025708,ChIJt4w3e5bp5zsRAt3XRL1ItDw,photos\localisy16700_1.jpg,,,,,Financial Services,Insurance,New Panvel
Shriram Finance Limited,"No. 502-503, Station Rd, Sector 17, Khandeshwar, Panvel, Maharashtra 410206, India",,Panvel,Panvel,Maharashtra,410206,,2.5,15,"bank, insurance_agency, finance, service, point_of_interest, establishment",19.005893099999998,73.1071082,localisy025709,ChIJ__8_Hzfo5zsRPqzfJiRMSlI,photos\localisy16732_1.jpg,,,,,Financial Services,Insurance,New Panvel
Khandeshwar Mutual Benefit Nidhi Limited,"Shop No 9 Building Indra Angan Sec 9 Khanda Colony New Mumbai, Panvel, Khanda Colony, Sector 9, Greater Khanda, Panvel, Mumbai, Panvel, Maharashtra 410206, India",,Panvel,Panvel,Maharashtra,410206,9324976086,4.8,4,"point_of_interest, establishment",19.0068102,73.1121757,localisy025710,ChIJCQVgNb_p5zsRkHi8Dl0P5Ak,photos\localisy16755_1.jpg,,,,,Financial Services,Mutual Funds,New Panvel
THIRDWAVE GROWTH ENTERPRISES,"Chandra Gopi Niwas, Plot No B/8/C, Khanda Colony, Sector 7, Greater Khanda, Panvel, Navi Mumbai, Panvel, Maharashtra 410206, India",,Panvel,Panvel,Maharashtra,410206,9820988463,5,1,"finance, point_of_interest, establishment",19.0061686,73.1097683,localisy025711,ChIJo6YXAOnp5zsRSkSiGyfW6Eo,photos\localisy16782_1.jpg,,,,,Financial Services,Mutual Funds,New Panvel
PNB Housing Finance,"1st Flr, Swami Vivekanand Marg, near HDFC Bank, Sector 1A, New Panvel East, Panvel, Mumbai, Panvel, Maharashtra 410206, India",,Panvel,Panvel,Maharashtra,410206,,1.8,68,"finance, point_of_interest, consultant, service, establishment",18.996819,73.1188859,localisy025712,ChIJM0zJM0rB5zsRBthHuZA_2Kw,photos\localisy16787_1.jpg,,,,,Financial Services,Mutual Funds,New Panvel
Star Health Agency,"Shop No -02, Om Shree Niketan Co-op CHS, Plot No -12/A, Khanda Colony, opp. Mahatma School Road, Sector - 1, Greater Khanda, Panvel, Maharashtra 410206, India",,Panvel,Panvel,Maharashtra,410206,9702614589,5,1,"finance, point_of_interest, consultant, service, establishment",19.008146999999997,73.1092812,localisy025713,ChIJt31rPyfp5zsRRU7J7yoiiN0,photos\localisy16792_1.jpg,,,,,Financial Services,Mutual Funds,New Panvel
Nayna Financial Solutions,"02, Executive Residency, Plot No.08, Sector- 12, Matheran Road., Sector 12, New Panvel East, Panvel, New Panvel, Panvel, Maharashtra 410206, India",,Panvel,Panvel,Maharashtra,410206,,5,5,"consultant, finance, service, point_of_interest, establishment",18.9989076,73.1257863,localisy025714,ChIJVVVViVzo5zsRuFHBIojUDbo,photos\localisy16803_1.jpg,,,,,Financial Services,Investment Advisors,New Panvel
Sharekhan,"104 , Sector 9, Gurudwara Rd, Sector 8, New Panvel East, Panvel, Maharashtra 410206, India",,Panvel,Panvel,Maharashtra,410206,,,,"finance, point_of_interest, establishment",19.0059819,73.120671,localisy025715,ChIJMTZtok_o5zsRoULYAdzhyhM,,,,,,Financial Services,Stock Brokers,New Panvel
VR ENTERPRISES - Home4uconsultant,"Shop No 10, Ashapura Sadan Cooperative Housing Society, near gopinath munde garden, Sector 9, Khanda Colony, Panvel, Maharashtra 410206, India",,Panvel,Panvel,Maharashtra,410206,8097318682,4.9,13,"real_estate_agency, consultant, service, point_of_interest, establishment",19.007517999999997,73.1126468,localisy025716,ChIJZ51WWEfp5zsR4PjelxBa8l8,photos\localisy16913_1.jpg,,,,,Financial Services,Stock Brokers,New Panvel
Manappuram Finance Limited – Gold Loan,"Mehta House, Fire Station, No. 5-6/19, Vijay Rd, opp. New Panvel, Sector 19, New Panvel East, Panvel, Maharashtra 410206, India",,Panvel,Panvel,Maharashtra,410206,8044926445,4.8,106,"finance, store, point_of_interest, service, establishment",18.9955499,73.11950639999999,localisy025717,ChIJb15IZAHp5zsRNt7bWbNz2Wo,photos\localisy16938_1.jpg,,,,,Financial Services,Money Transfer & Forex,New Panvel
Federal Bank,"1, Vijay Rd, opposite to Fire Station, Sector 19, New Panvel East, Panvel, Navi Mumbai, Panvel, Maharashtra 410206, India",,Panvel,Panvel,Maharashtra,410206,,4.5,91,"bank, consultant, finance, point_of_interest, service, establishment",18.9961847,73.1193736,localisy025718,ChIJwT3rsUPo5zsRVZij0IGKd9Q,photos\localisy16940_1.jpg,,,,,Financial Services,Money Transfer & Forex,New Panvel
Manappuram Finance Limited – Gold Loan,"No. 34, 35, Mindseed Preschool Rd, near Medilife Chemist & General Store, Sector 7, Khanda Colony, Panvel, Maharashtra 410206, India",,Panvel,Panvel,Maharashtra,410206,8044925970,4.8,93,"finance, store, point_of_interest, service, establishment",19.0095289,73.1120153,localisy025719,ChIJX-OsAm_p5zsRZxLkO44UoPM,photos\localisy16942_1.jpg,,,,,Financial Services,Money Transfer & Forex,New Panvel
Muthoot FinCorp Gold Loan,"No. 233, Main Road, opp. Shri Balaji Banquets, Old Panvel, Panvel, Maharashtra 410206, India",,Panvel,Panvel,Maharashtra,410206,8045953607,5,45,"insurance_agency, finance, point_of_interest, service, establishment",18.9855683,73.1112984,localisy025720,ChIJlxprvgPp5zsR6TsqNtFtTqo,photos\localisy16943_1.jpg,,,,,Financial Services,Money Transfer & Forex,New Panvel
Muthoot Finance Gold Loan,"1st Floor, Sree, Shree Siddhivinayak Mahima, No. 1, Vijay Rd, Sector 19, New Panvel East, Panvel, Maharashtra 410206, India",,Panvel,Panvel,Maharashtra,410206,,4.8,111,"insurance_agency, finance, point_of_interest, service, establishment",18.996543799999998,73.1192232,localisy025721,ChIJ8TKeqUXo5zsRGojYyusFKoI,photos\localisy16947_1.jpg,,,,,Financial Services,Money Transfer & Forex,New Panvel
"Unity Small Finance Bank - Panvel, New Delhi","No. 3 to 6, Tejaswini Arcade CHSL, Takka Rd, near Railway Station, Sector 21, Panvel, Maharashtra 410206, India",,Panvel,Panvel,Maharashtra,410206,,4.8,4,"bank, finance, point_of_interest, service, establishment",18.986807199999998,73.11977329999999,localisy025722,ChIJC-8w4NTp5zsRdpaLSHETe68,photos\localisy16951_1.jpg,,,,,Financial Services,Microfinance Institutions,New Panvel
Utkarsh Small Finance Bank - New Panvel Branch,"Shop No 1 to 3, Ground Flr, Shiv Parvati, Plot No 5, Vijay Rd, Sector 4, New Panvel East, Panvel, Maharashtra 410206, India",,Panvel,Panvel,Maharashtra,410206,9975105020,5,5,"bank, finance, point_of_interest, establishment",19.001289099999997,73.1177407,localisy025723,ChIJIyFrxuLp5zsRzXbgetfoqWE,photos\localisy16952_1.jpg,,,,,Financial Services,Microfinance Institutions,New Panvel
"IDFC FIRST Bank Loan Centre - New Panvel, Raigad","Shop No 17-18, Millenium Hilton, Plot No 140, nearby D Mart Road, Sector-1, New Panvel East, Panvel, Maharashtra 410206, India",,Panvel,Panvel,Maharashtra,410206,,3.1,20,"bank, finance, point_of_interest, establishment",19.0029999,73.11652219999999,localisy025724,ChIJNR1WbF3p5zsRvFDuqek87G0,photos\localisy16959_1.jpg,,,,,Financial Services,Microfinance Institutions,New Panvel
Aai ekveera Aquarium and Pet Shop - new panvel,"vimal vadi, at sukapur, Panvel Matheran Rd, next to Balaji Symphony, New Panvel East, Panvel, Shilottar Raichur, Maharashtra 410206, India",,Panvel,Panvel,Maharashtra,410206,9323363124,1,1,"pet_store, store, point_of_interest, establishment",19.0009905,73.1368832,localisy025725,ChIJkby8jlDp5zsRTqjOBD1wjG4,photos\localisy16993_1.jpg,,,,,Pets & Animals,Pet Shops,New Panvel
Dolphin Aquarium,"Shop no. 02, Omkar landmark, usarli khurd Shivkar, road, near Gharkul bus stop, New, Panvel, Moho, Navi Mumbai, Maharashtra 410206, India",,Panvel,Panvel,Maharashtra,410206,7021286959,5,3,"pet_store, store, point_of_interest, establishment",18.9799962,73.1411069,localisy025726,ChIJ62bFx_zp5zsRu9XKSPxUZJg,photos\localisy17018_1.jpg,,,,,Pets & Animals,Pet Shops,New Panvel
Royal Canin,"Shop no 5, Neel Gagan, Sector-1, S New, Panvel, Mumbai, Panvel, Maharashtra 410206, India",,Panvel,Panvel,Maharashtra,410206,9769237999,,,"pet_care, store, point_of_interest, establishment",19.0000183,73.117971,localisy025727,ChIJbdm2IkTo5zsR0ytRu3CNT9c,,,,,,Pets & Animals,Pet Shops,New Panvel
Mb Vet Chem,"106, Sankul, Gokul Amrut Cooperative Housing Society, Plot No. 41, Sector 20, Kamothe, Panvel, Maharashtra 410209, India",,Kamothe,Panvel,Maharashtra,410209,8048616356,3,2,"manufacturer, health, point_of_interest, establishment",19.0165972,73.0964425,localisy025728,ChIJ59Z4ANPp5zsR1vkNVtIDrW8,,,,,,Pets & Animals,Veterinary Clinics,New Panvel
Wisdom Pharma India,"410206, 107, Sector-1, New Panvel East, Panvel, Maharashtra 410206, India",,Panvel,Panvel,Maharashtra,410206,9594136525,5,1,"manufacturer, point_of_interest, establishment",18.999173600000002,73.1170467,localisy025729,ChIJyVe_UH7p5zsRZVtj45Z1ZSo,photos\localisy17176_1.jpg,,,,,Industrial & B2B,Manufacturers,New Panvel
Pharma Valid,"Nav Bharat Chambers, Plot No. 5 & 6, B - 2 - 103, Sector 2, New Panvel East, Panvel, Maharashtra 410206, India",,Panvel,Panvel,Maharashtra,410206,8046057669,5,15,"manufacturer, point_of_interest, establishment",19.0001711,73.11911169999999,localisy025730,ChIJF1C7S1zo5zsR9gSn_zxmolM,photos\localisy17177_1.jpg,,,,,Industrial & B2B,Manufacturers,New Panvel
Chudekar Agro Engg Pvt. Ltd.,"Plot No, 12, Rd Number 5, near Balaji Mandir, Sector-1/s, New Panvel East, Panvel, Maharashtra 410206, India",,Panvel,Panvel,Maharashtra,410206,8047638456,4.6,5,"manufacturer, point_of_interest, establishment",18.998127999999998,73.1165449,localisy025731,ChIJ3RpO3kPo5zsRarSIhZ8sROM,photos\localisy17178_1.jpg,,,,,Industrial & B2B,Manufacturers,New Panvel
Nikisha Chemical Pvt Ltd,"Plot no 74, behind CIDCO Office, Sector 1A, New Panvel East, Panvel, Maharashtra 410206, India",,Panvel,Panvel,Maharashtra,410206,9833105320,3,2,"manufacturer, point_of_interest, establishment",18.996777299999998,73.1174154,localisy025732,ChIJu4ui4EPo5zsR-T0rUjg2Xd8,,,,,,Industrial & B2B,Manufacturers,New Panvel
Limocoat - Lime Plaster Manufacturer | Premium Surface Coatings | Luxury Wall Finishes,"Plot No.124, Rd Number 5, Sector-1, New Panvel East, Panvel, Maharashtra 410206, India",,Panvel,Panvel,Maharashtra,410206,7045788117,4.5,111,"manufacturer, point_of_interest, establishment",18.998631400000004,73.1164371,localisy025733,ChIJZQNrskbo5zsRdEALTXl_G5c,photos\localisy17180_1.jpg,,,,,Industrial & B2B,Manufacturers,New Panvel
Divya Kiran CHS Ltd,"Plot No. 162/63, 64, Road No. 9, Sector 4, New Panvel East, Panvel, Maharashtra 410206, India",,Panvel,Panvel,Maharashtra,410206,,5,2,"manufacturer, point_of_interest, establishment",19.0030477,73.1199611,localisy025734,ChIJm-hun0Xo5zsRqlv-yLicCCU,photos\localisy17181_1.jpg,,,,,Industrial & B2B,Manufacturers,New Panvel
NEXA MUMBAI,"PLOT NO. 118, SEC. 1(S), NEW PANVEL INDUSTRIAL AREA, New Panvel East, Panvel, Maharashtra 410206, India",,Panvel,Panvel,Maharashtra,410206,,4.2,15,"manufacturer, point_of_interest, establishment",18.9994653,73.1166836,localisy025735,ChIJgXxMpkbo5zsR09JU9SFZmCY,photos\localisy17183_1.jpg,,,,,Industrial & B2B,Manufacturers,New Panvel
Kaizen NDT & Engineering Services,"Rd Number 16, Sector-1, New Panvel East, Panvel, Maharashtra 410206, India",,Panvel,Panvel,Maharashtra,410206,9004351698,4.7,15,"corporate_office, consultant, point_of_interest, service, establishment",18.999665099999998,73.1212855,localisy025736,ChIJIbQWYEPo5zsRzo1coJikX90,photos\localisy17188_1.jpg,,,,,Industrial & B2B,Manufacturers,New Panvel
Shakti Pharma Overseas,"Badrinath CHS, Rh-2, Plot no 2, Sector 2, New Panvel East, Panvel, Maharashtra 410206, India",,Panvel,Panvel,Maharashtra,410206,8108095585,5,1,"wholesaler, pharmacy, health, store, manufacturer, point_of_interest, establishment",19.000167599999997,73.1197687,localisy025737,ChIJM9qtkqXp5zsRe9mXnAJXXpk,photos\localisy17190_1.jpg,,,,,Industrial & B2B,Manufacturers,New Panvel
JSW Shoppe - Techno roofing,"Plot No 44, MIDC Road 3, New Panvel East, Sector 1S, Panvel, Maharashtra 410206, India",,Panvel,Panvel,Maharashtra,410206,8879145586,4.6,16,"manufacturer, point_of_interest, establishment",18.997648599999998,73.117516,localisy025738,ChIJM1SjY0Po5zsRUSIrU3xHuwM,photos\localisy17191_1.jpg,,,,,Industrial & B2B,Manufacturers,New Panvel
Janata Plywood & Aluminium,"Shop No.7 & 8, Gahlot Residency, Plot No.98, Sector-1, New Panvel East, Panvel, Maharashtra 410206, India",,Panvel,Panvel,Maharashtra,410206,,4,16,"general_contractor, supplier, manufacturer, point_of_interest, service, establishment",18.9987234,73.1181154,localisy025739,ChIJs3yOCUTo5zsRI0PWWKNdr2k,photos\localisy17194_1.jpg,,,,,Industrial & B2B,Manufacturers,New Panvel
TPV Sales Ltd. (Thakkar Popatlal Velji Sales Limited),"office no. 2, 1st floor, Tulsi Pooja Building, Plot 5 & 7, Sector-1, New Panvel East, Panvel, Maharashtra 410206, India",,Panvel,Panvel,Maharashtra,410206,9833367777,4.4,24,"supplier, point_of_interest, establishment",18.9978063,73.1214313,localisy025740,ChIJQzOFmGzo5zsRYtk2ipNCVGs,photos\localisy17201_1.jpg,,,,,Industrial & B2B,Manufacturers,New Panvel
PP Steel,"S, Plot, Sector no.1s, Road No. 4, New Panvel East, Panvel, Maharashtra 410206, India",,Panvel,Panvel,Maharashtra,410206,9969664602,4.1,7,"supplier, point_of_interest, establishment",18.9981281,73.117694,localisy025741,ChIJn3Y7VYzp5zsRvgdJadOOF4U,photos\localisy17202_1.jpg,,,,,Industrial & B2B,Manufacturers,New Panvel
Verito Engineering Private Limited | Industrial Agitator | Dosing Pump | Dosing System Manufacturer,"Shree Siddhivinayak Enclave, A-103, opp. to Dayanand Anglo Vedic School, Sector 3, New Panvel East, Panvel, Mumbai, Panvel, Maharashtra 410206, India",,Panvel,Panvel,Maharashtra,410206,7990045766,,,"manufacturer, supplier, point_of_interest, establishment",19.0015736,73.12020799999999,localisy025742,ChIJq6qqJ0Xo5zsRUX1aaB9PZG8,photos\localisy17205_1.jpg,,,,,Industrial & B2B,Manufacturers,New Panvel
Shree Samarth Krupa Frame Makers,"Shop No. 26, Shree Ganesh Market, Panvel Matheran Rd, Sector 12, New Panvel East, Panvel, Maharashtra 410206, India",,Panvel,Panvel,Maharashtra,410206,8602342305,5,8,"wholesaler, point_of_interest, service, establishment",18.9977385,73.1230191,localisy025743,ChIJpzqoviLp5zsRtw1nN55XMsA,photos\localisy17206_1.jpg,,,,,Industrial & B2B,Manufacturers,New Panvel
Shreya laser art,"242C+J3G, Sector 3, New Panvel East, Panvel, Navi Mumbai, Panvel, Maharashtra 410206, India",,Panvel,Panvel,Maharashtra,410206,,,,"manufacturer, point_of_interest, establishment",19.0015736,73.12020799999999,localisy025744,ChIJTS0nUADp5zsRwxyqId1Z_WU,,,,,,Industrial & B2B,Manufacturers,New Panvel
Yasavri Multibiz Pvt. Ltd,"Sector 3, New Panvel East, Panvel, Maharashtra 410206, India",,Panvel,Panvel,Maharashtra,410206,,,,"health, point_of_interest, manufacturer, service, establishment",19.0015736,73.12020799999999,localisy025745,ChIJ-1CSy1Dp5zsRmB2J3cnVkR0,photos\localisy17209_1.jpg,,,,,Industrial & B2B,Manufacturers,New Panvel
Reva Technologies,"Shop no 44, RIDDHI SIDDHI RESIDENCY, plot no 53/53A, Sector 3, New Panvel East, Panvel, Maharashtra 410206, India",,Panvel,Panvel,Maharashtra,410206,,5,3,"point_of_interest, establishment",19.0026398,73.1210378,localisy025746,ChIJl8A6DJrp5zsRqehQ903dpjg,photos\localisy17210_1.jpg,,,,,Industrial & B2B,Manufacturers,New Panvel
MH 46 SPORTS (T Shirt printing & manufacturing),"2 nd floor shridhar auto garege building Sector 1 A new, midc area, New Panvel East, Panvel, Maharashtra 410206, India",,Panvel,Panvel,Maharashtra,410206,9892154088,4.1,17,"clothing_store, store, point_of_interest, establishment",18.9968039,73.1167433,localisy025747,ChIJd8K7r0_o5zsRcO0OUnraDO4,photos\localisy17215_1.jpg,,,,,Industrial & B2B,Manufacturers,New Panvel
Sellcom Enterprise,"Plot no. 20, Karna, Karna CHS, Sector 3, New Panvel East, Panvel, Maharashtra 410206, India",,Panvel,Panvel,Maharashtra,410206,8928345602,,,"manufacturer, point_of_interest, establishment",19.001898699999998,73.1198391,localisy025748,ChIJq6qqrkXo5zsRDPp50Y2LeR0,,,,,,Industrial & B2B,Manufacturers,New Panvel
"Kapoor Glass India Pvt. Ltd, Unit 1","238X+WWW Jawahar Co-Operative Industrial Estate, Plot No. 200/201/212, Jawahar Co-op Ind, Kamothe, Panvel, Maharashtra 410209, India",,Kamothe,Panvel,Maharashtra,410209,9820224592,5,13,"manufacturer, point_of_interest, establishment",19.0176166,73.1004055,localisy025749,ChIJY4KUms3p5zsRCqCQ0hCtlXk,,,,,,Industrial & B2B,Manufacturers,New Panvel
Samarth Krupa Dairy,"Sector 2, New Panvel East, Panvel, Maharashtra 410206, India",,Panvel,Panvel,Maharashtra,410206,8830768099,5,1,"point_of_interest, establishment",19.0003401,73.12138209999999,localisy025750,ChIJR0M_IwDp5zsRanyyJcOyy6U,,,,,,Industrial & B2B,Manufacturers,New Panvel
DAY TRADE AND SOLUTIONS,"Rd Number 4, Sector 8, New Panvel East, Panvel, Maharashtra 410206, India",,Panvel,Panvel,Maharashtra,410206,9769995679,5,8,"supplier, point_of_interest, establishment",19.0024832,73.1209985,localisy025751,ChIJwYHurQ_p5zsRxsY72HFtyEs,photos\localisy17224_1.jpg,,,,,Industrial & B2B,Manufacturers,New Panvel
HIND BATTERY & INVERTER,"Neel cristal CHS, sector 08, Plot no. 101, 102, Shop no. 05, Near Autostand, Sector 3, New Panvel East, Panvel, Maharashtra 410206, India",,Panvel,Panvel,Maharashtra,410206,8271974331,,,"wholesaler, point_of_interest, establishment",19.0015736,73.12020799999999,localisy025752,ChIJ0XsGOYHp5zsRdPaSGUKMA4o,photos\localisy17228_1.jpg,,,,,Industrial & B2B,Manufacturers,New Panvel
Janai devi fruit shop,"Gokul Building, shop no 1, Sector 4, Rd Number 10, Sector 4, New Panvel East, Panvel, Maharashtra 410206, India",,Panvel,Panvel,Maharashtra,410206,9372676590,5,4,"wholesaler, point_of_interest, establishment",19.0030657,73.12045739999999,localisy025753,ChIJTwfGLZ3p5zsRQRI31blKOGY,photos\localisy17233_1.jpg,,,,,Industrial & B2B,Manufacturers,New Panvel
DS TRADERS,"Shop no 9, GINI PLAZA, Plot no D-13, Sector 6, New Panvel East, New Panvel CHS, Panvel, Maharashtra 410206, India",,Panvel,Panvel,Maharashtra,410206,9833144883,5,2,"supplier, wholesaler, point_of_interest, establishment",19.0103982,73.11666679999999,localisy025754,ChIJKURsZQDp5zsRqA7UpbuyZFI,photos\localisy17240_1.jpg,,,,,Industrial & B2B,Suppliers,New Panvel
Raghuvans Enterprises,"plot 50, Sector 1A, New Panvel East, Panvel, Maharashtra 410206, India",,Panvel,Panvel,Maharashtra,410206,9820826354,5,3,"home_goods_store, supplier, store, manufacturer, point_of_interest, establishment",18.9973717,73.1172129,localisy025755,ChIJlTTTGxLp5zsRUfN85q_vCDw,photos\localisy17244_1.jpg,,,,,Industrial & B2B,Suppliers,New Panvel
Jaypee Enterprises,"Shop No 7, Abhideep Apartment, Uran Naka, Old Panvel, Panvel, Maharashtra 410206, India",,Panvel,Panvel,Maharashtra,410206,8108909955,4.6,7,"supplier, wholesaler, point_of_interest, establishment",18.9825597,73.1078819,localisy025756,ChIJex722xLo5zsRztCGX0Cceds,,,,,,Industrial & B2B,Suppliers,New Panvel
SAI ENTERPRISE,"Shop no 2, Sector 13, New Panvel East, Panvel, Vihighar, Panvel, Maharashtra 410206, India",,Panvel,Panvel,Maharashtra,410206,9022222845,4.8,8,"wholesaler, food_store, store, food, point_of_interest, establishment",18.996167099999997,73.12791179999999,localisy025757,ChIJ6wbJDJvp5zsRYduZufQbIO0,photos\localisy17249_1.jpg,,,,,Industrial & B2B,Suppliers,New Panvel
Nagrik Enterprises,"Shop No. 19, CIDCO Shopping Center, behind Vishwash Bazar, Sector 01, New Panvel East, Panvel, Maharashtra 410206, India",,Panvel,Panvel,Maharashtra,410206,9773778767,3,3,"home_goods_store, store, point_of_interest, establishment",18.998422899999998,73.1224147,localisy025758,ChIJPUzuy8Lp5zsRCdVF3EzPi74,photos\localisy17250_1.jpg,,,,,Industrial & B2B,Suppliers,New Panvel
Admirus Marksol Private Limited,"B-302, Prajapati Cascade, Sector-1, New Panvel East, Panvel, Mumbai, Panvel, Maharashtra 410206, India",,Panvel,Panvel,Maharashtra,410206,,5,3,"wholesaler, health, manufacturer, point_of_interest, establishment",18.9988186,73.12213369999999,localisy025759,ChIJIU6ykmXp5zsR0RSlxIh8R1M,photos\localisy17255_1.jpg,,,,,Industrial & B2B,Suppliers,New Panvel
Kamal Distributors Pvt. Ltd.,"1st/2nd /3rd floor, Neel Pride Cooperative Housing Society, JJ WOODS, Plot no 14, nr. CNG PUMP, Sector 15, Panvel Industrial Estate, Panvel, Maharashtra 410206, India",,Panvel,Panvel,Maharashtra,410206,,3.7,15,"wholesaler, point_of_interest, establishment",18.998950999999998,73.1113261,localisy025760,ChIJYXsh9UTo5zsREMgX31M8VDo,photos\localisy17256_1.jpg,,,,,Industrial & B2B,Suppliers,New Panvel
Panvel Plywood,"Plot 59 sector 1/s, behind Hp gas, Sector 1A, New Panvel East, Panvel, Maharashtra 410206, India",,Panvel,Panvel,Maharashtra,410206,7021239890,4.6,10,"general_contractor, store, point_of_interest, service, establishment",18.9972527,73.1182724,localisy025761,ChIJcbFcXYzp5zsR7La3TS90N5c,photos\localisy17260_1.jpg,,,,,Industrial & B2B,Suppliers,New Panvel
Shubham Plywood,"X4XC+487 Saffron Co-Operative Housing Society, Panvel Matheran Rd, Sector-1, New Panvel East, Panvel, Maharashtra 410206, India",,Panvel,Panvel,Maharashtra,410206,9820227871,4.7,9,"building_materials_store, store, point_of_interest, establishment",18.997766000000002,73.1208864,localisy025762,ChIJe7bpcUPo5zsRqYrz2Pnw13Y,photos\localisy17267_1.jpg,,,,,Industrial & B2B,Suppliers,New Panvel
Om Sai Enterprises,"CIDCO Market, Sector - 10, New Panvel East, W, Panvel, Maharashtra 410206, India",,Panvel,Panvel,Maharashtra,410206,,4,1,"snack_bar, meal_takeaway, wholesaler, manufacturer, grocery_store, food_store, supplier, store, restaurant, food, point_of_interest, establishment",19.0057676,73.11163549999999,localisy025763,ChIJrTFSOUjo5zsR-e3o6vxF9bM,,,,,,Industrial & B2B,Suppliers,New Panvel
JNK Fusion,"Shop No. 18, Vilasrao Deshmukh Vyapari Sankul, Plot No. 241/242, near Chhatrapati Shivaji Maharaj Chowk, Old Panvel, Panvel, Maharashtra 410206, India",,Panvel,Panvel,Maharashtra,410206,8828160583,5,2,"wholesaler, supplier, point_of_interest, service, establishment",18.9877882,73.109535,localisy025764,ChIJ59EAVvHp5zsRtDpf7qiAvMs,photos\localisy17275_1.jpg,,,,,Industrial & B2B,Suppliers,New Panvel
New siddhi traders,"Shop no 01 house no 388 anandi nagar sukapur Near mari aai hotel / HP petrol pump / mumbai pune exp, Matheran Rd, Siddhi Society, Sukapur, New Panvel East, Panvel, Palidevad, Maharashtra 410206, India",,Panvel,Panvel,Maharashtra,410206,9029737464,5,1,"building_materials_store, market, store, point_of_interest, establishment",18.9996352,73.1315614,localisy025765,ChIJ_ZG4MVno5zsRKtyg-FvNIcU,,,,,,Industrial & B2B,Suppliers,New Panvel
Good ply,"near BHARAT GAS, New Panvel East, Panvel, Maharashtra 410206, India",,Panvel,Panvel,Maharashtra,410206,9920743853,3.9,10,"building_materials_store, store, point_of_interest, establishment",18.998798,73.1181333,localisy025766,ChIJdQAAAEXo5zsRQlKgDcqRbJg,photos\localisy17280_1.jpg,,,,,Industrial & B2B,Suppliers,New Panvel
UNIQUE ENTERPRISES,"Shop No 01, Kopra, Sector 10, Kharghar, Panvel, Maharashtra 410210, India",,Kharghar,Panvel,Maharashtra,410210,9967295224,5,1,"wholesaler, point_of_interest, establishment",19.0369897,73.0739747,localisy025767,ChIJvbTNQ9_D5zsRMiJoQkj7Tfk,,,,,,Industrial & B2B,Suppliers,New Panvel
Chamunda Packaging,"2447+QJH, Khanda Colony, Sector 9, Khanda Colony, Panvel, Maharashtra 410206, India",,Panvel,Panvel,Maharashtra,410206,9867707079,4,2,"store, point_of_interest, establishment",19.006946499999998,73.1141246,localisy025768,ChIJ88B5GEjo5zsRGEuQFtQZ6Hg,photos\localisy17309_1.jpg,,,,,Industrial & B2B,Packaging,New Panvel
Ansh Enterprises,"Building No. 1, Dharma Niwas, Matheran Rd, Sukapur, New Panvel East, Panvel, Palidevad, Maharashtra 410206, India",,Panvel,Panvel,Maharashtra,410206,9892138908,5,1,"wholesaler, manufacturer, home_goods_store, store, point_of_interest, establishment",19.000429300000004,73.1318428,localisy025769,ChIJwdYGEknp5zsRAlt6za_QdPU,photos\localisy17314_1.jpg,,,,,Industrial & B2B,Packaging,New Panvel
EXIM PACKERS,"E-106, Neel Lake View, Sector - 6, Greater Khanda, Panvel, Maharashtra 410206, India",,Panvel,Panvel,Maharashtra,410206,,4.7,3,"manufacturer, transportation_service, supplier, store, point_of_interest, establishment",19.0112937,73.1099429,localisy025770,ChIJdwAAMEro5zsRSGW5g2Cw1jY,photos\localisy17322_1.jpg,,,,,Industrial & B2B,Packaging,New Panvel
BAAYO (Roots Reimagined Pvt. Ltd),"Shop E010, Vasant Vihar Soc, Panvel Matheran Rd, opp. Shree Hospital, Sukapur, New Panvel East, Panvel, Navi Mumbai, Shilottar Raichur, Maharashtra 410206, India",,Panvel,Panvel,Maharashtra,410206,7710826604,4.9,17,"point_of_interest, establishment",19.0013145,73.1357209,localisy025771,ChIJAVjPjkPp5zsRCZ72UFNXGPQ,photos\localisy17323_1.jpg,,,,,Industrial & B2B,Packaging,New Panvel
Shifa Enterprises- Best/ Big Wholesaler,"Shop no. 1 ,2, Matheran Rd, opposite to The Cake World, near Hotel mari aai Yugantak stop, Mangaldeep Society, Sukapur, New Panvel East, Panvel, Palidevad, Maharashtra 410206, India",,Panvel,Panvel,Maharashtra,410206,7208316791,5,30,"point_of_interest, establishment",19.0002738,73.1319438,localisy025772,ChIJacKQUCHp5zsREdhedriAOlk,photos\localisy17332_1.jpg,,,,,Industrial & B2B,Packaging,New Panvel
The Roti House (Chapati Supplier),"ROOM NO-04, PL 5, BUILDING NO- 40, Sector 17, New Panvel East, Panvel, Maharashtra 410206, India",,Panvel,Panvel,Maharashtra,410206,7208771607,5,39,"wholesaler, manufacturer, supplier, food, point_of_interest, establishment",18.9931855,73.1241282,localisy025773,ChIJ4RrSLJHp5zsRvcnWZoxzwi0,photos\localisy17340_1.jpg,,,,,Industrial & B2B,Packaging,New Panvel
Shiv krupa logistics solutions,"X4WG+JGF, Unnamed Road, Sector 13, New Panvel East, Panvel, Maharashtra 410206, India",,Panvel,Panvel,Maharashtra,410206,,5,1,"corporate_office, point_of_interest, establishment",18.9965528,73.1262995,localisy025774,ChIJTYBHZ3Tp5zsRIF8JdxloObs,,,,,,Industrial & B2B,Logistics,New Panvel
Sai Krupa Logistic,"Shop Number 26, Anmol Planet Sector Number 10 Plot Number 211, New Panvel East, Kharghar, Mumbai, Panvel, Maharashtra 410210, India",,Kharghar,Panvel,Maharashtra,410210,8779450005,5,1,"transportation_service, point_of_interest, establishment",19.0327892,73.0734322,localisy025775,ChIJnUtfGW3C5zsR-SyvVaAzSac,,,,,,Industrial & B2B,Logistics,New Panvel
TCI Freight,"TCI XPS Rohinjan,, OLS NH-4,, Panvel Mumbai Road,, Taleja post,Panvel Taluk, Raigarh, Karna CHS, Sector 3, New Panvel East, Panvel, Rohinjan, Panvel, Maharashtra 410206, India",,Panvel,Panvel,Maharashtra,410206,,2.3,3,"transportation_service, point_of_interest, establishment",19.001658,73.11955499999999,localisy025776,ChIJNeJyrUXo5zsRUa3OX2wvh7k,photos\localisy17401_1.jpg,,,,,Industrial & B2B,Logistics,New Panvel
Shree Samarth Engineering,"Plot No, Shree Samarth Engineering, 18, Rd Number 5, behind CIDCO Office, Sector-1, New Panvel East, Panvel, Maharashtra 410206, India",,Panvel,Panvel,Maharashtra,410206,7738190020,4.3,8,"supplier, wholesaler, point_of_interest, manufacturer, service, establishment",18.998421099999998,73.11741289999999,localisy025777,ChIJCamJnofp5zsRmAj8Ld5e9KE,photos\localisy17410_1.jpg,,,,,Industrial & B2B,Machinery,New Panvel
As Machine Power Tools,"Shop No. 2, Dastan phata, jasai uran Highway, near Chhatrapati Shivaji Maharaj Chowk, Line Ali, Old Panvel, Panvel, Maharashtra 410206, India",,Panvel,Panvel,Maharashtra,410206,9082518090,,,"point_of_interest, service, establishment",18.9899882,73.11259369999999,localisy025778,ChIJYW2Hc9bp5zsRoNbw-tYwW4g,photos\localisy17420_1.jpg,,,,,Industrial & B2B,Machinery,New Panvel
PARVATI ENTERPRISES,"Haripriya Apartment, 20, Rd Number 3, Karna CHS, Sector 12, Panvel, Maharashtra 410206, India",,Panvel,Panvel,Maharashtra,410206,9920463777,5,19,"moving_company, shipping_service, building_materials_store, general_contractor, transportation_service, store, point_of_interest, service, establishment",18.997791,73.12371499999999,localisy025779,ChIJadpXtlzo5zsRpqP4mDq5PQE,photos\localisy17427_1.jpg,,,,,Industrial & B2B,Machinery,New Panvel
IMAX TAILORS,"Shop No 3, Kamal Kunj CHS, Plot No 83, Sector 8, New Panvel East, Panvel, Maharashtra 410206, India",,Panvel,Panvel,Maharashtra,410206,7739192011,4.9,8,"manufacturer, supplier, store, point_of_interest, establishment",19.0056457,73.1208027,localisy025780,ChIJtxKMd0rp5zsR0beErieMNa0,photos\localisy17428_1.jpg,,,,,Industrial & B2B,Machinery,New Panvel
A to Z SPARE PARTS,"Shop No 3, Sagar Deep, Khanda Colony, Sec 7, New Panvel East, W, Panvel, Maharashtra 410206, India",,Panvel,Panvel,Maharashtra,410206,7037472865,5,5,"store, point_of_interest, establishment",19.0104698,73.11225499999999,localisy025781,ChIJKW4AdQzp5zsRtWFWPDcI-xo,photos\localisy17435_1.jpg,,,,,Industrial & B2B,Machinery,New Panvel
Ganga Trading,"Shop Number 4, Number 9, Sai Baba Apartment, Plot Number 10 Sector, Khanda Colony, Sector 9, New Panvel East, Panvel, Mumbai, Panvel, Maharashtra 410206, India",,Panvel,Panvel,Maharashtra,410206,7710889383,,,"manufacturer, supplier, point_of_interest, establishment",19.006923,73.11399759999999,localisy025782,ChIJUy52q0no5zsRdD1t1dO3QEk,photos\localisy17438_1.jpg,,,,,Industrial & B2B,Machinery,New Panvel
Prashant Flour Mill,"X4RG+V4R, Sector 15A, New Panvel East, Panvel, Maharashtra 410206, India",,Panvel,Panvel,Maharashtra,410206,,3.6,7,"food, point_of_interest, manufacturer, establishment",18.9922269,73.1252633,localisy025783,ChIJ4U5OYR3p5zsRoCdHsMs4SOE,photos\localisy17446_1.jpg,,,,,Industrial & B2B,Machinery,New Panvel
ONUS Engineering,"S, Plot No. 51, Rd Number 3, behind CIDCO Office, Sector-1, New Panvel East, Panvel, Navi Mumbai, Panvel, Maharashtra 410206, India",,Panvel,Panvel,Maharashtra,410206,9821338114,4.1,24,"point_of_interest, consultant, service, establishment",18.9974183,73.1173695,localisy025784,ChIJww0F4kPo5zsRZGiiD0dhr8A,photos\localisy17450_1.jpg,,,,,Industrial & B2B,Machinery,New Panvel
MTEKSONIC ULTRASONIC INNOVATIONS,"B/001, Classic Sterling Co-operative Society, Plot No. 84 Sector -08, Sector 8, New Panvel East, Panvel, Maharashtra 410206, India",,Panvel,Panvel,Maharashtra,410206,8779681396,5,1,"supplier, point_of_interest, manufacturer, establishment",19.0055135,73.1205307,localisy025785,ChIJxfkHp2bo5zsRnF3g5ydaLXw,photos\localisy17452_1.jpg,,,,,Industrial & B2B,Machinery,New Panvel
New Panvel Railway Ticket Counter (East),"X4RF+C4F, Sector 15, New Panvel East, Panvel, Maharashtra 410206, India",,Panvel,Panvel,Maharashtra,410206,,3.7,175,"train_ticket_office, transportation_service, point_of_interest, establishment",18.991072300000003,73.12280489999999,localisy025786,ChIJVW5Sd2jo5zsRoBiNypXD-Qs,photos\localisy17455_1.jpg,,,,,Industrial & B2B,Machinery,New Panvel
Pramila chapati supplier,"Sector 06, Shop no. 19, Maruti niwas, Plot no. B-37, Sector 6, New Panvel East, Panvel, Maharashtra 410206, India",,Panvel,Panvel,Maharashtra,410206,7021671991,4.6,9,"supplier, store, point_of_interest, manufacturer, establishment",19.0098832,73.1167415,localisy025787,ChIJQ-iczsnp5zsRP3heMFVVE-c,photos\localisy17457_1.jpg,,,,,Industrial & B2B,Machinery,New Panvel
ShivShankar dairy new Panvel,"Marutirachna. Soc, Sector 7, New Panvel East, Panvel, Maharashtra 410206, India",,Panvel,Panvel,Maharashtra,410206,9561814752,4.7,6,"ranch, farm, point_of_interest, service, establishment",19.0077,73.11886779999999,localisy025788,ChIJdQAAAEXo5zsRWTKz6Zjs9Xs,photos\localisy17461_1.jpg,,,,,Industrial & B2B,Machinery,New Panvel
Printofus,"Tirthraj CHS Ltd, PL-5B, Khanda Colony, Sector 9, Greater Khanda, Panvel, Maharashtra 410206, India",,Panvel,Panvel,Maharashtra,410206,,5,45,"manufacturer, service, store, point_of_interest, establishment",19.0059895,73.10884279999999,localisy025789,ChIJAXzFFpLp5zsRN_vbjoakIAE,photos\localisy17487_1.jpg,,,,,Industrial & B2B,Printing Press,New Panvel
PREMIUM XEROX,"Shop No 18/19, Omkar Arcade, Plot 24, Sector 15A, New Panvel East, Panvel, Maharashtra 410206, India",,Panvel,Panvel,Maharashtra,410206,9867514622,4.9,25,"store, manufacturer, service, point_of_interest, establishment",18.991885,73.1232888,localisy025790,ChIJpfzCi6np5zsRYWKaSp8_X9o,photos\localisy17505_1.jpg,,,,,Industrial & B2B,Printing Press,New Panvel
Shree Graphics,"Sai Tej, Shop no 6, PLOT NO.- 88, 11, Sector 19, New Panvel East, Panvel, Maharashtra 410206, India",,Panvel,Panvel,Maharashtra,410206,8692090909,3.3,6,"service, point_of_interest, establishment",18.9958118,73.1217602,localisy025791,ChIJK-i330Lo5zsRzKf7NPfC-18,photos\localisy17510_1.jpg,,,,,Industrial & B2B,Printing Press,New Panvel
Deep Jumbo Xerox,"Shop No. 13, Gayatri CHS, near B C Thakur Law Collage, Sector 11, New Panvel East, Panvel, Maharashtra 410206, India",,Panvel,Panvel,Maharashtra,410206,9892388061,5,2,"manufacturer, service, store, point_of_interest, establishment",19.0034639,73.11190979999999,localisy025792,ChIJAerFWrPp5zsRG0p_whkvDxU,photos\localisy17513_1.jpg,,,,,Industrial & B2B,Printing Press,New Panvel
digi work by nabiha,"Sector 3, New Panvel East, Panvel, Navi Mumbai, Panvel, Maharashtra 410206, India",,Panvel,Panvel,Maharashtra,410206,,,,"service, point_of_interest, establishment",19.0015736,73.12020799999999,localisy025793,ChIJG2IACWPp5zsRkDZwl2Ci3wg,,,,,,Industrial & B2B,Printing Press,New Panvel
Salman old paper mart,"Mehek, no 11 plot n, SHOP, A17, Sector 12, Kharghar, Panvel, Maharashtra 410210, India",,Kharghar,Panvel,Maharashtra,410210,9967401087,,,"auto_parts_store, car_repair, service, store, point_of_interest, establishment",19.0460976,73.0677336,localisy025794,ChIJr7BWjV_D5zsRMwHQizno3tg,photos\localisy17687_1.jpg,,,,,Industrial & B2B,Scrap Dealers,New Panvel
Multiverse Gaming Arena,"Shop no. 11, Sai Sahaniwas, Plot 3, Panvel Matheran Rd, Sector-1, New Panvel East, Panvel, Maharashtra 410206, India",,Panvel,Panvel,Maharashtra,410206,,5,6,"store, point_of_interest, establishment",18.9980925,73.121937,localisy025795,ChIJc4fD_UHp5zsRH1dGn3q45vg,photos\localisy17761_1.jpg,,,,,Entertainment & Leisure,Gaming Zones,New Panvel
Vortex gaming,"prajapati ORNATE, shop no, 1st floor, 5 & 6, above lenskart shop, Sector-10, New Panvel East, Panvel, Maharashtra 410206, India",,Panvel,Panvel,Maharashtra,410206,9819293941,4.8,32,"store, point_of_interest, establishment",19.0016432,73.1256446,localisy025796,ChIJJwrK10Lp5zsRWlfqvnLMEYM,photos\localisy17762_1.jpg,,,,,Entertainment & Leisure,Gaming Zones,New Panvel
Gaming cafe,"Gini Park, Plot No 26, Sector 16, New Panvel East, Panvel, Maharashtra 410206, India",,Panvel,Panvel,Maharashtra,410206,,5,1,"store, point_of_interest, establishment",18.9884918,73.1281757,localisy025797,ChIJU4uSOQDp5zsR4oJlh5HLhNk,,,,,,Entertainment & Leisure,Gaming Zones,New Panvel
ZEROPOINT5,"Shop no 26, Kalpataru Arcade, Zero Point 5, Sec 04, Vijay Rd, Sector 4, New Panvel East, Panvel, Mumbai, Panvel, Maharashtra 410206, India",,Panvel,Panvel,Maharashtra,410206,9920520732,5,4,"video_arcade, store, point_of_interest, establishment",19.0028212,73.1173968,localisy025798,ChIJq4rwKHvp5zsRfr5kR9rL8DM,photos\localisy17781_1.jpg,,,,,Entertainment & Leisure,Gaming Zones,New Panvel
Gaming house,"Shop no 14, Gini Park, Sector 16, New Panvel East, Panvel, Maharashtra 410206, India",,Panvel,Panvel,Maharashtra,410206,9702442076,3.9,12,"store, point_of_interest, establishment",18.988478999999998,73.1280791,localisy025799,ChIJXdPCRgDp5zsRW60319318Dg,photos\localisy17782_1.jpg,,,,,Entertainment & Leisure,Gaming Zones,New Panvel
SS Gaming,"Shop No.3, Maitreya CHS, Sector - 1, Khanda Colony, Panvel, Maharashtra 410206, India",,Panvel,Panvel,Maharashtra,410206,7045604125,5,6,"store, point_of_interest, establishment",19.0077443,73.109518,localisy025800,ChIJGcQ-Xsnp5zsRxMIwnc8LA5E,photos\localisy17783_1.jpg,,,,,Entertainment & Leisure,Gaming Zones,New Panvel
CYBER CAFE Sunrise I Way,"Neel Castle Building, Shop No.11, Plot No.53, Sector-3, Sector-9, New Panvel East, Panvel, Maharashtra 410206, India",,Panvel,Panvel,Maharashtra,410206,9819606463,3.8,36,"internet_cafe, travel_agency, store, point_of_interest, manufacturer, service, establishment",19.002036699999998,73.1210354,localisy025801,ChIJyfhAG0Xo5zsRMmKRJFgNnbA,photos\localisy17807_1.jpg,,,,,Entertainment & Leisure,Gaming Zones,New Panvel
New Podi Sport Club,"410206, Triveni Society, Sector 16, New Panvel East, Panvel, Maharashtra 410206, India",,Panvel,Panvel,Maharashtra,410206,,4.3,18,"park, point_of_interest, establishment",18.9929645,73.1266536,localisy025802,ChIJ94VXemfo5zsRZRzF8UlPDZA,photos\localisy17814_1.jpg,,,,,Entertainment & Leisure,Sports Clubs,New Panvel
Dawn Athletes,"Naya Nagar, Forest Colony, Panvel, Maharashtra 410206, India",,Panvel,Panvel,Maharashtra,410206,9082626591,5,25,"sports_club, association_or_organization, point_of_interest, establishment",18.9894007,73.1175162,localisy025803,ChIJWdtQDFDp5zsRjG6SZCaq8A0,photos\localisy17817_1.jpg,,,,,Entertainment & Leisure,Sports Clubs,New Panvel
Venom sports Football Academy,"SOCCERCITY TURF, Sukapur Rd, near Balaji Symphony, Sukapur, Panvel, Shilottar Raichur, Maharashtra 410206, India",,Panvel,Panvel,Maharashtra,410206,9594979090,4.9,67,"point_of_interest, establishment",19.0010846,73.1345628,localisy025804,ChIJJ9AiBFjp5zsRgYlG53yJn4Y,photos\localisy17823_1.jpg,,,,,Entertainment & Leisure,Sports Clubs,New Panvel
PINNACLE YOUTH SPORTS FOUNDATION,"SOCCERCITY TURF, Sukapur Rd, Matoshri Nagar Cooperative Housing Society, New Panvel East, Panvel, Shilottar Raichur, Maharashtra 410206, India",,Panvel,Panvel,Maharashtra,410206,,,,"sports_club, association_or_organization, point_of_interest, establishment",19.0011618,73.13665329999999,localisy025805,ChIJbQdylAfp5zsRv8kUnjLxSFc,photos\localisy17831_1.jpg,,,,,Entertainment & Leisure,Sports Clubs,New Panvel
Fencing Coaching Center,"Bhoir Sports Complex, Sector 6, New Panvel East, Panvel, Maharashtra 410206, India",,Panvel,Panvel,Maharashtra,410206,9768648282,4.9,54,"sports_club, association_or_organization, point_of_interest, establishment",19.0063532,73.11779059999999,localisy025806,ChIJtQIKmqLp5zsR5OFFHgVDE8M,photos\localisy17844_1.jpg,,,,,Entertainment & Leisure,Sports Clubs,New Panvel
New Panvel Cricket Academy(NPCA),"Aadhy krantiveer school, sec 6New, Vasudev Balwant Phadke Rd, New Panvel East, Panvel, Maharashtra 410206, India",,Panvel,Panvel,Maharashtra,410206,7208185613,4.7,44,"point_of_interest, establishment",18.987816799999997,73.11536,localisy025807,ChIJCV5utMDp5zsRtCYSQ3NVx_s,photos\localisy17845_1.jpg,,,,,Entertainment & Leisure,Sports Clubs,New Panvel
Rajiv Gandhi Ground,"297, Panvel Matheran Rd, Yamuna Kunj, Sector-10, New Panvel East, Panvel, Maharashtra 410206, India",,Panvel,Panvel,Maharashtra,410206,,3.9,461,"playground, athletic_field, sports_activity_location, point_of_interest, establishment",19.0016003,73.12662089999999,localisy025808,ChIJ394Er1vo5zsRuGasHwxw4hk,photos\localisy17855_1.jpg,,,,,Entertainment & Leisure,Sports Clubs,New Panvel
"MORYA XI CRICKET CLUB,NEW PANVEL","410206, Sector 13, New Panvel East, Panvel, Maharashtra 410206, India",,Panvel,Panvel,Maharashtra,410206,8007779403,4.5,8,"sports_club, point_of_interest, association_or_organization, establishment",18.9973948,73.1272745,localisy025809,ChIJfRyJRlzo5zsRN8uUit3UdN4,photos\localisy17857_1.jpg,,,,,Entertainment & Leisure,Sports Clubs,New Panvel
Camp Dreamscape,"surve no 16/24 ,maldunge, near gadeshwar dam, panvel, Navi Mumbai, Maldunge, Maharashtra 410206, India",,Panvel,Panvel,Maharashtra,410206,7900997700,4.1,474,"campground, adventure_sports_center, picnic_ground, sports_complex, lodging, sports_activity_location, restaurant, food, point_of_interest, establishment",19.0292408,73.2465449,localisy025810,ChIJ2YJ51mPv5zsRG5Lz2c_S_HM,photos\localisy17887_1.jpg,,,,,Entertainment & Leisure,Escape Rooms,New Panvel
"Letscampout camp dreamscape, Panvel","26JW+65F, Maldunge, Maharashtra 410206, India",,Panvel,Panvel,Maharashtra,410206,9819813493,3.8,205,"point_of_interest, establishment",19.029634599999998,73.2460042,localisy025811,ChIJB1PJL_Lv5zsREDhFXYOd0eg,photos\localisy17895_1.jpg,,,,,Entertainment & Leisure,Escape Rooms,New Panvel
ADAI WATERFALL,"Adai, Maharashtra 410206, India",,Panvel,Panvel,Maharashtra,410206,,4.4,613,"tourist_attraction, point_of_interest, establishment",19.0136871,73.1366839,localisy025812,ChIJpR4BmUzp5zsRmkI9MdaQDGk,photos\localisy17898_1.jpg,,,,,Entertainment & Leisure,Escape Rooms,New Panvel
Shaheed Tushar Shamrao Chavan Udyan,"242F+3FM, Ganesh market, Sector 11, New Panvel East, Panvel, Navi Mumbai, Panvel, Maharashtra 410206, India",,Panvel,Panvel,Maharashtra,410206,,4.3,1243,"park, tourist_attraction, point_of_interest, establishment",19.0002168,73.12368,localisy025813,ChIJNS4GSVvo5zsRd9hY58HdT7Y,photos\localisy17901_1.jpg,,,,,Entertainment & Leisure,Escape Rooms,New Panvel
Nexora Pools and Spa,"Phoolrani CHS, Plot No - B2, behind National Complex, Sector 6, New Panvel East, Panvel, Maharashtra 410206, India",,Panvel,Panvel,Maharashtra,410206,,,,"general_contractor, service, point_of_interest, establishment",19.008236399999998,73.1166461,localisy025814,ChIJTe9-Qtnp5zsRX63cB58MiaM,photos\localisy17924_1.jpg,,,,,Entertainment & Leisure,Swimming Pools,New Panvel
Uncodez,"Neel Sankalp, Sector 5, New Panvel East, Panvel, Mumbai, Panvel, Maharashtra 410206, India",,Panvel,Panvel,Maharashtra,410206,9354992217,4.4,7,"marketing_consultant, consultant, point_of_interest, service, establishment",19.0047112,73.117674,localisy025815,ChIJE863yJ42Cy4Rn0vdd4UeuEQ,photos\localisy17953_1.jpg,,,,,Digital & Technology,Software Companies,New Panvel
Wherrelz IT Solutions Ltd,"Plot 15, Rd Number 10, Sector-1, New Panvel East, Panvel, Maharashtra 410206, India",,Panvel,Panvel,Maharashtra,410206,9811221082,5,1,"point_of_interest, establishment",18.997801499999998,73.11885730000002,localisy025816,ChIJ0fsBB9np5zsRlXthLi2xd80,,,,,,Digital & Technology,Software Companies,New Panvel
Niel's Tech & Consultancy,"Shrawan CHS, Sector 12, New Panvel East, Panvel, Maharashtra 410206, India",,Panvel,Panvel,Maharashtra,410206,8652111339,5,7,"service, point_of_interest, establishment",18.9985954,73.1247849,localisy025817,ChIJm8vPUC7p5zsRWBgo346k-DI,photos\localisy17964_1.jpg,,,,,Digital & Technology,Software Companies,New Panvel
MMT Software Services LLP,"Unit 2, Vrindavan Society, Plot 2, Sector 15, New Panvel East, Panvel, Maharashtra 410206, India",,Panvel,Panvel,Maharashtra,410206,7208413956,,,"point_of_interest, establishment",18.9928138,73.1261238,localisy025818,ChIJAQAAMGTo5zsRGBI7eZ52ZA4,,,,,,Digital & Technology,Software Companies,New Panvel
AltCtrlFix Softwares and Business Consultancy Services,"Office No.31, Shri Unity Complex, Malewadi, Panvel Matheran Rd, Sector-10, New Panvel East, Panvel, Maharashtra 410206, India",,Panvel,Panvel,Maharashtra,410206,9324558235,1,1,"point_of_interest, establishment",18.9989395,73.12513419999999,localisy025819,ChIJe09QFfzp5zsRvWJQBDwvYb8,photos\localisy17970_1.jpg,,,,,Digital & Technology,Software Companies,New Panvel
ParkInNow,"001,RIDHIMA APARTMENT ,GROUND FLR, Sector 4, New Panvel East, Panvel, Navi Mumbai, Panvel, Maharashtra 410206, India",,Panvel,Panvel,Maharashtra,410206,,,,"point_of_interest, establishment",19.0032916,73.1183384,localisy025820,ChIJCZjGRE3p5zsRiwHae9LEX88,,,,,,Digital & Technology,Software Companies,New Panvel
Projaxis Solutions,"A-404, Balaji Kalash Phase 1 CHS Adai Road near ST George School, New Panvel East, Adaigaon, Adai, Maharashtra 410206, India",,Panvel,Panvel,Maharashtra,410206,9867757002,,,"manufacturer, service, point_of_interest, supplier, establishment",19.0071828,73.1273064,localisy025821,ChIJ7XfuvtLp5zsRYSpZeBpUE9Q,,,,,,Digital & Technology,Software Companies,New Panvel
Geonet It Mall Pvt Ltd,"Sector 1 A, Sector-1, New Panvel East, Raigad, Mumbai, Panvel, Maharashtra 410206, India",,Panvel,Panvel,Maharashtra,410206,7666680329,4,2,"service, point_of_interest, establishment",18.9983884,73.1206224,localisy025822,ChIJ____e0Po5zsR-QfyRqqJGd8,,,,,,Digital & Technology,Software Companies,New Panvel
Augment Reach : Website Development & Digital Marketing Services,"NMS 17 WEST, Khandeshwar Rd, near Income Tax Office, Sector 17, Greater Khanda, Panvel, Maharashtra 410206, India",,Panvel,Panvel,Maharashtra,410206,9326901110,5,2,"point_of_interest, service, establishment",19.008220299999998,73.10625209999999,localisy025823,ChIJpe-vgJXp5zsRCMCCOdYmHWQ,photos\localisy18019_1.jpg,,,,,Digital & Technology,Web Development,New Panvel
SeoRachana International SEO Company,"Room No.10, Ravikiran Society, Plot No.D-37, Sector 6, New Panvel East, Panvel, Mumbai, Panvel, Maharashtra 410206, India",,Panvel,Panvel,Maharashtra,410206,9867447323,5,36,"point_of_interest, service, establishment",19.0052871,73.1125777,localisy025824,ChIJLSHZMzbH5zsRta4-HzduI9c,photos\localisy18036_1.jpg,,,,,Digital & Technology,Web Development,New Panvel
Universal Digitals,"Balaji Symphony, Sukapur, Panvel, Akurli, Maharashtra 410206, India",,Panvel,Panvel,Maharashtra,410206,9326949112,5,1,"point_of_interest, service, establishment",19.0028261,73.1334978,localisy025825,ChIJm9bOBnfp5zsRu3Lq5WFheg0,photos\localisy18090_1.jpg,,,,,Digital & Technology,Digital Marketing,New Panvel
Shree creation,"Shop No. 1,2,3,4, Aluram Keni, Sukapur Rd, Guru Tegh Bahadur Nagar, Panvel, Palidevad, Maharashtra 410206, India",,Panvel,Panvel,Maharashtra,410206,9820755424,4.8,12,"point_of_interest, service, establishment",18.9967579,73.1316441,localisy025826,ChIJKQ7YVV7o5zsRhVsLRxYdWlo,photos\localisy18101_1.jpg,,,,,Digital & Technology,Digital Marketing,New Panvel
SWARNALIFE DIGITAL MARKETING PVT LTD,"Office #25, Aadhishakti CHS Ltd, Plot # 15B, Railway Station, near Karnala Bank, opp. Panvel, Sector 17, New Panvel East, Panvel, Navi Mumbai, Panvel, Maharashtra 410206, India",,Panvel,Panvel,Maharashtra,410206,9326674654,5,4,"corporate_office, point_of_interest, establishment",18.992758,73.12205209999999,localisy025827,ChIJ____G2jo5zsRwiRa6fdsTKs,,,,,,Digital & Technology,Digital Marketing,New Panvel
DIGITALEXPREZZ,"Sector 2, Kharghar, Panvel, Maharashtra 410210, India",,Kharghar,Panvel,Maharashtra,410210,9222237977,4.8,29,"point_of_interest, service, establishment",19.029801799999998,73.065364,localisy025828,ChIJP26Rq-XB5zsRn2CckVXZnCk,photos\localisy18109_1.jpg,,,,,Digital & Technology,Digital Marketing,New Panvel
GLOBWORK INFOTECH,"Shop No.2, Pushp Sargam, Plot No.2/4/6, Rd Number 1, opp. Shreeyash Hospital, Sector 19, New Panvel East, Panvel, Navi Mumbai, Panvel, Maharashtra 410206, India",,Panvel,Panvel,Maharashtra,410206,9833887335,4.9,28,"electronics_store, consultant, service, store, point_of_interest, establishment",18.995344,73.120071,localisy025829,ChIJS9PLV0Lo5zsRohSY5L87p3Q,photos\localisy18144_1.jpg,,,,,Digital & Technology,IT Services,New Panvel
N-Tech Solutions,"Shop No. 16, Sector No. 11, Satya Sai Plaza, Plot No. 5, Sector 11, New Panvel East, Panvel, Navi Mumbai, Panvel, Maharashtra 410206, India",,Panvel,Panvel,Maharashtra,410206,,,,"association_or_organization, point_of_interest, establishment",18.999234599999998,73.12290329999999,localisy025830,ChIJZ1zKHLLp5zsRddkzlo0W6tQ,,,,,,Digital & Technology,IT Services,New Panvel
ORA services solutions,"41/2,A type, Sector 13, New Panvel East, Panvel, Maharashtra 410206, India",,Panvel,Panvel,Maharashtra,410206,7506436633,1,1,"service, point_of_interest, establishment",18.9960473,73.1264779,localisy025831,ChIJz1YRJ2bp5zsR3f7yCfia_Wo,photos\localisy18148_1.jpg,,,,,Digital & Technology,IT Services,New Panvel
Innovative Systems,"X4Q6+J4Q, M.P Road, Old Panvel, Panvel, Maharashtra 410206, India",,Panvel,Panvel,Maharashtra,410206,9820469663,3.4,5,"service, point_of_interest, establishment",18.989097299999997,73.1103715,localisy025832,ChIJqzh7JxXo5zsRsCxqjPtRLag,,,,,,Digital & Technology,IT Services,New Panvel
"Samarth Computer Typing, New Panvel","Shivprabha Plot, 2, Rd Number 14, near Indger Foreign Language Classes, Sector 19, New Panvel East, Panvel, Navi Mumbai, Panvel, Maharashtra 410206, India",,Panvel,Panvel,Maharashtra,410206,,1,1,"point_of_interest, service, establishment",18.997262,73.1215332,localisy025833,ChIJ6XpFnPrp5zsR9XVuG4xlVsE,,,,,,Digital & Technology,IT Services,New Panvel
INFOTEK ENTERPRISES,"B-7-708 PUSHPAVINAYAK SOCIETY, AADAI, New Panvel East, Panvel, Satara, Adai, Maharashtra 410206, India",,Panvel,Panvel,Maharashtra,410206,9552675549,,,"corporate_office, point_of_interest, establishment",19.006951100000002,73.1258892,localisy025834,ChIJ-RMMJVHo5zsRRhkp1dh2wu0,,,,,,Digital & Technology,IT Services,New Panvel
Vansh Enterprises CSC Center ( Cyber Cafe),"Shop no 10, Jay Jaywanti chs, Plot no 08, opp. Ckt high school, Sector 15, New Panvel East, Panvel, Maharashtra 410206, India",,Panvel,Panvel,Maharashtra,410206,9833720217,5,1885,"internet_cafe, point_of_interest, service, establishment",18.9927445,73.12516149999999,localisy025835,ChIJcbBukGfo5zsRSzCs6VpDkx8,photos\localisy18166_1.jpg,,,,,Digital & Technology,IT Services,New Panvel
Neel Plaza,"242C+H9M, beside SBI Bank, Sector 3, New Panvel East, Panvel, Maharashtra 410206, India",,Panvel,Panvel,Maharashtra,410206,8767050412,4.6,10,"apartment_building, point_of_interest, service, establishment",19.0014598,73.1209193,localisy025836,ChIJFx3W_ETo5zsRk6NPOYUTiSQ,photos\localisy18170_1.jpg,,,,,Digital & Technology,IT Services,New Panvel
AK Graphics,"Shop No 05, Express Apartment Wing, Plot no. D/19, Sector 6, New Panvel East, Panvel, Maharashtra 410206, India",,Panvel,Panvel,Maharashtra,410206,7045883682,5,1,"point_of_interest, service, establishment",19.011562599999998,73.1172976,localisy025837,ChIJ20PVu_bp5zsR3gKUT4JKNLI,photos\localisy18184_1.jpg,,,,,Digital & Technology,Graphic Design Studios,New Panvel
New Panvel West,"105 Neel Enclave , Sector 9, Khanda Colony, Khanda Colony, Sector 9, Greater Khanda, Panvel, Maharashtra 410206, India",,Panvel,Panvel,Maharashtra,410206,,5,2,"government_office, point_of_interest, establishment",19.006249099999998,73.1120998,localisy025838,ChIJXYSgawDp5zsRIN0Zihj8Gjs,photos\localisy18281_1.jpg,,,,,Government & Public Services,Government Offices,New Panvel
Maharashtra Jeevan Pradhikaran Panvel,"1, Panvel Matheran Rd, Sector 19, New Panvel East, Panvel, Maharashtra 410206, India",,Panvel,Panvel,Maharashtra,410206,,3.8,36,"corporate_office, point_of_interest, establishment",18.997385899999998,73.1193037,localisy025839,ChIJ3XZEvEPo5zsRgDmjrlBykhg,photos\localisy18283_1.jpg,,,,,Government & Public Services,Government Offices,New Panvel
PWD Office New Panvel,"X4X9+4V9, Sector-1, New Panvel East, Panvel, Maharashtra 410206, India",,Panvel,Panvel,Maharashtra,410206,,2.7,7,"government_office, point_of_interest, establishment",18.997778999999998,73.1197482,localisy025840,ChIJLVRzm0Po5zsRbASvD2yLdZI,,,,,,Government & Public Services,Government Offices,New Panvel
Property Registration Office Navi Mumbai,"2448+WF5, Sector 6, New Panvel East, Panvel, Maharashtra 410206, India",,Panvel,Panvel,Maharashtra,410206,,2.7,24,"point_of_interest, association_or_organization, establishment",19.0072632,73.11622679999999,localisy025841,ChIJ9XdttEjo5zsRkhW-OpQB7Xk,photos\localisy18289_1.jpg,,,,,Government & Public Services,Government Offices,New Panvel
Maharashtra,"Sector No 1, Plot No 1, Matheran Rd, Sector-1, New Panvel East, Panvel, Maharashtra 410206, India",,Panvel,Panvel,Maharashtra,410206,,,,"government_office, point_of_interest, establishment",18.997576,73.11922489999999,localisy025842,ChIJFzh0jgfp5zsRpoOYS9-aaeY,,,,,,Government & Public Services,Government Offices,New Panvel
"Podi MSEB Office sector 15, New Panvel.","Sector 15, New Panvel East, New Panvel, Sector 16, New Panvel East, Panvel, Maharashtra 410206, India",,Panvel,Panvel,Maharashtra,410206,9768053789,1.4,26,"government_office, point_of_interest, establishment",18.9896395,73.1256756,localisy025843,ChIJrSpyC43p5zsRK-zXpFxfqI4,photos\localisy18298_1.jpg,,,,,Government & Public Services,Government Offices,New Panvel
"Sub Divisional Officer, Panvel.","X4W4+6V9, Nityanand Nagar, HOC Colony, Panvel, Maharashtra 410206, India",,Panvel,Panvel,Maharashtra,410206,,2.8,4,"government_office, point_of_interest, establishment",18.995541799999998,73.10722729999999,localisy025844,ChIJVSg37D7o5zsRi4PkZAuBfSM,photos\localisy18300_1.jpg,,,,,Government & Public Services,Government Offices,New Panvel
"Grampanchayat Office, Devad","Devad, Panvel, Vichumbe, Navi Mumbai, Maharashtra 410206, India",,Panvel,Panvel,Maharashtra,410206,,4,242,"local_government_office, government_office, event_venue, point_of_interest, establishment",18.9950743,73.1332659,localisy025845,ChIJD4wMwV_o5zsRvpFx8E6FsLI,photos\localisy18303_1.jpg,,,,,Government & Public Services,Government Offices,New Panvel
SSE PWI(M) PANVEL,"X4QG+84C, Railway Phatak Rd, Sector 16, New Panvel East, Panvel, Maharashtra 410206, India",,Panvel,Panvel,Maharashtra,410206,,4,1,"government_office, point_of_interest, establishment",18.9883153,73.12525600000001,localisy025846,ChIJtQ-OMgDp5zsRfC2Uw5u0dzI,photos\localisy18309_1.jpg,,,,,Government & Public Services,Government Offices,New Panvel
Maha E seva kendra new panvel,"New, Panvel Matheran Rd, Sukapur, New Panvel East, Panvel, Maharashtra 410206, India",,Panvel,Panvel,Maharashtra,410206,,3.7,3,"government_office, point_of_interest, establishment",18.9941787,73.1238024,localisy025847,ChIJw5jlXADp5zsRDMWCnUXxlbI,photos\localisy18310_1.jpg,,,,,Government & Public Services,Government Offices,New Panvel
Office panvel,"2429+93P, Vijay Rd, Sector 3, New Panvel East, Panvel, Maharashtra 410206, India",,Panvel,Panvel,Maharashtra,410206,,5,1,"general_contractor, point_of_interest, service, establishment",19.0009564,73.1176923,localisy025848,ChIJUxuuRwDp5zsRmj9J0j5pvXM,,,,,,Government & Public Services,Government Offices,New Panvel
LIC OF INDIA NEW OFFICE,"X4P6+MQR, Old Panvel, Panvel, Maharashtra 410206, India",,Panvel,Panvel,Maharashtra,410206,,3.6,25,"corporate_office, point_of_interest, establishment",18.9867405,73.11190309999999,localisy025849,ChIJt45Smnvp5zsRQsAp93QmHVo,photos\localisy18330_1.jpg,,,,,Government & Public Services,Government Offices,New Panvel
Kendriya utpad shulk bhavan,"Block-D, Sector 17, Khanda Colony, Panvel, Maharashtra 410206, India",,Panvel,Panvel,Maharashtra,410206,,5,2,"government_office, point_of_interest, establishment",19.0065488,73.10679139999999,localisy025850,ChIJP9dA6vfp5zsRhm0rXTpN3Hk,,,,,,Government & Public Services,Government Offices,New Panvel
"Metro centre 1,Panvel","E-1/1 to E-1/5, Cidco Colony, Sector 17, New Panvel East, Panvel, Maharashtra 410206, India",,Panvel,Panvel,Maharashtra,410206,,3.7,3,"government_office, point_of_interest, establishment",18.9943322,73.1240711,localisy025851,ChIJ6fPeP2Hp5zsRmJpdrdoPzro,,,,,,Government & Public Services,Government Offices,New Panvel
SSE P.WAY PNVL EAST,"X4PF+R99, Railway Phatak Rd, Sector 20, New Panvel East, Panvel, Maharashtra 410206, India",,Panvel,Panvel,Maharashtra,410206,,5,1,"government_office, point_of_interest, establishment",18.987036099999997,73.1234889,localisy025852,ChIJsREfwiHp5zsR0Oe0EFDR7yg,,,,,,Government & Public Services,Government Offices,New Panvel
SSE Electrical Maintenance Office (Railways),"X4QF+82F, Central Railway New Colony, Panvel, Maharashtra 410206, India",,Panvel,Panvel,Maharashtra,410206,,5,2,"government_office, point_of_interest, establishment",18.9883149,73.1225441,localisy025853,ChIJr2PqBwrp5zsRvQYQxtkdgmc,photos\localisy18335_1.jpg,,,,,Government & Public Services,Government Offices,New Panvel
Raj enterprises,"Maharastra Shop no -109, Shop no-26, Shiva Complex, near Vijaya Bank, Ganesh market, Sector 19, New Panvel East, Panvel, Maharashtra 410206, India",,Panvel,Panvel,Maharashtra,410206,9594716557,5,7,"electrician, service, point_of_interest, establishment",18.997657200000003,73.1226629,localisy025854,ChIJB7DekmDp5zsRJx4MCRxjH5E,photos\localisy18342_1.jpg,,,,,Government & Public Services,Utility Services,New Panvel
Vijay Electrical Services,"A - 94/5, New, Cidco Colony, Sector 13, New Panvel East, Panvel, Maharashtra 410206, India",,Panvel,Panvel,Maharashtra,410206,,,,"electrician, service, point_of_interest, establishment",18.9960473,73.1264779,localisy025855,ChIJtZ6rk7Pp5zsRAMYhJ-frXl0,,,,,,Government & Public Services,Utility Services,New Panvel
POWERGRID 400kV/220kV Navi Mumbai GIS,"249C+4P7, Vasan Nagar, Panvel, Maharashtra 410206, India",,Panvel,Panvel,Maharashtra,410206,,3.9,10,"service, point_of_interest, establishment",19.017797899999998,73.12180819999999,localisy025856,ChIJ3VHslLLp5zsRdHTdpApLf4g,photos\localisy18349_1.jpg,,,,,Government & Public Services,Utility Services,New Panvel
Prakash Energy Solutions Private Limited,"Plot no.12, Rd Number 2, Sector-1, New Panvel East, Panvel, Navi Mumbai, Panvel, Maharashtra 410206, India",,Panvel,Panvel,Maharashtra,410206,,5,3,"service, point_of_interest, establishment",18.9986682,73.1187272,localisy025857,ChIJ2f_edC7p5zsRQCrc0B_mk30,photos\localisy18356_1.jpg,,,,,Government & Public Services,Utility Services,New Panvel
ELECTRICALS,"CIDCO Office, Karna CHS, Sector 3, New Panvel East, Panvel, Maharashtra 410206, India",,Panvel,Panvel,Maharashtra,410206,9022333605,,,"electrician, point_of_interest, service, establishment",19.001524099999997,73.1199938,localisy025858,ChIJecDoHQ_p5zsRlFnLgAdzAi8,photos\localisy18361_1.jpg,,,,,Government & Public Services,Utility Services,New Panvel
Nutech Engineering Services,"B-201, Suraj CHS, Sector 4, New Panvel East, Panvel, Maharashtra 410206, India",,Panvel,Panvel,Maharashtra,410206,9867223848,4,5,"point_of_interest, service, establishment",19.002671499999998,73.1200806,localisy025859,ChIJ58UeoUXo5zsRiuh4yui5TZQ,photos\localisy18362_1.jpg,,,,,Government & Public Services,Utility Services,New Panvel
PANVEL ELECTRICAL WORK,"Near panchratna circle, MG Rd, Mominpada, Old Panvel, Panvel, Maharashtra 410206, India",,Panvel,Panvel,Maharashtra,410206,7977114616,4.9,28,"store, point_of_interest, service, establishment",18.9830824,73.1123921,localisy025860,ChIJ68uUk4fp5zsRRZbrnTud3Uc,photos\localisy18364_1.jpg,,,,,Government & Public Services,Utility Services,New Panvel
SanaviRO Service Panvel,"Sector 3, New Panvel East, Panvel, Adai, Panvel, Maharashtra 410206, India",,Panvel,Panvel,Maharashtra,410206,,,,"electrician, point_of_interest, service, establishment",19.0015736,73.12020799999999,localisy025861,ChIJId3EmDnp5zsRrDyWhey4Eio,,,,,,Government & Public Services,Utility Services,New Panvel
Rushika Electrical Door step services,"New Panvel East, Adaigaon, Navi Mumbai, Adai, Maharashtra 410206, India",,Panvel,Panvel,Maharashtra,410206,9637042201,5,2,"electrician, point_of_interest, service, establishment",19.0071075,73.1276377,localisy025862,ChIJsbHA5v7p5zsRPSSwvjnMrp8,,,,,,Government & Public Services,Utility Services,New Panvel
Electrician and wireman,"ADITYA CO OP HSG SOCIETY LTD SECT- 4, ASUDGAON, KHANDA COLONY, Asudgaon, New Panvel East, Panvel, Maharashtra 410218, India",,Roadpali,Panvel,Maharashtra,410218,8879746698,5,4,"electrician, service, point_of_interest, establishment",19.0141216,73.110433,localisy025863,ChIJp9dOr4bp5zsRepD6-ZjJBoo,photos\localisy18383_1.jpg,,,,,Government & Public Services,Utility Services,New Panvel
Kunal Electricals ( Kirloskar pumps and CRI pumps) Crompton Lubi pumps,"Kisan Market, Shop No.64,Near, Sector 3, Sector-9, New Panvel East, Panvel, Maharashtra 410206, India",,Panvel,Panvel,Maharashtra,410206,8779949624,4.2,11,"service, point_of_interest, supplier, establishment",19.001842,73.12172799999999,localisy025864,ChIJf4hhGUXo5zsRT7PlEl2yqAY,photos\localisy18384_1.jpg,,,,,Government & Public Services,Utility Services,New Panvel
SHANTI MARKETING,"Shop No 10, Simran Park, beside Phoenix Hotel, Sector 8, New Panvel East, Panvel, Maharashtra 410206, India",,Panvel,Panvel,Maharashtra,410206,9028785056,4.9,1125,"auto_parts_store, car_repair, service, wholesaler, store, point_of_interest, establishment",19.0062092,73.1213748,localisy025865,ChIJUQplmMzp5zsRhxDyinriCVM,photos\localisy18397_1.jpg,,,,,Government & Public Services,Utility Services,New Panvel
"Panvel Terminus, Panvel","Panvel Railway Station, E, Panchshil Nagar, New Panvel East, Panvel, Maharashtra 410206, India",,Panvel,Panvel,Maharashtra,410206,,3.3,40,"transportation_service, point_of_interest, establishment",18.9904413,73.1226641,localisy025866,ChIJjUBBPETp5zsR8c3n2JoazFU,photos\localisy18399_1.jpg,,,,,Government & Public Services,Public Transport,New Panvel
New Panvel stop for Mumbai - Pune E-way,"Adaigoan Rd, Sector 7, New Panvel East, Panvel, Adai, Maharashtra 410206, India",,Panvel,Panvel,Maharashtra,410206,,4.5,23,"transportation_service, point_of_interest, establishment",19.0059416,73.12429019999999,localisy025867,ChIJaUvYWWDp5zsR6Nac10uU3JU,photos\localisy18403_1.jpg,,,,,Government & Public Services,Public Transport,New Panvel
Panvel ST Stand 2,"Forrest Colony, Panvel, Dist, X4R8+H9Q, Forest Colony, Panvel, Maharashtra 410206, India",,Panvel,Panvel,Maharashtra,410206,,3.7,2104,"travel_agency, transportation_service, service, point_of_interest, establishment",18.9914652,73.1159849,localisy025868,ChIJdTKHE2ro5zsR__8JV70hKB8,photos\localisy18405_1.jpg,,,,,Government & Public Services,Public Transport,New Panvel
NMMT Chawki,"410206, P-6, Sector 15, New Panvel East, Panvel, Maharashtra 410206, India",,Panvel,Panvel,Maharashtra,410206,,3.5,2,"transportation_service, point_of_interest, establishment",18.990573800000004,73.12327499999999,localisy025869,ChIJxZ6k1Wfo5zsRODYkovFsOZs,photos\localisy18412_1.jpg,,,,,Government & Public Services,Public Transport,New Panvel
M Travels Bus Booking,"X4W9+HHF, Sector 18A, Forest Colony, Panvel, Maharashtra 410206, India",,Panvel,Panvel,Maharashtra,410206,,5,2,"travel_agency, transportation_service, service, point_of_interest, establishment",18.996432,73.1189298,localisy025870,ChIJQXrWm-np5zsRUTOKPRbyl34,,,,,,Government & Public Services,Public Transport,New Panvel
Bus booking,"Sector 13, Kalamboli, Panvel, Maharashtra 410218, India",,Roadpali,Panvel,Maharashtra,410218,,,,"point_of_interest, establishment",19.0263393,73.1033403,localisy025871,ChIJUQ40E-Lp5zsRYfSz3rYzSvY,photos\localisy18420_1.jpg,,,,,Government & Public Services,Public Transport,New Panvel
Panvel Bridge,"HOC Colony, Panvel, Maharashtra 410206, India",,Panvel,Panvel,Maharashtra,410206,,3.8,16,"bus_stop, transit_stop, transit_station, transportation_service, point_of_interest, establishment",18.994882999999998,73.113994,localisy025872,ChIJi-FWtEHo5zsRhWAdaChEmJM,photos\localisy18425_1.jpg,,,,,Government & Public Services,Public Transport,New Panvel
HDFC Circle,"Sector 19, New Panvel East, Panvel, Maharashtra 410206, India",,Panvel,Panvel,Maharashtra,410206,,4.3,16,"bus_stop, transit_stop, transit_station, transportation_service, point_of_interest, establishment",18.996396,73.119187,localisy025873,ChIJdQi8sEPo5zsRt7z3nNV_1I4,photos\localisy18426_1.jpg,,,,,Government & Public Services,Public Transport,New Panvel
Asahi Bus Chowk,"6, Panvel Matheran Rd, Sector 12, New Panvel East, Panvel, Maharashtra 410206, India",,Panvel,Panvel,Maharashtra,410206,,,,"transportation_service, point_of_interest, establishment",18.9977941,73.1272891,localisy025874,ChIJ6diiQRHp5zsRw9nofpwtaKY,,,,,,Government & Public Services,Public Transport,New Panvel
Baban khiladkar Auto,"Adarsh CHS, D/75, Sector 7, New Panvel East, Adaigaon, Panvel, Maharashtra 410206, India",,Panvel,Panvel,Maharashtra,410206,8652808601,5,4,"taxi_service, transportation_service, point_of_interest, service, establishment",19.0120599,73.12030349999999,localisy025875,ChIJKcUB87_p5zsRz90k7benO2U,photos\localisy18443_1.jpg,,,,,Government & Public Services,Public Transport,New Panvel
Mansarovar,"410209, Panvel, Navi Mumbai, Panvel, Maharashtra 410206, India",,Panvel,Panvel,Maharashtra,410206,,4.1,7248,"train_station, transit_station, transportation_service, point_of_interest, establishment",19.0165576,73.0806949,localisy025876,ChIJA9jjP3zC5zsRobBLkhXMPGQ,photos\localisy18445_1.jpg,,,,,Government & Public Services,Public Transport,New Panvel
Autorickshaw Stand,"X4XF+895, Panvel Matheran Rd, Sector 11, New Panvel East, Panvel, Maharashtra 410206, India",,Panvel,Panvel,Maharashtra,410206,,1,1,"taxi_service, transportation_service, point_of_interest, service, establishment",18.9982622,73.12347179999999,localisy025877,ChIJdQkpO-zp5zsRcbuGa56FSLU,photos\localisy18448_1.jpg,,,,,Government & Public Services,Public Transport,New Panvel
"Post Office,Adai,new Panvel","Adaigaon, Adai, Maharashtra 410206, India",,Panvel,Panvel,Maharashtra,410206,,3.3,17,"corporate_office, point_of_interest, establishment",19.0100755,73.1292734,localisy025878,ChIJ5a5LyAPp5zsR1lisWqyqlPg,photos\localisy18465_1.jpg,,,,,Government & Public Services,Post Offices,New Panvel
Nere Police Station,"Shree Samarth Sadan Building, 3, Panvel Matheran Rd, New Panvel East, Panvel, Navi Mumbai, Nere, Maharashtra 410206, India",,Panvel,Panvel,Maharashtra,410206,,,,"police, point_of_interest, service, establishment",19.0135072,73.1703982,localisy025879,ChIJ92EMRoLp5zsRCS9mH-vfmxA,,,,,,Government & Public Services,Police Stations,New Panvel
Department of Post - Aadhaar Centre,"X4WF+M6P, Sector 19, New Panvel East, Panvel, Maharashtra 410206, India",,Panvel,Panvel,Maharashtra,410206,,,,"point_of_interest, establishment",18.996722,73.123063,localisy025880,ChIJ5bxqLUPo5zsRjKQYbXUwp0k,,,,,,Government & Public Services,Aadhar Enrollment Centers,New Panvel
Aadhar Enterprises,"Melody Tower, Sector 15A, New Panvel East, Panvel, Maharashtra 410206, India",,Panvel,Panvel,Maharashtra,410206,8433737026,3.1,18,"service, point_of_interest, establishment",18.990675799999998,73.1246534,localisy025881,ChIJ_8FryGfo5zsR3miXP5zfrAc,,,,,,Government & Public Services,Aadhar Enrollment Centers,New Panvel
Arhan Pan Card Centre,"Shop 13, Sneh Sadan, Backside of S N Electronics, RG Gadkari Rd, Old Panvel, Panvel, Navi Mumbai, Panvel, Maharashtra 410206, India",,Panvel,Panvel,Maharashtra,410206,8286842226,4.4,38,"point_of_interest, establishment",18.9891419,73.1123672,localisy025882,ChIJrcg_FCbp5zsROSQViWT8abI,photos\localisy18539_1.jpg,,,,,Government & Public Services,Aadhar Enrollment Centers,New Panvel
E- REGISTRATION PANVEL,"2446+MVQ, Khanda Colony, Sector 9, Khanda Colony, Panvel, Maharashtra 410206, India",,Panvel,Panvel,Maharashtra,410206,9222777557,5,1,"internet_cafe, service, point_of_interest, establishment",19.0067008,73.1122441,localisy025883,ChIJC_PmXADp5zsR55cImb2zN-0,photos\localisy18545_1.jpg,,,,,Government & Public Services,Aadhar Enrollment Centers,New Panvel
BSNL Raigad SSA/ Customer Service Center,"Sector : 13, Near CIDCO Park, X4WG+J24, 11, Sector 13, New Panvel East, Panvel, Maharashtra 410206, India",,Panvel,Panvel,Maharashtra,410206,,4,354,"point_of_interest, establishment",18.996579399999998,73.1249565,localisy025884,ChIJ3XBg4Vzo5zsRZsmJZfK3bLQ,photos\localisy18548_1.jpg,,,,,Government & Public Services,Aadhar Enrollment Centers,New Panvel
JAIN DARSHAN,"Plot No 150, Sector 4, karanjade, Sector 4, New Panvel East, Panvel, Maharashtra 410206, India",,Panvel,Panvel,Maharashtra,410206,,5,1,"government_office, point_of_interest, establishment",19.003029599999998,73.1184284,localisy025885,ChIJj-PS6bXp5zsRiE3XDy11GL4,,,,,,Government & Public Services,Aadhar Enrollment Centers,New Panvel
Orient Maha E Seva Kendra,"Agari, building, Samaj Kalyan Hall Rd, near S.T.Depot, Sector 15, Kamothe, Panvel, Maharashtra 410209, India",,Kamothe,Panvel,Maharashtra,410209,,3.2,9,"point_of_interest, establishment",19.017737300000004,73.0935327,localisy025886,ChIJd8Uwk2ro5zsRzufpk9MFH-0,,,,,,Government & Public Services,Aadhar Enrollment Centers,New Panvel
Atharva Multi Services,"Shop No-06, Jupiter Plaza, Plot No-413/1/C, Takka Rd, next to Bharat Petroleum Station, Old Panvel, Panvel, Maharashtra 410206, India",,Panvel,Panvel,Maharashtra,410206,9819722127,5,6,"local_government_office, accounting, government_office, finance, point_of_interest, service, establishment",18.9869172,73.11925889999999,localisy025887,ChIJdX-iy9Lp5zsR9rEnD1jJyQc,photos\localisy18553_1.jpg,,,,,Government & Public Services,Aadhar Enrollment Centers,New Panvel
Dev Sales Maha E Seva Kendra,"Shop No. 1 & 2, SAI RESIDENCY, Plot No.149, Sector 5, Karanjade, Panvel, Karanjade, Maharashtra 410206, India",,Panvel,Panvel,Maharashtra,410206,9324207829,4,6,"point_of_interest, establishment",18.973032399999997,73.108327,localisy025888,ChIJ87u3O_Tp5zsRCSjIoGDs5MQ,photos\localisy18557_1.jpg,,,,,Government & Public Services,Aadhar Enrollment Centers,New Panvel
A1 generic medical store karanjade sec 4,"shop 1, plot no 41, near tata power, Sector 4, Dombala, Panvel, Karanjade, Maharashtra 410206, India",,Panvel,Panvel,Maharashtra,410206,9665774534,5,26,"medical_center, hospital, health, point_of_interest, service, establishment",18.977712,73.10446929999999,localisy025889,ChIJTZpMsorp5zsRFXcsna1JGa4,photos\localisy18560_1.jpg,,,,,Government & Public Services,Aadhar Enrollment Centers,New Panvel
Pawer Enterprises Aadhar seva,"shop no 36, Pushpsangam apartmentplot, 35/36, Sector 12, Kamothe, Panvel, Mumbai, Panvel, Maharashtra 410209, India",,Kamothe,Panvel,Maharashtra,410209,,,,"point_of_interest, establishment",19.0191859,73.0890276,localisy025890,ChIJyTv6fQDp5zsRPdojpLpKtG0,photos\localisy18567_1.jpg,,,,,Government & Public Services,Aadhar Enrollment Centers,New Panvel
Pradeep E-Bill Service,"Shop No 1, Sector 14, E1Type, Banthiya Highschool Road, near Dr. Jain Clinic, Sector 13, New Panvel East, Panvel, Maharashtra 410206, India",,Panvel,Panvel,Maharashtra,410206,8652211008,,,"point_of_interest, establishment",18.995015199999997,73.12565289999999,localisy025891,ChIJyYHXJ1bp5zsROIuS3lQrHjM,photos\localisy18568_1.jpg,,,,,Government & Public Services,Aadhar Enrollment Centers,New Panvel
Aaiji Enterprises,"Shop No.1, Dev Darshan Co-Op Hsg. Soc., Plot No. 21,, Sector 11, Kamothe, Panvel, Maharashtra 410206, India",,Panvel,Panvel,Maharashtra,410206,,4.8,10,"moving_company, shipping_service, transportation_service, point_of_interest, service, establishment",18.9988869,73.1243001,localisy025892,ChIJg9UMpFzo5zsR5XrMnexMpnI,photos\localisy18596_1.jpg,,,,,Courier & Logistics,Courier Services,New Panvel
Delhivery,"12, Sector 17, New Panvel East, Panvel, Mumbai, Panvel, Maharashtra 410206, India",,Panvel,Panvel,Maharashtra,410206,8600999845,2.3,19,"courier_service, shipping_service, point_of_interest, service, establishment",18.9928266,73.1224019,localisy025893,ChIJne6KHGjo5zsRvPcYuDoX4To,,,,,,Courier & Logistics,Courier Services,New Panvel
Trimukhi Logistics,"5A, E1/5-B6, Panchshil Nagar, New Panvel East, Panvel, Maharashtra 410206, India",,Panvel,Panvel,Maharashtra,410206,9967933001,,,"transportation_service, point_of_interest, establishment",18.993975499999998,73.1237809,localisy025894,ChIJq6o3fQvo5zsReh2VWWs5H9Y,,,,,,Courier & Logistics,Cargo Services,New Panvel
Bharat C Thakur Warehousing & Logistics (BCTWL),"Chirner- Kharpada Road At Dighati, Post, Panvel, Kelvane, Dighati, Maharashtra 410206, India",,Panvel,Panvel,Maharashtra,410206,,4.5,10,"storage, point_of_interest, establishment",18.837639600000003,73.0616534,localisy025895,ChIJNcolVQDf5zsR5mdiuI-5OyA,photos\localisy18689_1.jpg,,,,,Courier & Logistics,Warehousing Services,New Panvel
NDR Warehousing PVt Ltd,"V3F2+589, Chirner, Maharashtra 410206, India",,Panvel,Panvel,Maharashtra,410206,,4.4,8,"storage, point_of_interest, establishment",18.8729033,73.0508582,localisy025896,ChIJAQAAwNfd5zsRNy3twY1Z6Gs,,,,,,Courier & Logistics,Warehousing Services,New Panvel
DHL Supply Chain,"CCI Logistics Park, Unit Narmada (Front Warehouse, Survey No.123, A Village Kolkhe, Palaspa Phata, Panvel, Maharashtra 410206, India",,Panvel,Panvel,Maharashtra,410206,,,,"storage, shipping_service, service, point_of_interest, establishment",18.989370299999997,73.1176509,localisy025897,ChIJ4_a0yj_p5zsRyfBOGH7mYEE,,,,,,Courier & Logistics,Warehousing Services,New Panvel
अमन पॉवर लॉन्ड्री ड्रायक्लिनिंग,"2432+JJ3, Dhakta Khanda Village Rd, Dhakta Khanda, Khanda Colony, Panvel, Maharashtra 410206, India",,Panvel,Panvel,Maharashtra,410206,,,,"laundry, point_of_interest, service, establishment",19.004000599999998,73.1015425,localisy025898,ChIJd7yvaTDo5zsRgU2_GKbLNUU,,,,,,Laundry Services,Laundry & Dry Cleaning,New Panvel
Sonawane Power Laundry,"Gala no. 3, Rishikesh- 3, Saiprasad Garden Gatecha Mage, Survey no. 3/3, New Panvel, Vasan Nagar, Nevali, Navi Mumbai, Maharashtra 410206, India",,Panvel,Panvel,Maharashtra,410206,,,,"laundry, point_of_interest, service, establishment",19.0231086,73.1265809,localisy025899,ChIJNRq6PH_p5zsR6_8Pvv73dFk,,,,,,Laundry Services,Ironing Services,New Panvel
Jai Maharashtra Power Laundry,"Shop No 4, Ashapura Apartment, Khanda Colony, Sector 9, New Panvel East, Sector 09, Panvel, Maharashtra 410206, India",,Panvel,Panvel,Maharashtra,410206,,,,"laundry, point_of_interest, service, establishment",19.00719,73.1135295,localisy025900,ChIJyxadawbp5zsRL-cyAZsQEkA,,,,,,Laundry Services,Ironing Services,New Panvel
Sai Krupa,"Kisan Market, Sector-3, Sector-9, New Panvel East, Panvel, Maharashtra 410206, India",,Panvel,Panvel,Maharashtra,410206,9702620602,3.8,9,"laundry, point_of_interest, service, establishment",19.0037788,73.1202598,localisy025901,ChIJ-TtrGUXo5zsRHhlt8Rl_-N0,,,,,,Laundry Services,Ironing Services,New Panvel
TOP CLEAN,"SHOP NO 27, Plot No 5, Sector 11, New Panvel East, Panvel, Raigad, Panvel, Maharashtra 410206, India",,Panvel,Panvel,Maharashtra,410206,7977854082,1,1,"laundry, service, point_of_interest, establishment",18.999234599999998,73.12290329999999,localisy025902,ChIJRce2lZTp5zsRPgWkFFVdKTk,,,,,,Laundry Services,Ironing Services,New Panvel
Nobel Attire,"Shop no. S-039, Ananta Tower, Plot No.2, Sector 6, Ulave, Panvel, Maharashtra 410206, India",,Panvel,Panvel,Maharashtra,410206,8291417873,5,3,"tailor, point_of_interest, service, establishment",19.0079498,73.1177335,localisy025903,ChIJN591F7Lp5zsR5kxCawXdR2w,,,,,,Tailoring & Garments,Tailors,New Panvel
Pammi Home Tailors,"Room- 06, Sankalp Society, Plot- B/3, near National Complex, Sector- 06, Sector 6, New Panvel East, Panvel, Navi Mumbai, Panvel, Maharashtra 410206, India",,Panvel,Panvel,Maharashtra,410206,,5,1,"tailor, point_of_interest, service, establishment",19.0077562,73.11716779999999,localisy025904,ChIJD7Q13AHp5zsRSNWV9QWnqEk,photos\localisy18975_1.jpg,,,,,Tailoring & Garments,Tailors,New Panvel
KRUTIKA'S BOUTIQUE Ladies Outfit Fashion Designer,"Eden Park Chs, Shop no. 7, Plot. 47, New Panvel {w, Sector 9, Khanda Colony, Panvel, Maharashtra 410206, India",,Panvel,Panvel,Maharashtra,410206,8369819110,5,7,"tailor, point_of_interest, service, establishment",19.0072083,73.1132939,localisy025905,ChIJL3wDiuXp5zsR5v6CRH67bHk,photos\localisy18985_1.jpg,,,,,Tailoring & Garments,Tailors,New Panvel
Kalasanthosi nauvari saree,"room no 101 first floor, Sai Samman, Road No. 8, Karna CHS, Sector 4, New Panvel East, Panvel, Maharashtra 410206, India",,Panvel,Panvel,Maharashtra,410206,9322278797,5,343,"clothing_store, store, point_of_interest, establishment",19.0027093,73.1197135,localisy025906,ChIJX8FJtU3p5zsRkb2bf4Vnm5s,photos\localisy18986_1.jpg,,,,,Tailoring & Garments,Tailors,New Panvel
RAKSHIT MENS WEAR,"Shop no:35,hong kong market,1st floor, Sector 19, New Panvel East, Panvel, Maharashtra 410206, India",,Panvel,Panvel,Maharashtra,410206,8097225017,5,2,"tailor, point_of_interest, service, establishment",18.9970033,73.1213144,localisy025907,ChIJI74JA_rp5zsRPEpiyXcwovQ,photos\localisy18988_1.jpg,,,,,Tailoring & Garments,Tailors,New Panvel
Stylish ladies tailors,"Hongkong arcade shop 33 new panvel Raigad P, Sector 19, New Panvel East, Panvel, Maharashtra 410206, India",,Panvel,Panvel,Maharashtra,410206,8652604610,4.3,6,"tailor, point_of_interest, service, establishment",18.997370099999998,73.12283579999999,localisy025908,ChIJ38N2Kzzp5zsRGKKxEeQ0REM,photos\localisy18989_1.jpg,,,,,Tailoring & Garments,Tailors,New Panvel
New Allwyn Tailor,"Shop No 38, Cooperative Housing Society, Khanda Colony, Sector - 8, New Panvel East, Panvel, Raigad, Panvel, Maharashtra 410206, India",,Panvel,Panvel,Maharashtra,410206,7304711702,5,2,"tailor, point_of_interest, service, establishment",19.0065268,73.110041,localisy025909,ChIJR1707q7p5zsRHPka6N-qZkc,,,,,,Tailoring & Garments,Tailors,New Panvel
RATNA LADIES TAILOR PANVEL,"FLAT NO 407, PLOT B1/B2, SHRI SWAMI SIDHWASA BLDG, near GRAMPANCHAYAT, Devad, New Panvel East, Panvel, Devad, Maharashtra 410206, India",,Panvel,Panvel,Maharashtra,410206,,5,1,"tailor, point_of_interest, service, establishment",18.9950333,73.13360329999999,localisy025910,ChIJU3sLtWnp5zsRR34qE4Wr624,photos\localisy18993_1.jpg,,,,,Tailoring & Garments,Tailors,New Panvel
Sita butik ladies tailor,"Podi No 2, Shop No 02, near Vini Co.hsg.so, Sector 16, New Panvel East, Panvel, Maharashtra 410206, India",,Panvel,Panvel,Maharashtra,410206,8097186416,4,1,"tailor, point_of_interest, service, establishment",18.9898116,73.1259274,localisy025911,ChIJ7Qpz5Pzp5zsRN5lG52JTafI,photos\localisy18995_1.jpg,,,,,Tailoring & Garments,Tailors,New Panvel
Faishon House,"Shop No 63, RIDDHI SIDDHI RESIDENCY, Sec 03, Sector 8, New Panvel East, Panvel, Maharashtra 410206, India",,Panvel,Panvel,Maharashtra,410206,7977178776,4.7,3,"tailor, point_of_interest, service, establishment",19.0027147,73.1210004,localisy025912,ChIJlUd6W3Hp5zsRIJ7x9IeW7Js,photos\localisy18998_1.jpg,,,,,Tailoring & Garments,Tailors,New Panvel
Goyal Ladies Tailors,"Shop No 60, Prajapati cascade, Sector 11, New Panvel East, Panvel, Raigad, Panvel, Maharashtra 410206, India",,Panvel,Panvel,Maharashtra,410206,9324880143,4.5,2,"tailor, point_of_interest, service, establishment",18.998921499999998,73.1223869,localisy025913,ChIJx0IdqETo5zsR641Gb8_3Jdo,photos\localisy18999_1.jpg,,,,,Tailoring & Garments,Tailors,New Panvel
Star ladies tailor,"X4WG+3CR, opposite murli sweet corner, Sector 13, New Panvel East, Panvel, Navi Mumbai, Panvel, Maharashtra 410206, India",,Panvel,Panvel,Maharashtra,410206,,,,"tailor, point_of_interest, service, establishment",18.9952483,73.1260133,localisy025914,ChIJ67LKXADp5zsRnhH3foNvIH0,,,,,,Tailoring & Garments,Tailors,New Panvel
Mahendra Singh Tailor Shop,"Shop No 4, Building, Sector 8, New Panvel East, Panvel, Maharashtra 410206, India",,Panvel,Panvel,Maharashtra,410206,7400131910,5,1,"tailor, point_of_interest, service, establishment",19.002531299999998,73.1211229,localisy025915,ChIJLa1LssTp5zsRCqFW5q1iF9Y,photos\localisy19003_1.jpg,,,,,Tailoring & Garments,Tailors,New Panvel
Hotel O Sai Samrat Inn,"Sukapur, Shop No.1, Matheran Rd, near by Hotel Sai Samrat, Yamuna Kunj, Sukapur, New Panvel East, Panvel, Palidevad, Maharashtra 410206, India",,Panvel,Panvel,Maharashtra,410206,,4.1,36,"tailor, point_of_interest, service, establishment",19.0000793,73.1293898,localisy025916,ChIJVy6LcTLp5zsRpf4aNYO5oQA,photos\localisy19005_1.jpg,,,,,Tailoring & Garments,Tailors,New Panvel
Looks ledies tailor,"X4WF+W3H, Sector 16, New Panvel East, Panvel, Navi Mumbai, Panvel, Maharashtra 410206, India",,Panvel,Panvel,Maharashtra,410206,,,,"womens_clothing_store, clothing_store, store, point_of_interest, establishment",18.9973057,73.1227352,localisy025917,ChIJiWLSdQDp5zsRENo6Kzx9W60,photos\localisy19009_1.jpg,,,,,Tailoring & Garments,Tailors,New Panvel
Ansari Tailor,"near New Panvel, Ganesh market, Sector 19, New Panvel East, Panvel, Maharashtra 410206, India",,Panvel,Panvel,Maharashtra,410206,9930329511,5,1,"tailor, point_of_interest, service, establishment",18.9977288,73.1230121,localisy025918,ChIJy1HZMrPp5zsRlX9WEc0egzo,,,,,,Tailoring & Garments,Tailors,New Panvel
Mrudula Ladies Tailor,"Karna CHS, Sector 3, New Panvel East, Panvel, Mumbai, Panvel, Maharashtra 410206, India",,Panvel,Panvel,Maharashtra,410206,8779195958,5,1,"tailor, point_of_interest, service, establishment",19.001898699999998,73.1198391,localisy025919,ChIJq6qqrkXo5zsRmUeYTvIOoUg,,,,,,Tailoring & Garments,Tailors,New Panvel
Al Awwal the luxe couture boutique,"Musalman nakka, Old Panvel, Panvel, Maharashtra 410206, India",,Panvel,Panvel,Maharashtra,410206,7738394334,5,16,"clothing_store, store, point_of_interest, establishment",18.9887421,73.1080952,localisy025920,ChIJC0bWM4Xp5zsRRxVW29CTmF4,photos\localisy19016_1.jpg,,,,,Tailoring & Garments,Boutiques,New Panvel
Prem Boutique,"Shop No 3, Laxmi Nivas, Sector 19, New Panvel East, Panvel, Navi Mumbai, Panvel, Maharashtra 410206, India",,Panvel,Panvel,Maharashtra,410206,8108900588,5,8,"clothing_store, store, point_of_interest, establishment",18.995959799999998,73.12214209999999,localisy025921,ChIJf1DOWZ_p5zsRRG9Qc6nAxM4,photos\localisy19018_1.jpg,,,,,Tailoring & Garments,Boutiques,New Panvel
Sarita Boutique,"shop no 3, Yamuna chs, Sector 13, New Panvel East, Panvel, Maharashtra 410206, India",,Panvel,Panvel,Maharashtra,410206,9005079057,5,1,"womens_clothing_store, clothing_store, store, point_of_interest, service, establishment",18.996454699999997,73.1273559,localisy025922,ChIJ7fXy4Bzp5zsROQvWijxZ3Wo,photos\localisy19020_1.jpg,,,,,Tailoring & Garments,Boutiques,New Panvel
Kohinoor Boutique,"Shop No 22 Ridhi Sidhi Residency, Sec 03, Sector 8, New Panvel East, Panvel, Maharashtra 410206, India",,Panvel,Panvel,Maharashtra,410206,9892919169,1,3,"clothing_store, store, point_of_interest, establishment",19.002444099999998,73.121087,localisy025923,ChIJ8czaFkXo5zsR8ys8BvK7ZF0,photos\localisy19035_1.jpg,,,,,Tailoring & Garments,Boutiques,New Panvel
"All Day Store - New Panvel, Navi Mumbai","Shop No 7, Dolphin, Plot No 1022, Sector 13, New Panvel East, Panvel, Navi Mumbai, Panvel, Maharashtra 410206, India",,Panvel,Panvel,Maharashtra,410206,8068924381,5,2,"wellness_center, pharmacy, health, store, point_of_interest, establishment",18.9960994,73.1279988,localisy025924,ChIJZa3Sgk_p5zsR9s5eoVVXIEE,photos\localisy19040_1.jpg,,,,,Tailoring & Garments,Boutiques,New Panvel
SG PERFUMES,"Shop No. 1, Kartik Dreamland CHS, Plot No. 189/190, Sector 4, New Panvel East, Panvel, Maharashtra 410206, India",,Panvel,Panvel,Maharashtra,410206,8169106996,4.8,164,"clothing_store, store, point_of_interest, establishment",19.003641599999998,73.1202642,localisy025925,ChIJab5VTSvp5zsR5U0MabRggHA,photos\localisy19055_1.jpg,,,,,Tailoring & Garments,Boutiques,New Panvel
Sharda Beauty center,"Neel residency 2 Shop no.15, Sector 03, New Panvel East, near Opposite Dwarka sweet, Sector 3, New Panvel East, Panvel, Navi Mumbai, Panvel, Maharashtra 410206, India",,Panvel,Panvel,Maharashtra,410206,8652412290,4.8,46,"cosmetics_store, jewelry_store, store, point_of_interest, establishment",19.0023295,73.1207233,localisy025926,ChIJrcm_D0Xo5zsRJpcT4-q2e3Y,photos\localisy19057_1.jpg,,,,,Tailoring & Garments,Boutiques,New Panvel
Vaibhav Laxmi Nauvari Saree,"Sai Samman CHS, plot no. 154/155, Sector 04, Road no. 08, behind Pioneer Hospital, Karna CHS, Sector 4, New Panvel East, Panvel, Maharashtra 410206, India",,Panvel,Panvel,Maharashtra,410206,9920277756,4.9,224,"womens_clothing_store, clothing_store, store, point_of_interest, establishment",19.002729,73.1197816,localisy025927,ChIJH-mNuDTp5zsRcpP1Jl4ZWC8,photos\localisy19058_1.jpg,,,,,Tailoring & Garments,Boutiques,New Panvel
Kiya fashion hub LLP,"शॉप नं.5/6 आदित्य गुरुकृपा बिल्डिंग, महाराष्ट्र बँक जवळ. शेतकरी कामगार पक्ष ऑफिसच्या समोर.. जुने पनवेल, प्लॉट क्र 226, Old Panvel, Panvel, Maharashtra 410206, India",,Panvel,Panvel,Maharashtra,410206,7666402854,5,2,"womens_clothing_store, clothing_store, store, point_of_interest, establishment",18.984614699999998,73.11175450000002,localisy025928,ChIJo83aQqfp5zsRdN-SkrIoeKc,photos\localisy19059_1.jpg,,,,,Tailoring & Garments,Boutiques,New Panvel
"New Panvel,Navi Mumbai , Maharashtra","Gahlot Residency, Sector-1, New Panvel East, Panvel, Maharashtra 410206, India",,Panvel,Panvel,Maharashtra,410206,,5,3,"store, point_of_interest, establishment",18.9985376,73.1180574,localisy025929,ChIJQyC_Dcvp5zsRwXH5TKbXuB0,photos\localisy19070_1.jpg,,,,,Tailoring & Garments,Boutiques,New Panvel
Beauty Collection,"Shop No 181920Kisan Market, Sector-3, Sector-9, New Panvel East, Panvel New Panvel Kisan Market Sec 3, Sector 8, New Panvel East, Panvel, Maharashtra 410206, India",,Panvel,Panvel,Maharashtra,410206,7900027770,5,1,"store, point_of_interest, establishment",19.0023218,73.1213519,localisy025930,ChIJTdsQ7bfp5zsRUb9fnHj5OSk,photos\localisy19071_1.jpg,,,,,Tailoring & Garments,Boutiques,New Panvel
Stitch & Style,"AMRUTVEL APARTMENT, E-1/19 B2, Panchshil Nagar, New Panvel East, Panvel, Maharashtra 410206, India",,Panvel,Panvel,Maharashtra,410206,8623860219,,,"tailor, point_of_interest, service, establishment",18.9946238,73.12550089999999,localisy025931,ChIJA-JBwF_p5zsR3ZW1izCOpS4,,,,,,Tailoring & Garments,Alteration Services,New Panvel
Label Dipali Kadam,"Shop No. 4, Symphony CHS, Plot No. 31, Sector 3, New Panvel East, Panvel, Maharashtra 410206, India",,Panvel,Panvel,Maharashtra,410206,7666262525,4.7,29,"clothing_store, store, point_of_interest, service, establishment",19.002325199999998,73.12019939999999,localisy025932,ChIJq6qqrkXo5zsRkdhNW9a3YSM,photos\localisy19130_1.jpg,,,,,Tailoring & Garments,Alteration Services,New Panvel
RK tailor,"Shop no. 80,Shri Ganesh market, sector 12,new panvel, Shiva Complex, near petrol pump, Sector 19, area, Panvel, Maharashtra 410206, India",,Panvel,Panvel,Maharashtra,410206,9930161043,,,"tailor, point_of_interest, service, establishment",18.9973639,73.12317519999999,localisy025933,ChIJYTDWNEPo5zsRhNtOk3lolJo,photos\localisy19134_1.jpg,,,,,Tailoring & Garments,Alteration Services,New Panvel
SAKAL MARATHA SAMAJ MANDAL,"Maratha bhavan, Sector 9, Khanda Colony, Panvel, Maharashtra 410206, India",,Panvel,Panvel,Maharashtra,410206,9869801016,5,6,"point_of_interest, association_or_organization, service, establishment",19.006091299999998,73.1149521,localisy025934,ChIJS66mYW_p5zsRBqEZgDKcxU8,photos\localisy19227_1.jpg,,,,,NGOs & Social Organizations,Charitable Trusts,New Panvel
Kalimata Temple Complex,"east, X4WG+6WC, New Panvel, Sector 13, New Panvel East, Panvel, Maharashtra 410206, India",,Panvel,Panvel,Maharashtra,410206,,4.6,208,"hindu_temple, place_of_worship, association_or_organization, point_of_interest, establishment",18.9955738,73.12725979999999,localisy025935,ChIJBzx2uV3o5zsRG7klKCxJIg0,photos\localisy19304_1.jpg,,,,,Religious & Spiritual,Temples,New Panvel
Shree Saibaba temple,"X4QC+MRF, Central Railway New Colony, Panvel, Navi Mumbai, Panvel, Maharashtra 410206, India",,Panvel,Panvel,Maharashtra,410206,,4.5,42,"hindu_temple, place_of_worship, association_or_organization, point_of_interest, establishment",18.989187500000003,73.1220469,localisy025936,ChIJZ4ZcKlHp5zsRDJbWLKx26oc,photos\localisy19310_1.jpg,,,,,Religious & Spiritual,Temples,New Panvel
Datta Mandir,"near DUTT MANDIR, Sector 13, New Panvel East, Panvel, Mumbai, Panvel, Maharashtra 410206, India",,Panvel,Panvel,Maharashtra,410206,,4.7,50,"hindu_temple, place_of_worship, association_or_organization, point_of_interest, establishment",18.9947704,73.124782,localisy025937,ChIJMY-8al3o5zsR3gPlpSaozHI,photos\localisy19312_1.jpg,,,,,Religious & Spiritual,Temples,New Panvel
Shree Krishna Mandir.,"2449+R3V, Gurudwara Rd, Sector 5, New Panvel East, Panvel, Maharashtra 410206, India",,Panvel,Panvel,Maharashtra,410206,,4.5,32,"hindu_temple, place_of_worship, association_or_organization, point_of_interest, establishment",19.007103100000002,73.11767180000001,localisy025938,ChIJ2dvxKU_o5zsRcTQtLkjXSJE,photos\localisy19315_1.jpg,,,,,Religious & Spiritual,Temples,New Panvel
Shree Hanuman Mandir,"X4VH+F5P, Sector 14, New Panvel East, Panvel, Maharashtra 410206, India",,Panvel,Panvel,Maharashtra,410206,,4.7,231,"hindu_temple, place_of_worship, association_or_organization, point_of_interest, establishment",18.9937187,73.1279605,localisy025939,ChIJU0qxWGfo5zsROqT0Llcgm8k,photos\localisy19319_1.jpg,,,,,Religious & Spiritual,Temples,New Panvel
Shri Radha Krishna Temple,"Sector-10, Sector-9, New Panvel East, Panvel, Maharashtra 410206, India",,Panvel,Panvel,Maharashtra,410206,,4,1,"hindu_temple, place_of_worship, association_or_organization, point_of_interest, establishment",19.003027499999998,73.1238496,localisy025940,ChIJFeuXVADp5zsRpAfeOqr5StI,photos\localisy19320_1.jpg,,,,,Religious & Spiritual,Temples,New Panvel
Shiv Mandir,"80/5, Sector-13, Sector 14, New Panvel East, Panvel, Maharashtra 410206, India",,Panvel,Panvel,Maharashtra,410206,,4.4,45,"hindu_temple, place_of_worship, association_or_organization, point_of_interest, establishment",18.9955298,73.1246161,localisy025941,ChIJHcGfIl3o5zsRUd3QXpeC4BE,,,,,,Religious & Spiritual,Temples,New Panvel
Shree puratan jagrut Hanuman mandir Panvel Navi Mumbai,"Hanuman mandir, podi number 1, Railway Phatak Rd, Sector 15, New Panvel East, Panvel, Maharashtra 410206, India",,Panvel,Panvel,Maharashtra,410206,8779199291,5,16,"hindu_temple, place_of_worship, association_or_organization, point_of_interest, establishment",18.987868,73.1252696,localisy025942,ChIJwacRLPTp5zsRXbc63vKoISc,photos\localisy19323_1.jpg,,,,,Religious & Spiritual,Temples,New Panvel
Shree Navnath Mandir,"X4P8+28V, Service Rd, MCCH Society, Panvel, Maharashtra 410206, India",,Panvel,Panvel,Maharashtra,410206,,4.9,15,"hindu_temple, place_of_worship, association_or_organization, point_of_interest, establishment",18.9851036,73.1158037,localisy025943,ChIJi4tjP2zo5zsRN2kk5UyVGHc,photos\localisy19324_1.jpg,,,,,Religious & Spiritual,Temples,New Panvel
️ Shri Ram Jalaram Temple,"X4WC+7XR, Sector 19, New Panvel East, Panvel, Maharashtra 410206, India",,Panvel,Panvel,Maharashtra,410206,,4.6,61,"hindu_temple, place_of_worship, association_or_organization, point_of_interest, establishment",18.9957353,73.1224036,localisy025944,ChIJ_5Cj0ELo5zsR3XNNpJSKQJA,photos\localisy19327_1.jpg,,,,,Religious & Spiritual,Temples,New Panvel
Om Kashinath Annapurna,"X4XJ+42G, Guru Tegh Bahadur Nagar, Panvel, Palidevad, Maharashtra 410206, India",,Panvel,Panvel,Maharashtra,410206,,4.9,10,"hindu_temple, place_of_worship, association_or_organization, point_of_interest, establishment",18.997815499999998,73.1300888,localisy025945,ChIJ8XW9m17o5zsRs-27LY2GEf4,photos\localisy19330_1.jpg,,,,,Religious & Spiritual,Temples,New Panvel
Shitala Devi Mandir,"X4XC+C8J, Sector-1, New Panvel East, Panvel, Maharashtra 410206, India",,Panvel,Panvel,Maharashtra,410206,,4.9,39,"hindu_temple, place_of_worship, association_or_organization, point_of_interest, establishment",18.998575199999998,73.12075639999999,localisy025946,ChIJeZijfUPo5zsRXEDU4qkfTJA,photos\localisy19331_1.jpg,,,,,Religious & Spiritual,Temples,New Panvel
Krishna Temple,"Plot No 222, Sector 8, New Panvel East, Panvel, Maharashtra 410206, India",,Panvel,Panvel,Maharashtra,410206,,4.7,6,"hindu_temple, place_of_worship, association_or_organization, point_of_interest, establishment",19.0032578,73.120891,localisy025947,ChIJI9CKMPfp5zsRl4trrxKVbp0,photos\localisy19335_1.jpg,,,,,Religious & Spiritual,Temples,New Panvel
Ganapati temple,"Plot no 12, Sector 5A, Sector 6, New Panvel East, Panvel, Maharashtra 410206, India",,Panvel,Panvel,Maharashtra,410206,,4.8,5,"hindu_temple, place_of_worship, association_or_organization, point_of_interest, establishment",19.0066684,73.1176065,localisy025948,ChIJB3LK10Xp5zsRJDMOSDAbrkI,photos\localisy19340_1.jpg,,,,,Religious & Spiritual,Temples,New Panvel
"Shani Mandir, Sector 3","12, Rd Number 2, Sector 3, New Panvel East, Panvel, Maharashtra 410206, India",,Panvel,Panvel,Maharashtra,410206,,4.7,25,"hindu_temple, place_of_worship, association_or_organization, point_of_interest, establishment",19.0014087,73.1183642,localisy025949,ChIJdxyGMkTo5zsRYLlTcYpABy8,photos\localisy19341_1.jpg,,,,,Religious & Spiritual,Temples,New Panvel
Navgraha Temple,"2455+JQC, Sector - 1, Khanda Colony, Panvel, Maharashtra 410206, India",,Panvel,Panvel,Maharashtra,410206,,4.6,29,"hindu_temple, place_of_worship, association_or_organization, point_of_interest, establishment",19.0090561,73.10939680000001,localisy025950,ChIJrePUxvbp5zsRVazECAfOU6Y,photos\localisy19342_1.jpg,,,,,Religious & Spiritual,Temples,New Panvel
Shree Dutt Mandir,"2449+W46, Gurudwara Rd, Sector 5, New Panvel East, Panvel, Maharashtra 410206, India",,Panvel,Panvel,Maharashtra,410206,,4.2,12,"hindu_temple, place_of_worship, association_or_organization, point_of_interest, establishment",19.0072837,73.11775879999999,localisy025951,ChIJr7_w1k7o5zsRFu6eL9YtO0s,photos\localisy19344_1.jpg,,,,,Religious & Spiritual,Temples,New Panvel
Ambe Mata Temple,"242C+4QR, Sector 2, New Panvel East, Panvel, Maharashtra 410206, India",,Panvel,Panvel,Maharashtra,410206,,4.3,19,"hindu_temple, place_of_worship, association_or_organization, point_of_interest, establishment",19.0003655,73.12188859999999,localisy025952,ChIJjbSOwETo5zsRS-CqVDEMSsU,photos\localisy19345_1.jpg,,,,,Religious & Spiritual,Temples,New Panvel
Shree Vrindavan Baba Temple,"Shree vrindavan baba temple, next to St. Peters Mar Thoma Syrian Church, Sector 5A, Sector 6, New Panvel East, Panvel, Mumbai, Panvel, Maharashtra 410206, India",,Panvel,Panvel,Maharashtra,410206,,4.8,14,"hindu_temple, place_of_worship, association_or_organization, point_of_interest, establishment",19.0068086,73.11842709999999,localisy025953,ChIJzT0U3lTp5zsR0I0oSySEbL4,photos\localisy19347_1.jpg,,,,,Religious & Spiritual,Temples,New Panvel
Shree Jari Mari Aai Mandir,"Jari mari mandir, Sukapur, Guru Tegh Bahadur Nagar, Panvel, Palidevad, Maharashtra 410206, India",,Panvel,Panvel,Maharashtra,410206,,4.4,127,"hindu_temple, place_of_worship, association_or_organization, point_of_interest, establishment",18.9967293,73.1289177,localisy025954,ChIJA-nnKlzo5zsRQs0BdtVqlmI,photos\localisy19348_1.jpg,,,,,Religious & Spiritual,Temples,New Panvel
Vitthal Rakhumai Temple,"244C+X4C, Behind St. Joseph High School, Sector 7, New Panvel East, Panvel, Maharashtra 410206, India",,Panvel,Panvel,Maharashtra,410206,,4.2,10,"hindu_temple, place_of_worship, association_or_organization, point_of_interest, establishment",19.0074407,73.1202581,localisy025955,ChIJl5JmVU7o5zsRPb-AQZtD944,photos\localisy19350_1.jpg,,,,,Religious & Spiritual,Temples,New Panvel
MOHATADEVI MANDIR,"Plot No. 15 Sector-05/A, Sector 6, New Panvel East, Panvel, Maharashtra 410206, India",,Panvel,Panvel,Maharashtra,410206,9220403509,5,6,"hindu_temple, place_of_worship, association_or_organization, point_of_interest, establishment",19.0072185,73.1179575,localisy025956,ChIJ69eEBO3p5zsRHiynpHx41bg,photos\localisy19351_1.jpg,,,,,Religious & Spiritual,Temples,New Panvel
️ Shree Ganesh Mandir and market,"X4XF+657, SC Rd, Sector 19, New Panvel East, Panvel, Maharashtra 410206, India",,Panvel,Panvel,Maharashtra,410206,,4.7,25,"hindu_temple, place_of_worship, association_or_organization, point_of_interest, establishment",18.9980269,73.1229075,localisy025957,ChIJqaMjS0Po5zsRzYeYQfLWn5c,photos\localisy19352_1.jpg,,,,,Religious & Spiritual,Temples,New Panvel
Riddhi Siddhi Temple,"243C+4F3, Sector 8, New Panvel East, Panvel, Maharashtra 410206, India",,Panvel,Panvel,Maharashtra,410206,,4,1,"hindu_temple, place_of_worship, association_or_organization, point_of_interest, establishment",19.0027597,73.1211632,localisy025958,ChIJ_VNpgJbp5zsRsA9fnY3Dze0,,,,,,Religious & Spiritual,Temples,New Panvel
Santoshi Mata Mandir,"1, Sector 13, New Panvel East, Panvel, Maharashtra 410206, India",,Panvel,Panvel,Maharashtra,410206,,4.7,3,"hindu_temple, place_of_worship, association_or_organization, point_of_interest, establishment",18.9959649,73.1276525,localisy025959,ChIJ3YzyWQDp5zsRMTI1u0-idZc,photos\localisy19354_1.jpg,,,,,Religious & Spiritual,Temples,New Panvel
Jay Ambe Mandir,"242H+28C, Panvel Matheran Rd, Yamuna Kunj, Sector-10, New Panvel East, Panvel, Palidevad, Maharashtra 410206, India",,Panvel,Panvel,Maharashtra,410206,,5,2,"hindu_temple, place_of_worship, association_or_organization, point_of_interest, establishment",19.0000553,73.12825269999999,localisy025960,ChIJZ0qkNv_p5zsRHO7IvneSa2A,photos\localisy19355_1.jpg,,,,,Religious & Spiritual,Temples,New Panvel
Sai Mandir,"A/, 74, Sector-13, Sector 14, New Panvel East, Panvel, Maharashtra 410206, India",,Panvel,Panvel,Maharashtra,410206,,4.7,27,"hindu_temple, place_of_worship, association_or_organization, point_of_interest, establishment",18.9960017,73.1251599,localisy025961,ChIJlRXnAF3o5zsREe6LiCao_wk,photos\localisy19357_1.jpg,,,,,Religious & Spiritual,Temples,New Panvel
Akurli Dargah Masjid,"New, Panvel, Akurli, Maharashtra 410206, India",,Panvel,Panvel,Maharashtra,410206,,4.5,22,"mosque, place_of_worship, point_of_interest, association_or_organization, establishment",19.0011904,73.14336469999999,localisy025962,ChIJ9WcMfPHo5zsRDapkuD7LZ_s,photos\localisy19400_1.jpg,,,,,Religious & Spiritual,Mosques,New Panvel
St George's Church,"St George's Church, Plot No 18, New Panvel Flyover, Sector 19, New Panvel East, Panvel, Maharashtra 410206, India",,Panvel,Panvel,Maharashtra,410206,,,,"premise, street_address",18.9958311,73.1178912,localisy025963,ChIJASpD0kPo5zsRurQy0rAHSts,,,,,,Religious & Spiritual,Churches,New Panvel
Pandit Mahaveer Shastri,"Building No. 304, Haridwar BldgNo.3 CHS. Ltd., Sakshi Nagar, opp. MB Fitness Gym, Devad, New Panvel East, Shilottar Raichur, Maharashtra 410206, India",,Panvel,Panvel,Maharashtra,410206,,,,"point_of_interest, establishment",19.0019056,73.1339222,localisy025964,ChIJowtukVjo5zsRPxkR5dWYv_I,,,,,,Religious & Spiritual,Priests & Pandits,New Panvel
Hindu cremation Dundre villege,"26Q2+X5P, Dundarai, Maharashtra 410206, India",,Panvel,Panvel,Maharashtra,410206,,,,"service, point_of_interest, establishment",19.0397261,73.20031879999999,localisy025965,ChIJXd8x8W7v5zsRPcMg2uqgaRM,,,,,,Funeral Services,Cremation Services,New Panvel
